Reading pref.tcl

# 2021.2_1

# do ../do/sim_csr.do
# Compiling shared packages...
# QuestaSim vlog 2021.2_1 Compiler 2021.05 May 15 2021
# -- Compiling package shared_pkg
# 
# Top level modules:
# 	--none--
# QuestaSim vlog 2021.2_1 Compiler 2021.05 May 15 2021
# QuestaSim vlog 2021.2_1 Compiler 2021.05 May 15 2021
# -- Compiling package AXI_Assertions_sv_unit
# -- Importing package shared_pkg
# -- Compiling module AXI_Assertions
# 
# Top level modules:
# 	AXI_Assertions
# QuestaSim vlog 2021.2_1 Compiler 2021.05 May 15 2021
# -- Compiling package axi_interface_sv_unit
# -- Importing package shared_pkg
# -- Compiling interface axi_interface
# 
# Top level modules:
# 	--none--
# Compiling design modules - Pipeline stages...
# QuestaSim vlog 2021.2_1 Compiler 2021.05 May 15 2021
# -- Compiling package fetch_stage_sv_unit
# -- Importing package shared_pkg
# -- Compiling module fetch_stage
# 
# Top level modules:
# 	fetch_stage
# QuestaSim vlog 2021.2_1 Compiler 2021.05 May 15 2021
# -- Compiling package decode_stage_sv_unit
# -- Importing package shared_pkg
# -- Compiling module decode_stage
# 
# Top level modules:
# 	decode_stage
# QuestaSim vlog 2021.2_1 Compiler 2021.05 May 15 2021
# -- Compiling package execute_stage_sv_unit
# -- Importing package shared_pkg
# -- Compiling module execute_stage
# 
# Top level modules:
# 	execute_stage
# QuestaSim vlog 2021.2_1 Compiler 2021.05 May 15 2021
# -- Compiling package memory_stage_sv_unit
# -- Importing package shared_pkg
# -- Compiling module memory_stage
# 
# Top level modules:
# 	memory_stage
# QuestaSim vlog 2021.2_1 Compiler 2021.05 May 15 2021
# -- Compiling package wb_stage_sv_unit
# -- Importing package shared_pkg
# -- Compiling module wb_stage
# 
# Top level modules:
# 	wb_stage
# Compiling control units...
# QuestaSim vlog 2021.2_1 Compiler 2021.05 May 15 2021
# -- Compiling package risc_control_unit_sv_unit
# -- Importing package shared_pkg
# -- Compiling module risc_control_unit
# 
# Top level modules:
# 	risc_control_unit
# QuestaSim vlog 2021.2_1 Compiler 2021.05 May 15 2021
# -- Compiling package opcode_decoder_sv_unit
# -- Importing package shared_pkg
# -- Compiling module opcode_decoder
# 
# Top level modules:
# 	opcode_decoder
# QuestaSim vlog 2021.2_1 Compiler 2021.05 May 15 2021
# -- Compiling package alu_decoder_sv_unit
# -- Importing package shared_pkg
# -- Compiling module alu_decoder
# 
# Top level modules:
# 	alu_decoder
# QuestaSim vlog 2021.2_1 Compiler 2021.05 May 15 2021
# -- Compiling package fpu_decoder_sv_unit
# -- Importing package shared_pkg
# -- Compiling module fpu_decoder
# 
# Top level modules:
# 	fpu_decoder
# Compiling ALU components...
# QuestaSim vlog 2021.2_1 Compiler 2021.05 May 15 2021
# -- Compiling package risc_alu_sv_unit
# -- Importing package shared_pkg
# -- Compiling module risc_alu
# 
# Top level modules:
# 	risc_alu
# QuestaSim vlog 2021.2_1 Compiler 2021.05 May 15 2021
# -- Compiling package wallace_tree_sv_unit
# -- Importing package shared_pkg
# -- Compiling module wallace_tree
# 
# Top level modules:
# 	wallace_tree
# QuestaSim vlog 2021.2_1 Compiler 2021.05 May 15 2021
# -- Compiling module non_restoring_divider
# 
# Top level modules:
# 	non_restoring_divider
# QuestaSim vlog 2021.2_1 Compiler 2021.05 May 15 2021
# -- Compiling module lzc_wr
# -- Compiling module lzc
# ** Warning: ../../Design/lzc_wr.sv(134): (vlog-2583) [SVCHK] - Extra checking for conflicts with always_comb and always_latch variables is done at vopt time.
# ** Warning: ../../Design/lzc_wr.sv(140): (vlog-2583) [SVCHK] - Extra checking for conflicts with always_comb and always_latch variables is done at vopt time.
# 
# Top level modules:
# 	lzc_wr
# Compiling register files...
# QuestaSim vlog 2021.2_1 Compiler 2021.05 May 15 2021
# -- Compiling package risc_reg_file_sv_unit
# -- Importing package shared_pkg
# -- Compiling module risc_reg_file
# 
# Top level modules:
# 	risc_reg_file
# QuestaSim vlog 2021.2_1 Compiler 2021.05 May 15 2021
# -- Compiling package risc_mem_sv_unit
# -- Importing package shared_pkg
# -- Compiling module risc_mem
# 
# Top level modules:
# 	risc_mem
# QuestaSim vlog 2021.2_1 Compiler 2021.05 May 15 2021
# -- Compiling package fp_reg_file_sv_unit
# -- Importing package shared_pkg
# -- Compiling module fp_reg_file
# 
# Top level modules:
# 	fp_reg_file
# Compiling memory modules...
# QuestaSim vlog 2021.2_1 Compiler 2021.05 May 15 2021
# -- Compiling package risc_instruction_memory_sv_unit
# -- Importing package shared_pkg
# -- Compiling module risc_instruction_memory
# 
# Top level modules:
# 	risc_instruction_memory
# QuestaSim vlog 2021.2_1 Compiler 2021.05 May 15 2021
# -- Compiling package risc_data_memory_sv_unit
# -- Importing package shared_pkg
# -- Compiling module risc_data_memory
# 
# Top level modules:
# 	risc_data_memory
# QuestaSim vlog 2021.2_1 Compiler 2021.05 May 15 2021
# -- Compiling package cache_sv_unit
# -- Importing package shared_pkg
# -- Compiling module cache
# ** Warning: ../../Design/cache.sv(225): (vlog-2583) [SVCHK] - Extra checking for conflicts with always_comb and always_latch variables is done at vopt time.
# ** Warning: ../../Design/cache.sv(229): (vlog-2583) [SVCHK] - Extra checking for conflicts with always_comb and always_latch variables is done at vopt time.
# ** Warning: ../../Design/cache.sv(233): (vlog-2583) [SVCHK] - Extra checking for conflicts with always_comb and always_latch variables is done at vopt time.
# ** Warning: ../../Design/cache.sv(238): (vlog-2583) [SVCHK] - Extra checking for conflicts with always_comb and always_latch variables is done at vopt time.
# ** Warning: ../../Design/cache.sv(246): (vlog-2583) [SVCHK] - Extra checking for conflicts with always_comb and always_latch variables is done at vopt time.
# ** Warning: ../../Design/cache.sv(250): (vlog-2583) [SVCHK] - Extra checking for conflicts with always_comb and always_latch variables is done at vopt time.
# ** Warning: ../../Design/cache.sv(254): (vlog-2583) [SVCHK] - Extra checking for conflicts with always_comb and always_latch variables is done at vopt time.
# ** Warning: ../../Design/cache.sv(258): (vlog-2583) [SVCHK] - Extra checking for conflicts with always_comb and always_latch variables is done at vopt time.
# ** Warning: ../../Design/cache.sv(270): (vlog-2583) [SVCHK] - Extra checking for conflicts with always_comb and always_latch variables is done at vopt time.
# ** Warning: ../../Design/cache.sv(274): (vlog-2583) [SVCHK] - Extra checking for conflicts with always_comb and always_latch variables is done at vopt time.
# ** Warning: ../../Design/cache.sv(278): (vlog-2583) [SVCHK] - Extra checking for conflicts with always_comb and always_latch variables is done at vopt time.
# ** Warning: ../../Design/cache.sv(283): (vlog-2583) [SVCHK] - Extra checking for conflicts with always_comb and always_latch variables is done at vopt time.
# ** Warning: ../../Design/cache.sv(289): (vlog-2583) [SVCHK] - Extra checking for conflicts with always_comb and always_latch variables is done at vopt time.
# ** Warning: ../../Design/cache.sv(290): (vlog-2583) [SVCHK] - Extra checking for conflicts with always_comb and always_latch variables is done at vopt time.
# ** Warning: ../../Design/cache.sv(290): (vlog-2583) [SVCHK] - Extra checking for conflicts with always_comb and always_latch variables is done at vopt time.
# ** Warning: ../../Design/cache.sv(296): (vlog-2583) [SVCHK] - Extra checking for conflicts with always_comb and always_latch variables is done at vopt time.
# ** Warning: ../../Design/cache.sv(300): (vlog-2583) [SVCHK] - Extra checking for conflicts with always_comb and always_latch variables is done at vopt time.
# ** Warning: ../../Design/cache.sv(305): (vlog-2583) [SVCHK] - Extra checking for conflicts with always_comb and always_latch variables is done at vopt time.
# ** Warning: ../../Design/cache.sv(338): (vlog-2583) [SVCHK] - Extra checking for conflicts with always_comb and always_latch variables is done at vopt time.
# ** Warning: ../../Design/cache.sv(339): (vlog-2583) [SVCHK] - Extra checking for conflicts with always_comb and always_latch variables is done at vopt time.
# ** Warning: ../../Design/cache.sv(339): (vlog-2583) [SVCHK] - Extra checking for conflicts with always_comb and always_latch variables is done at vopt time.
# ** Warning: ../../Design/cache.sv(342): (vlog-2583) [SVCHK] - Extra checking for conflicts with always_comb and always_latch variables is done at vopt time.
# ** Warning: ../../Design/cache.sv(468): (vlog-2583) [SVCHK] - Extra checking for conflicts with always_comb and always_latch variables is done at vopt time.
# ** Warning: ../../Design/cache.sv(469): (vlog-2583) [SVCHK] - Extra checking for conflicts with always_comb and always_latch variables is done at vopt time.
# ** Warning: ../../Design/cache.sv(470): (vlog-2583) [SVCHK] - Extra checking for conflicts with always_comb and always_latch variables is done at vopt time.
# ** Warning: ../../Design/cache.sv(471): (vlog-2583) [SVCHK] - Extra checking for conflicts with always_comb and always_latch variables is done at vopt time.
# ** Warning: ../../Design/cache.sv(472): (vlog-2583) [SVCHK] - Extra checking for conflicts with always_comb and always_latch variables is done at vopt time.
# ** Warning: ../../Design/cache.sv(473): (vlog-2583) [SVCHK] - Extra checking for conflicts with always_comb and always_latch variables is done at vopt time.
# ** Warning: ../../Design/cache.sv(474): (vlog-2583) [SVCHK] - Extra checking for conflicts with always_comb and always_latch variables is done at vopt time.
# ** Warning: ../../Design/cache.sv(475): (vlog-2583) [SVCHK] - Extra checking for conflicts with always_comb and always_latch variables is done at vopt time.
# ** Warning: ../../Design/cache.sv(476): (vlog-2583) [SVCHK] - Extra checking for conflicts with always_comb and always_latch variables is done at vopt time.
# ** Warning: ../../Design/cache.sv(477): (vlog-2583) [SVCHK] - Extra checking for conflicts with always_comb and always_latch variables is done at vopt time.
# ** Warning: ../../Design/cache.sv(478): (vlog-2583) [SVCHK] - Extra checking for conflicts with always_comb and always_latch variables is done at vopt time.
# ** Warning: ../../Design/cache.sv(479): (vlog-2583) [SVCHK] - Extra checking for conflicts with always_comb and always_latch variables is done at vopt time.
# ** Warning: ../../Design/cache.sv(480): (vlog-2583) [SVCHK] - Extra checking for conflicts with always_comb and always_latch variables is done at vopt time.
# ** Warning: ../../Design/cache.sv(481): (vlog-2583) [SVCHK] - Extra checking for conflicts with always_comb and always_latch variables is done at vopt time.
# ** Warning: ../../Design/cache.sv(482): (vlog-2583) [SVCHK] - Extra checking for conflicts with always_comb and always_latch variables is done at vopt time.
# ** Warning: ../../Design/cache.sv(483): (vlog-2583) [SVCHK] - Extra checking for conflicts with always_comb and always_latch variables is done at vopt time.
# ** Warning: ../../Design/cache.sv(484): (vlog-2583) [SVCHK] - Extra checking for conflicts with always_comb and always_latch variables is done at vopt time.
# ** Warning: ../../Design/cache.sv(485): (vlog-2583) [SVCHK] - Extra checking for conflicts with always_comb and always_latch variables is done at vopt time.
# ** Warning: ../../Design/cache.sv(486): (vlog-2583) [SVCHK] - Extra checking for conflicts with always_comb and always_latch variables is done at vopt time.
# ** Warning: ../../Design/cache.sv(487): (vlog-2583) [SVCHK] - Extra checking for conflicts with always_comb and always_latch variables is done at vopt time.
# ** Warning: ../../Design/cache.sv(488): (vlog-2583) [SVCHK] - Extra checking for conflicts with always_comb and always_latch variables is done at vopt time.
# ** Warning: ../../Design/cache.sv(489): (vlog-2583) [SVCHK] - Extra checking for conflicts with always_comb and always_latch variables is done at vopt time.
# ** Warning: ../../Design/cache.sv(490): (vlog-2583) [SVCHK] - Extra checking for conflicts with always_comb and always_latch variables is done at vopt time.
# ** Warning: ../../Design/cache.sv(497): (vlog-2583) [SVCHK] - Extra checking for conflicts with always_comb and always_latch variables is done at vopt time.
# ** Warning: ../../Design/cache.sv(498): (vlog-2583) [SVCHK] - Extra checking for conflicts with always_comb and always_latch variables is done at vopt time.
# ** Warning: ../../Design/cache.sv(499): (vlog-2583) [SVCHK] - Extra checking for conflicts with always_comb and always_latch variables is done at vopt time.
# ** Warning: ../../Design/cache.sv(500): (vlog-2583) [SVCHK] - Extra checking for conflicts with always_comb and always_latch variables is done at vopt time.
# ** Warning: ../../Design/cache.sv(501): (vlog-2583) [SVCHK] - Extra checking for conflicts with always_comb and always_latch variables is done at vopt time.
# ** Warning: ../../Design/cache.sv(502): (vlog-2583) [SVCHK] - Extra checking for conflicts with always_comb and always_latch variables is done at vopt time.
# ** Warning: ../../Design/cache.sv(503): (vlog-2583) [SVCHK] - Extra checking for conflicts with always_comb and always_latch variables is done at vopt time.
# ** Warning: ../../Design/cache.sv(504): (vlog-2583) [SVCHK] - Extra checking for conflicts with always_comb and always_latch variables is done at vopt time.
# ** Warning: ../../Design/cache.sv(505): (vlog-2583) [SVCHK] - Extra checking for conflicts with always_comb and always_latch variables is done at vopt time.
# ** Warning: ../../Design/cache.sv(506): (vlog-2583) [SVCHK] - Extra checking for conflicts with always_comb and always_latch variables is done at vopt time.
# ** Warning: ../../Design/cache.sv(507): (vlog-2583) [SVCHK] - Extra checking for conflicts with always_comb and always_latch variables is done at vopt time.
# ** Warning: ../../Design/cache.sv(508): (vlog-2583) [SVCHK] - Extra checking for conflicts with always_comb and always_latch variables is done at vopt time.
# ** Warning: ../../Design/cache.sv(509): (vlog-2583) [SVCHK] - Extra checking for conflicts with always_comb and always_latch variables is done at vopt time.
# ** Warning: ../../Design/cache.sv(510): (vlog-2583) [SVCHK] - Extra checking for conflicts with always_comb and always_latch variables is done at vopt time.
# ** Warning: ../../Design/cache.sv(511): (vlog-2583) [SVCHK] - Extra checking for conflicts with always_comb and always_latch variables is done at vopt time.
# ** Warning: ../../Design/cache.sv(512): (vlog-2583) [SVCHK] - Extra checking for conflicts with always_comb and always_latch variables is done at vopt time.
# ** Warning: ../../Design/cache.sv(513): (vlog-2583) [SVCHK] - Extra checking for conflicts with always_comb and always_latch variables is done at vopt time.
# ** Warning: ../../Design/cache.sv(514): (vlog-2583) [SVCHK] - Extra checking for conflicts with always_comb and always_latch variables is done at vopt time.
# ** Warning: ../../Design/cache.sv(515): (vlog-2583) [SVCHK] - Extra checking for conflicts with always_comb and always_latch variables is done at vopt time.
# ** Warning: ../../Design/cache.sv(519): (vlog-2583) [SVCHK] - Extra checking for conflicts with always_comb and always_latch variables is done at vopt time.
# ** Warning: ../../Design/cache.sv(520): (vlog-2583) [SVCHK] - Extra checking for conflicts with always_comb and always_latch variables is done at vopt time.
# ** Warning: ../../Design/cache.sv(521): (vlog-2583) [SVCHK] - Extra checking for conflicts with always_comb and always_latch variables is done at vopt time.
# ** Warning: ../../Design/cache.sv(522): (vlog-2583) [SVCHK] - Extra checking for conflicts with always_comb and always_latch variables is done at vopt time.
# ** Warning: ../../Design/cache.sv(523): (vlog-2583) [SVCHK] - Extra checking for conflicts with always_comb and always_latch variables is done at vopt time.
# ** Warning: ../../Design/cache.sv(524): (vlog-2583) [SVCHK] - Extra checking for conflicts with always_comb and always_latch variables is done at vopt time.
# ** Warning: ../../Design/cache.sv(525): (vlog-2583) [SVCHK] - Extra checking for conflicts with always_comb and always_latch variables is done at vopt time.
# ** Warning: ../../Design/cache.sv(526): (vlog-2583) [SVCHK] - Extra checking for conflicts with always_comb and always_latch variables is done at vopt time.
# ** Warning: ../../Design/cache.sv(527): (vlog-2583) [SVCHK] - Extra checking for conflicts with always_comb and always_latch variables is done at vopt time.
# ** Warning: ../../Design/cache.sv(528): (vlog-2583) [SVCHK] - Extra checking for conflicts with always_comb and always_latch variables is done at vopt time.
# ** Warning: ../../Design/cache.sv(529): (vlog-2583) [SVCHK] - Extra checking for conflicts with always_comb and always_latch variables is done at vopt time.
# ** Warning: ../../Design/cache.sv(530): (vlog-2583) [SVCHK] - Extra checking for conflicts with always_comb and always_latch variables is done at vopt time.
# ** Warning: ../../Design/cache.sv(531): (vlog-2583) [SVCHK] - Extra checking for conflicts with always_comb and always_latch variables is done at vopt time.
# ** Warning: ../../Design/cache.sv(532): (vlog-2583) [SVCHK] - Extra checking for conflicts with always_comb and always_latch variables is done at vopt time.
# ** Warning: ../../Design/cache.sv(533): (vlog-2583) [SVCHK] - Extra checking for conflicts with always_comb and always_latch variables is done at vopt time.
# ** Warning: ../../Design/cache.sv(534): (vlog-2583) [SVCHK] - Extra checking for conflicts with always_comb and always_latch variables is done at vopt time.
# ** Warning: ../../Design/cache.sv(535): (vlog-2583) [SVCHK] - Extra checking for conflicts with always_comb and always_latch variables is done at vopt time.
# ** Warning: ../../Design/cache.sv(536): (vlog-2583) [SVCHK] - Extra checking for conflicts with always_comb and always_latch variables is done at vopt time.
# ** Warning: ../../Design/cache.sv(537): (vlog-2583) [SVCHK] - Extra checking for conflicts with always_comb and always_latch variables is done at vopt time.
# ** Warning: ../../Design/cache.sv(538): (vlog-2583) [SVCHK] - Extra checking for conflicts with always_comb and always_latch variables is done at vopt time.
# ** Warning: ../../Design/cache.sv(545): (vlog-2583) [SVCHK] - Extra checking for conflicts with always_comb and always_latch variables is done at vopt time.
# ** Warning: ../../Design/cache.sv(546): (vlog-2583) [SVCHK] - Extra checking for conflicts with always_comb and always_latch variables is done at vopt time.
# ** Warning: ../../Design/cache.sv(547): (vlog-2583) [SVCHK] - Extra checking for conflicts with always_comb and always_latch variables is done at vopt time.
# ** Warning: ../../Design/cache.sv(548): (vlog-2583) [SVCHK] - Extra checking for conflicts with always_comb and always_latch variables is done at vopt time.
# ** Warning: ../../Design/cache.sv(549): (vlog-2583) [SVCHK] - Extra checking for conflicts with always_comb and always_latch variables is done at vopt time.
# ** Warning: ../../Design/cache.sv(550): (vlog-2583) [SVCHK] - Extra checking for conflicts with always_comb and always_latch variables is done at vopt time.
# ** Warning: ../../Design/cache.sv(551): (vlog-2583) [SVCHK] - Extra checking for conflicts with always_comb and always_latch variables is done at vopt time.
# ** Warning: ../../Design/cache.sv(552): (vlog-2583) [SVCHK] - Extra checking for conflicts with always_comb and always_latch variables is done at vopt time.
# ** Warning: ../../Design/cache.sv(553): (vlog-2583) [SVCHK] - Extra checking for conflicts with always_comb and always_latch variables is done at vopt time.
# ** Warning: ../../Design/cache.sv(554): (vlog-2583) [SVCHK] - Extra checking for conflicts with always_comb and always_latch variables is done at vopt time.
# ** Warning: ../../Design/cache.sv(566): (vlog-2583) [SVCHK] - Extra checking for conflicts with always_comb and always_latch variables is done at vopt time.
# ** Warning: ../../Design/cache.sv(570): (vlog-2583) [SVCHK] - Extra checking for conflicts with always_comb and always_latch variables is done at vopt time.
# ** Warning: ../../Design/cache.sv(574): (vlog-2583) [SVCHK] - Extra checking for conflicts with always_comb and always_latch variables is done at vopt time.
# ** Warning: ../../Design/cache.sv(578): (vlog-2583) [SVCHK] - Extra checking for conflicts with always_comb and always_latch variables is done at vopt time.
# ** Warning: ../../Design/cache.sv(580): (vlog-2583) [SVCHK] - Extra checking for conflicts with always_comb and always_latch variables is done at vopt time.
# ** Warning: ../../Design/cache.sv(585): (vlog-2583) [SVCHK] - Extra checking for conflicts with always_comb and always_latch variables is done at vopt time.
# ** Warning: ../../Design/cache.sv(586): (vlog-2583) [SVCHK] - Extra checking for conflicts with always_comb and always_latch variables is done at vopt time.
# ** Warning: ../../Design/cache.sv(588): (vlog-2583) [SVCHK] - Extra checking for conflicts with always_comb and always_latch variables is done at vopt time.
# ** Warning: ../../Design/cache.sv(589): (vlog-2583) [SVCHK] - Extra checking for conflicts with always_comb and always_latch variables is done at vopt time.
# ** Warning: ../../Design/cache.sv(599): (vlog-2583) [SVCHK] - Extra checking for conflicts with always_comb and always_latch variables is done at vopt time.
# ** Warning: ../../Design/cache.sv(603): (vlog-2583) [SVCHK] - Extra checking for conflicts with always_comb and always_latch variables is done at vopt time.
# ** Warning: ../../Design/cache.sv(607): (vlog-2583) [SVCHK] - Extra checking for conflicts with always_comb and always_latch variables is done at vopt time.
# ** Warning: ../../Design/cache.sv(611): (vlog-2583) [SVCHK] - Extra checking for conflicts with always_comb and always_latch variables is done at vopt time.
# ** Warning: ../../Design/cache.sv(613): (vlog-2583) [SVCHK] - Extra checking for conflicts with always_comb and always_latch variables is done at vopt time.
# ** Warning: ../../Design/cache.sv(619): (vlog-2583) [SVCHK] - Extra checking for conflicts with always_comb and always_latch variables is done at vopt time.
# ** Warning: ../../Design/cache.sv(620): (vlog-2583) [SVCHK] - Extra checking for conflicts with always_comb and always_latch variables is done at vopt time.
# ** Warning: ../../Design/cache.sv(622): (vlog-2583) [SVCHK] - Extra checking for conflicts with always_comb and always_latch variables is done at vopt time.
# ** Warning: ../../Design/cache.sv(623): (vlog-2583) [SVCHK] - Extra checking for conflicts with always_comb and always_latch variables is done at vopt time.
# ** Warning: ../../Design/cache.sv(624): (vlog-2583) [SVCHK] - Extra checking for conflicts with always_comb and always_latch variables is done at vopt time.
# ** Warning: ../../Design/cache.sv(625): (vlog-2583) [SVCHK] - Extra checking for conflicts with always_comb and always_latch variables is done at vopt time.
# ** Warning: ../../Design/cache.sv(626): (vlog-2583) [SVCHK] - Extra checking for conflicts with always_comb and always_latch variables is done at vopt time.
# ** Warning: ../../Design/cache.sv(627): (vlog-2583) [SVCHK] - Extra checking for conflicts with always_comb and always_latch variables is done at vopt time.
# ** Warning: ../../Design/cache.sv(628): (vlog-2583) [SVCHK] - Extra checking for conflicts with always_comb and always_latch variables is done at vopt time.
# ** Warning: ../../Design/cache.sv(629): (vlog-2583) [SVCHK] - Extra checking for conflicts with always_comb and always_latch variables is done at vopt time.
# ** Warning: ../../Design/cache.sv(632): (vlog-2583) [SVCHK] - Extra checking for conflicts with always_comb and always_latch variables is done at vopt time.
# ** Warning: ../../Design/cache.sv(662): (vlog-2583) [SVCHK] - Extra checking for conflicts with always_comb and always_latch variables is done at vopt time.
# ** Warning: ../../Design/cache.sv(663): (vlog-2583) [SVCHK] - Extra checking for conflicts with always_comb and always_latch variables is done at vopt time.
# ** Warning: ../../Design/cache.sv(664): (vlog-2583) [SVCHK] - Extra checking for conflicts with always_comb and always_latch variables is done at vopt time.
# ** Warning: ../../Design/cache.sv(665): (vlog-2583) [SVCHK] - Extra checking for conflicts with always_comb and always_latch variables is done at vopt time.
# ** Warning: ../../Design/cache.sv(666): (vlog-2583) [SVCHK] - Extra checking for conflicts with always_comb and always_latch variables is done at vopt time.
# ** Warning: ../../Design/cache.sv(667): (vlog-2583) [SVCHK] - Extra checking for conflicts with always_comb and always_latch variables is done at vopt time.
# ** Warning: ../../Design/cache.sv(668): (vlog-2583) [SVCHK] - Extra checking for conflicts with always_comb and always_latch variables is done at vopt time.
# ** Warning: ../../Design/cache.sv(669): (vlog-2583) [SVCHK] - Extra checking for conflicts with always_comb and always_latch variables is done at vopt time.
# ** Warning: ../../Design/cache.sv(670): (vlog-2583) [SVCHK] - Extra checking for conflicts with always_comb and always_latch variables is done at vopt time.
# ** Warning: ../../Design/cache.sv(671): (vlog-2583) [SVCHK] - Extra checking for conflicts with always_comb and always_latch variables is done at vopt time.
# ** Warning: ../../Design/cache.sv(672): (vlog-2583) [SVCHK] - Extra checking for conflicts with always_comb and always_latch variables is done at vopt time.
# ** Warning: ../../Design/cache.sv(673): (vlog-2583) [SVCHK] - Extra checking for conflicts with always_comb and always_latch variables is done at vopt time.
# ** Warning: ../../Design/cache.sv(674): (vlog-2583) [SVCHK] - Extra checking for conflicts with always_comb and always_latch variables is done at vopt time.
# ** Warning: ../../Design/cache.sv(675): (vlog-2583) [SVCHK] - Extra checking for conflicts with always_comb and always_latch variables is done at vopt time.
# ** Warning: ../../Design/cache.sv(676): (vlog-2583) [SVCHK] - Extra checking for conflicts with always_comb and always_latch variables is done at vopt time.
# ** Warning: ../../Design/cache.sv(677): (vlog-2583) [SVCHK] - Extra checking for conflicts with always_comb and always_latch variables is done at vopt time.
# ** Warning: ../../Design/cache.sv(678): (vlog-2583) [SVCHK] - Extra checking for conflicts with always_comb and always_latch variables is done at vopt time.
# ** Warning: ../../Design/cache.sv(679): (vlog-2583) [SVCHK] - Extra checking for conflicts with always_comb and always_latch variables is done at vopt time.
# ** Warning: ../../Design/cache.sv(680): (vlog-2583) [SVCHK] - Extra checking for conflicts with always_comb and always_latch variables is done at vopt time.
# ** Warning: ../../Design/cache.sv(681): (vlog-2583) [SVCHK] - Extra checking for conflicts with always_comb and always_latch variables is done at vopt time.
# ** Warning: ../../Design/cache.sv(682): (vlog-2583) [SVCHK] - Extra checking for conflicts with always_comb and always_latch variables is done at vopt time.
# ** Warning: ../../Design/cache.sv(683): (vlog-2583) [SVCHK] - Extra checking for conflicts with always_comb and always_latch variables is done at vopt time.
# ** Warning: ../../Design/cache.sv(684): (vlog-2583) [SVCHK] - Extra checking for conflicts with always_comb and always_latch variables is done at vopt time.
# ** Warning: ../../Design/cache.sv(685): (vlog-2583) [SVCHK] - Extra checking for conflicts with always_comb and always_latch variables is done at vopt time.
# ** Warning: ../../Design/cache.sv(690): (vlog-2583) [SVCHK] - Extra checking for conflicts with always_comb and always_latch variables is done at vopt time.
# ** Warning: ../../Design/cache.sv(697): (vlog-2583) [SVCHK] - Extra checking for conflicts with always_comb and always_latch variables is done at vopt time.
# ** Warning: ../../Design/cache.sv(698): (vlog-2583) [SVCHK] - Extra checking for conflicts with always_comb and always_latch variables is done at vopt time.
# ** Warning: ../../Design/cache.sv(699): (vlog-2583) [SVCHK] - Extra checking for conflicts with always_comb and always_latch variables is done at vopt time.
# ** Warning: ../../Design/cache.sv(700): (vlog-2583) [SVCHK] - Extra checking for conflicts with always_comb and always_latch variables is done at vopt time.
# ** Warning: ../../Design/cache.sv(701): (vlog-2583) [SVCHK] - Extra checking for conflicts with always_comb and always_latch variables is done at vopt time.
# ** Warning: ../../Design/cache.sv(702): (vlog-2583) [SVCHK] - Extra checking for conflicts with always_comb and always_latch variables is done at vopt time.
# ** Warning: ../../Design/cache.sv(703): (vlog-2583) [SVCHK] - Extra checking for conflicts with always_comb and always_latch variables is done at vopt time.
# ** Warning: ../../Design/cache.sv(704): (vlog-2583) [SVCHK] - Extra checking for conflicts with always_comb and always_latch variables is done at vopt time.
# ** Warning: ../../Design/cache.sv(705): (vlog-2583) [SVCHK] - Extra checking for conflicts with always_comb and always_latch variables is done at vopt time.
# ** Warning: ../../Design/cache.sv(709): (vlog-2583) [SVCHK] - Extra checking for conflicts with always_comb and always_latch variables is done at vopt time.
# ** Warning: ../../Design/cache.sv(710): (vlog-2583) [SVCHK] - Extra checking for conflicts with always_comb and always_latch variables is done at vopt time.
# ** Warning: ../../Design/cache.sv(711): (vlog-2583) [SVCHK] - Extra checking for conflicts with always_comb and always_latch variables is done at vopt time.
# ** Warning: ../../Design/cache.sv(712): (vlog-2583) [SVCHK] - Extra checking for conflicts with always_comb and always_latch variables is done at vopt time.
# ** Warning: ../../Design/cache.sv(713): (vlog-2583) [SVCHK] - Extra checking for conflicts with always_comb and always_latch variables is done at vopt time.
# ** Warning: ../../Design/cache.sv(714): (vlog-2583) [SVCHK] - Extra checking for conflicts with always_comb and always_latch variables is done at vopt time.
# ** Warning: ../../Design/cache.sv(715): (vlog-2583) [SVCHK] - Extra checking for conflicts with always_comb and always_latch variables is done at vopt time.
# ** Warning: ../../Design/cache.sv(716): (vlog-2583) [SVCHK] - Extra checking for conflicts with always_comb and always_latch variables is done at vopt time.
# ** Warning: ../../Design/cache.sv(724): (vlog-2583) [SVCHK] - Extra checking for conflicts with always_comb and always_latch variables is done at vopt time.
# ** Warning: ../../Design/cache.sv(725): (vlog-2583) [SVCHK] - Extra checking for conflicts with always_comb and always_latch variables is done at vopt time.
# ** Warning: ../../Design/cache.sv(726): (vlog-2583) [SVCHK] - Extra checking for conflicts with always_comb and always_latch variables is done at vopt time.
# ** Warning: ../../Design/cache.sv(729): (vlog-2583) [SVCHK] - Extra checking for conflicts with always_comb and always_latch variables is done at vopt time.
# ** Warning: ../../Design/cache.sv(730): (vlog-2583) [SVCHK] - Extra checking for conflicts with always_comb and always_latch variables is done at vopt time.
# ** Warning: ../../Design/cache.sv(731): (vlog-2583) [SVCHK] - Extra checking for conflicts with always_comb and always_latch variables is done at vopt time.
# ** Warning: ../../Design/cache.sv(732): (vlog-2583) [SVCHK] - Extra checking for conflicts with always_comb and always_latch variables is done at vopt time.
# ** Warning: ../../Design/cache.sv(733): (vlog-2583) [SVCHK] - Extra checking for conflicts with always_comb and always_latch variables is done at vopt time.
# ** Warning: ../../Design/cache.sv(734): (vlog-2583) [SVCHK] - Extra checking for conflicts with always_comb and always_latch variables is done at vopt time.
# ** Warning: ../../Design/cache.sv(738): (vlog-2583) [SVCHK] - Extra checking for conflicts with always_comb and always_latch variables is done at vopt time.
# ** Warning: ../../Design/cache.sv(739): (vlog-2583) [SVCHK] - Extra checking for conflicts with always_comb and always_latch variables is done at vopt time.
# ** Warning: ../../Design/cache.sv(740): (vlog-2583) [SVCHK] - Extra checking for conflicts with always_comb and always_latch variables is done at vopt time.
# ** Warning: ../../Design/cache.sv(741): (vlog-2583) [SVCHK] - Extra checking for conflicts with always_comb and always_latch variables is done at vopt time.
# ** Warning: ../../Design/cache.sv(742): (vlog-2583) [SVCHK] - Extra checking for conflicts with always_comb and always_latch variables is done at vopt time.
# ** Warning: ../../Design/cache.sv(743): (vlog-2583) [SVCHK] - Extra checking for conflicts with always_comb and always_latch variables is done at vopt time.
# ** Warning: ../../Design/cache.sv(744): (vlog-2583) [SVCHK] - Extra checking for conflicts with always_comb and always_latch variables is done at vopt time.
# ** Warning: ../../Design/cache.sv(745): (vlog-2583) [SVCHK] - Extra checking for conflicts with always_comb and always_latch variables is done at vopt time.
# ** Warning: ../../Design/cache.sv(751): (vlog-2583) [SVCHK] - Extra checking for conflicts with always_comb and always_latch variables is done at vopt time.
# ** Warning: ../../Design/cache.sv(752): (vlog-2583) [SVCHK] - Extra checking for conflicts with always_comb and always_latch variables is done at vopt time.
# ** Warning: ../../Design/cache.sv(753): (vlog-2583) [SVCHK] - Extra checking for conflicts with always_comb and always_latch variables is done at vopt time.
# ** Warning: ../../Design/cache.sv(754): (vlog-2583) [SVCHK] - Extra checking for conflicts with always_comb and always_latch variables is done at vopt time.
# ** Warning: ../../Design/cache.sv(755): (vlog-2583) [SVCHK] - Extra checking for conflicts with always_comb and always_latch variables is done at vopt time.
# ** Warning: ../../Design/cache.sv(756): (vlog-2583) [SVCHK] - Extra checking for conflicts with always_comb and always_latch variables is done at vopt time.
# ** Warning: ../../Design/cache.sv(757): (vlog-2583) [SVCHK] - Extra checking for conflicts with always_comb and always_latch variables is done at vopt time.
# ** Warning: ../../Design/cache.sv(759): (vlog-2583) [SVCHK] - Extra checking for conflicts with always_comb and always_latch variables is done at vopt time.
# ** Warning: ../../Design/cache.sv(760): (vlog-2583) [SVCHK] - Extra checking for conflicts with always_comb and always_latch variables is done at vopt time.
# ** Warning: ../../Design/cache.sv(761): (vlog-2583) [SVCHK] - Extra checking for conflicts with always_comb and always_latch variables is done at vopt time.
# ** Warning: ../../Design/cache.sv(762): (vlog-2583) [SVCHK] - Extra checking for conflicts with always_comb and always_latch variables is done at vopt time.
# ** Warning: ../../Design/cache.sv(763): (vlog-2583) [SVCHK] - Extra checking for conflicts with always_comb and always_latch variables is done at vopt time.
# ** Warning: ../../Design/cache.sv(764): (vlog-2583) [SVCHK] - Extra checking for conflicts with always_comb and always_latch variables is done at vopt time.
# ** Warning: ../../Design/cache.sv(765): (vlog-2583) [SVCHK] - Extra checking for conflicts with always_comb and always_latch variables is done at vopt time.
# ** Warning: ../../Design/cache.sv(766): (vlog-2583) [SVCHK] - Extra checking for conflicts with always_comb and always_latch variables is done at vopt time.
# ** Warning: ../../Design/cache.sv(767): (vlog-2583) [SVCHK] - Extra checking for conflicts with always_comb and always_latch variables is done at vopt time.
# ** Warning: ../../Design/cache.sv(769): (vlog-2583) [SVCHK] - Extra checking for conflicts with always_comb and always_latch variables is done at vopt time.
# ** Warning: ../../Design/cache.sv(770): (vlog-2583) [SVCHK] - Extra checking for conflicts with always_comb and always_latch variables is done at vopt time.
# ** Warning: ../../Design/cache.sv(773): (vlog-2583) [SVCHK] - Extra checking for conflicts with always_comb and always_latch variables is done at vopt time.
# ** Warning: ../../Design/cache.sv(774): (vlog-2583) [SVCHK] - Extra checking for conflicts with always_comb and always_latch variables is done at vopt time.
# ** Warning: ../../Design/cache.sv(778): (vlog-2583) [SVCHK] - Extra checking for conflicts with always_comb and always_latch variables is done at vopt time.
# ** Warning: ../../Design/cache.sv(779): (vlog-2583) [SVCHK] - Extra checking for conflicts with always_comb and always_latch variables is done at vopt time.
# ** Warning: ../../Design/cache.sv(788): (vlog-2583) [SVCHK] - Extra checking for conflicts with always_comb and always_latch variables is done at vopt time.
# ** Warning: ../../Design/cache.sv(789): (vlog-2583) [SVCHK] - Extra checking for conflicts with always_comb and always_latch variables is done at vopt time.
# ** Warning: ../../Design/cache.sv(790): (vlog-2583) [SVCHK] - Extra checking for conflicts with always_comb and always_latch variables is done at vopt time.
# ** Warning: ../../Design/cache.sv(791): (vlog-2583) [SVCHK] - Extra checking for conflicts with always_comb and always_latch variables is done at vopt time.
# ** Warning: ../../Design/cache.sv(792): (vlog-2583) [SVCHK] - Extra checking for conflicts with always_comb and always_latch variables is done at vopt time.
# ** Warning: ../../Design/cache.sv(793): (vlog-2583) [SVCHK] - Extra checking for conflicts with always_comb and always_latch variables is done at vopt time.
# ** Warning: ../../Design/cache.sv(794): (vlog-2583) [SVCHK] - Extra checking for conflicts with always_comb and always_latch variables is done at vopt time.
# ** Warning: ../../Design/cache.sv(795): (vlog-2583) [SVCHK] - Extra checking for conflicts with always_comb and always_latch variables is done at vopt time.
# ** Warning: ../../Design/cache.sv(799): (vlog-2583) [SVCHK] - Extra checking for conflicts with always_comb and always_latch variables is done at vopt time.
# ** Warning: ../../Design/cache.sv(800): (vlog-2583) [SVCHK] - Extra checking for conflicts with always_comb and always_latch variables is done at vopt time.
# ** Warning: ../../Design/cache.sv(801): (vlog-2583) [SVCHK] - Extra checking for conflicts with always_comb and always_latch variables is done at vopt time.
# ** Warning: ../../Design/cache.sv(802): (vlog-2583) [SVCHK] - Extra checking for conflicts with always_comb and always_latch variables is done at vopt time.
# ** Warning: ../../Design/cache.sv(803): (vlog-2583) [SVCHK] - Extra checking for conflicts with always_comb and always_latch variables is done at vopt time.
# ** Warning: ../../Design/cache.sv(804): (vlog-2583) [SVCHK] - Extra checking for conflicts with always_comb and always_latch variables is done at vopt time.
# ** Warning: ../../Design/cache.sv(805): (vlog-2583) [SVCHK] - Extra checking for conflicts with always_comb and always_latch variables is done at vopt time.
# ** Warning: ../../Design/cache.sv(806): (vlog-2583) [SVCHK] - Extra checking for conflicts with always_comb and always_latch variables is done at vopt time.
# ** Warning: ../../Design/cache.sv(807): (vlog-2583) [SVCHK] - Extra checking for conflicts with always_comb and always_latch variables is done at vopt time.
# ** Warning: ../../Design/cache.sv(814): (vlog-2583) [SVCHK] - Extra checking for conflicts with always_comb and always_latch variables is done at vopt time.
# ** Warning: ../../Design/cache.sv(815): (vlog-2583) [SVCHK] - Extra checking for conflicts with always_comb and always_latch variables is done at vopt time.
# ** Warning: ../../Design/cache.sv(816): (vlog-2583) [SVCHK] - Extra checking for conflicts with always_comb and always_latch variables is done at vopt time.
# ** Warning: ../../Design/cache.sv(819): (vlog-2583) [SVCHK] - Extra checking for conflicts with always_comb and always_latch variables is done at vopt time.
# ** Warning: ../../Design/cache.sv(820): (vlog-2583) [SVCHK] - Extra checking for conflicts with always_comb and always_latch variables is done at vopt time.
# ** Warning: ../../Design/cache.sv(821): (vlog-2583) [SVCHK] - Extra checking for conflicts with always_comb and always_latch variables is done at vopt time.
# ** Warning: ../../Design/cache.sv(822): (vlog-2583) [SVCHK] - Extra checking for conflicts with always_comb and always_latch variables is done at vopt time.
# ** Warning: ../../Design/cache.sv(823): (vlog-2583) [SVCHK] - Extra checking for conflicts with always_comb and always_latch variables is done at vopt time.
# ** Warning: ../../Design/cache.sv(827): (vlog-2583) [SVCHK] - Extra checking for conflicts with always_comb and always_latch variables is done at vopt time.
# ** Warning: ../../Design/cache.sv(828): (vlog-2583) [SVCHK] - Extra checking for conflicts with always_comb and always_latch variables is done at vopt time.
# ** Warning: ../../Design/cache.sv(829): (vlog-2583) [SVCHK] - Extra checking for conflicts with always_comb and always_latch variables is done at vopt time.
# ** Warning: ../../Design/cache.sv(830): (vlog-2583) [SVCHK] - Extra checking for conflicts with always_comb and always_latch variables is done at vopt time.
# ** Warning: ../../Design/cache.sv(831): (vlog-2583) [SVCHK] - Extra checking for conflicts with always_comb and always_latch variables is done at vopt time.
# ** Warning: ../../Design/cache.sv(832): (vlog-2583) [SVCHK] - Extra checking for conflicts with always_comb and always_latch variables is done at vopt time.
# ** Warning: ../../Design/cache.sv(833): (vlog-2583) [SVCHK] - Extra checking for conflicts with always_comb and always_latch variables is done at vopt time.
# ** Warning: ../../Design/cache.sv(834): (vlog-2583) [SVCHK] - Extra checking for conflicts with always_comb and always_latch variables is done at vopt time.
# ** Warning: ../../Design/cache.sv(835): (vlog-2583) [SVCHK] - Extra checking for conflicts with always_comb and always_latch variables is done at vopt time.
# ** Warning: ../../Design/cache.sv(845): (vlog-2583) [SVCHK] - Extra checking for conflicts with always_comb and always_latch variables is done at vopt time.
# ** Warning: ../../Design/cache.sv(846): (vlog-2583) [SVCHK] - Extra checking for conflicts with always_comb and always_latch variables is done at vopt time.
# ** Warning: ../../Design/cache.sv(847): (vlog-2583) [SVCHK] - Extra checking for conflicts with always_comb and always_latch variables is done at vopt time.
# ** Warning: ../../Design/cache.sv(848): (vlog-2583) [SVCHK] - Extra checking for conflicts with always_comb and always_latch variables is done at vopt time.
# ** Warning: ../../Design/cache.sv(849): (vlog-2583) [SVCHK] - Extra checking for conflicts with always_comb and always_latch variables is done at vopt time.
# ** Warning: ../../Design/cache.sv(850): (vlog-2583) [SVCHK] - Extra checking for conflicts with always_comb and always_latch variables is done at vopt time.
# ** Warning: ../../Design/cache.sv(851): (vlog-2583) [SVCHK] - Extra checking for conflicts with always_comb and always_latch variables is done at vopt time.
# ** Warning: ../../Design/cache.sv(852): (vlog-2583) [SVCHK] - Extra checking for conflicts with always_comb and always_latch variables is done at vopt time.
# ** Warning: ../../Design/cache.sv(853): (vlog-2583) [SVCHK] - Extra checking for conflicts with always_comb and always_latch variables is done at vopt time.
# ** Warning: ../../Design/cache.sv(854): (vlog-2583) [SVCHK] - Extra checking for conflicts with always_comb and always_latch variables is done at vopt time.
# ** Warning: ../../Design/cache.sv(857): (vlog-2583) [SVCHK] - Extra checking for conflicts with always_comb and always_latch variables is done at vopt time.
# ** Warning: ../../Design/cache.sv(861): (vlog-2583) [SVCHK] - Extra checking for conflicts with always_comb and always_latch variables is done at vopt time.
# ** Warning: ../../Design/cache.sv(872): (vlog-2583) [SVCHK] - Extra checking for conflicts with always_comb and always_latch variables is done at vopt time.
# ** Warning: ../../Design/cache.sv(873): (vlog-2583) [SVCHK] - Extra checking for conflicts with always_comb and always_latch variables is done at vopt time.
# ** Warning: ../../Design/cache.sv(874): (vlog-2583) [SVCHK] - Extra checking for conflicts with always_comb and always_latch variables is done at vopt time.
# ** Warning: ../../Design/cache.sv(875): (vlog-2583) [SVCHK] - Extra checking for conflicts with always_comb and always_latch variables is done at vopt time.
# ** Warning: ../../Design/cache.sv(876): (vlog-2583) [SVCHK] - Extra checking for conflicts with always_comb and always_latch variables is done at vopt time.
# ** Warning: ../../Design/cache.sv(880): (vlog-2583) [SVCHK] - Extra checking for conflicts with always_comb and always_latch variables is done at vopt time.
# ** Warning: ../../Design/cache.sv(881): (vlog-2583) [SVCHK] - Extra checking for conflicts with always_comb and always_latch variables is done at vopt time.
# ** Warning: ../../Design/cache.sv(882): (vlog-2583) [SVCHK] - Extra checking for conflicts with always_comb and always_latch variables is done at vopt time.
# ** Warning: ../../Design/cache.sv(883): (vlog-2583) [SVCHK] - Extra checking for conflicts with always_comb and always_latch variables is done at vopt time.
# ** Warning: ../../Design/cache.sv(886): (vlog-2583) [SVCHK] - Extra checking for conflicts with always_comb and always_latch variables is done at vopt time.
# ** Warning: ../../Design/cache.sv(890): (vlog-2583) [SVCHK] - Extra checking for conflicts with always_comb and always_latch variables is done at vopt time.
# ** Warning: ../../Design/cache.sv(898): (vlog-2583) [SVCHK] - Extra checking for conflicts with always_comb and always_latch variables is done at vopt time.
# ** Warning: ../../Design/cache.sv(901): (vlog-2583) [SVCHK] - Extra checking for conflicts with always_comb and always_latch variables is done at vopt time.
# ** Warning: ../../Design/cache.sv(902): (vlog-2583) [SVCHK] - Extra checking for conflicts with always_comb and always_latch variables is done at vopt time.
# ** Warning: ../../Design/cache.sv(905): (vlog-2583) [SVCHK] - Extra checking for conflicts with always_comb and always_latch variables is done at vopt time.
# ** Warning: ../../Design/cache.sv(906): (vlog-2583) [SVCHK] - Extra checking for conflicts with always_comb and always_latch variables is done at vopt time.
# ** Warning: ../../Design/cache.sv(907): (vlog-2583) [SVCHK] - Extra checking for conflicts with always_comb and always_latch variables is done at vopt time.
# ** Warning: ../../Design/cache.sv(908): (vlog-2583) [SVCHK] - Extra checking for conflicts with always_comb and always_latch variables is done at vopt time.
# ** Warning: ../../Design/cache.sv(909): (vlog-2583) [SVCHK] - Extra checking for conflicts with always_comb and always_latch variables is done at vopt time.
# ** Warning: ../../Design/cache.sv(910): (vlog-2583) [SVCHK] - Extra checking for conflicts with always_comb and always_latch variables is done at vopt time.
# ** Warning: ../../Design/cache.sv(911): (vlog-2583) [SVCHK] - Extra checking for conflicts with always_comb and always_latch variables is done at vopt time.
# ** Warning: ../../Design/cache.sv(912): (vlog-2583) [SVCHK] - Extra checking for conflicts with always_comb and always_latch variables is done at vopt time.
# ** Warning: ../../Design/cache.sv(913): (vlog-2583) [SVCHK] - Extra checking for conflicts with always_comb and always_latch variables is done at vopt time.
# ** Warning: ../../Design/cache.sv(916): (vlog-2583) [SVCHK] - Extra checking for conflicts with always_comb and always_latch variables is done at vopt time.
# ** Warning: ../../Design/cache.sv(920): (vlog-2583) [SVCHK] - Extra checking for conflicts with always_comb and always_latch variables is done at vopt time.
# ** Warning: ../../Design/cache.sv(926): (vlog-2583) [SVCHK] - Extra checking for conflicts with always_comb and always_latch variables is done at vopt time.
# ** Warning: ../../Design/cache.sv(927): (vlog-2583) [SVCHK] - Extra checking for conflicts with always_comb and always_latch variables is done at vopt time.
# ** Warning: ../../Design/cache.sv(936): (vlog-2583) [SVCHK] - Extra checking for conflicts with always_comb and always_latch variables is done at vopt time.
# ** Warning: ../../Design/cache.sv(937): (vlog-2583) [SVCHK] - Extra checking for conflicts with always_comb and always_latch variables is done at vopt time.
# ** Warning: ../../Design/cache.sv(938): (vlog-2583) [SVCHK] - Extra checking for conflicts with always_comb and always_latch variables is done at vopt time.
# ** Warning: ../../Design/cache.sv(939): (vlog-2583) [SVCHK] - Extra checking for conflicts with always_comb and always_latch variables is done at vopt time.
# ** Warning: ../../Design/cache.sv(940): (vlog-2583) [SVCHK] - Extra checking for conflicts with always_comb and always_latch variables is done at vopt time.
# ** Warning: ../../Design/cache.sv(941): (vlog-2583) [SVCHK] - Extra checking for conflicts with always_comb and always_latch variables is done at vopt time.
# ** Warning: ../../Design/cache.sv(942): (vlog-2583) [SVCHK] - Extra checking for conflicts with always_comb and always_latch variables is done at vopt time.
# ** Warning: ../../Design/cache.sv(943): (vlog-2583) [SVCHK] - Extra checking for conflicts with always_comb and always_latch variables is done at vopt time.
# ** Warning: ../../Design/cache.sv(944): (vlog-2583) [SVCHK] - Extra checking for conflicts with always_comb and always_latch variables is done at vopt time.
# ** Warning: ../../Design/cache.sv(945): (vlog-2583) [SVCHK] - Extra checking for conflicts with always_comb and always_latch variables is done at vopt time.
# ** Warning: ../../Design/cache.sv(946): (vlog-2583) [SVCHK] - Extra checking for conflicts with always_comb and always_latch variables is done at vopt time.
# ** Warning: ../../Design/cache.sv(958): (vlog-2583) [SVCHK] - Extra checking for conflicts with always_comb and always_latch variables is done at vopt time.
# ** Warning: ../../Design/cache.sv(962): (vlog-2583) [SVCHK] - Extra checking for conflicts with always_comb and always_latch variables is done at vopt time.
# ** Warning: ../../Design/cache.sv(967): (vlog-2583) [SVCHK] - Extra checking for conflicts with always_comb and always_latch variables is done at vopt time.
# ** Warning: ../../Design/cache.sv(971): (vlog-2583) [SVCHK] - Extra checking for conflicts with always_comb and always_latch variables is done at vopt time.
# ** Warning: ../../Design/cache.sv(973): (vlog-2583) [SVCHK] - Extra checking for conflicts with always_comb and always_latch variables is done at vopt time.
# ** Warning: ../../Design/cache.sv(980): (vlog-2583) [SVCHK] - Extra checking for conflicts with always_comb and always_latch variables is done at vopt time.
# ** Warning: ../../Design/cache.sv(981): (vlog-2583) [SVCHK] - Extra checking for conflicts with always_comb and always_latch variables is done at vopt time.
# ** Warning: ../../Design/cache.sv(985): (vlog-2583) [SVCHK] - Extra checking for conflicts with always_comb and always_latch variables is done at vopt time.
# ** Warning: ../../Design/cache.sv(987): (vlog-2583) [SVCHK] - Extra checking for conflicts with always_comb and always_latch variables is done at vopt time.
# ** Warning: ../../Design/cache.sv(988): (vlog-2583) [SVCHK] - Extra checking for conflicts with always_comb and always_latch variables is done at vopt time.
# ** Warning: ../../Design/cache.sv(990): (vlog-2583) [SVCHK] - Extra checking for conflicts with always_comb and always_latch variables is done at vopt time.
# ** Warning: ../../Design/cache.sv(991): (vlog-2583) [SVCHK] - Extra checking for conflicts with always_comb and always_latch variables is done at vopt time.
# ** Warning: ../../Design/cache.sv(1001): (vlog-2583) [SVCHK] - Extra checking for conflicts with always_comb and always_latch variables is done at vopt time.
# ** Warning: ../../Design/cache.sv(1005): (vlog-2583) [SVCHK] - Extra checking for conflicts with always_comb and always_latch variables is done at vopt time.
# ** Warning: ../../Design/cache.sv(1010): (vlog-2583) [SVCHK] - Extra checking for conflicts with always_comb and always_latch variables is done at vopt time.
# ** Warning: ../../Design/cache.sv(1014): (vlog-2583) [SVCHK] - Extra checking for conflicts with always_comb and always_latch variables is done at vopt time.
# ** Warning: ../../Design/cache.sv(1016): (vlog-2583) [SVCHK] - Extra checking for conflicts with always_comb and always_latch variables is done at vopt time.
# ** Warning: ../../Design/cache.sv(1024): (vlog-2583) [SVCHK] - Extra checking for conflicts with always_comb and always_latch variables is done at vopt time.
# ** Warning: ../../Design/cache.sv(1025): (vlog-2583) [SVCHK] - Extra checking for conflicts with always_comb and always_latch variables is done at vopt time.
# ** Warning: ../../Design/cache.sv(1029): (vlog-2583) [SVCHK] - Extra checking for conflicts with always_comb and always_latch variables is done at vopt time.
# ** Warning: ../../Design/cache.sv(1031): (vlog-2583) [SVCHK] - Extra checking for conflicts with always_comb and always_latch variables is done at vopt time.
# ** Warning: ../../Design/cache.sv(1032): (vlog-2583) [SVCHK] - Extra checking for conflicts with always_comb and always_latch variables is done at vopt time.
# ** Warning: ../../Design/cache.sv(1034): (vlog-2583) [SVCHK] - Extra checking for conflicts with always_comb and always_latch variables is done at vopt time.
# ** Warning: ../../Design/cache.sv(1035): (vlog-2583) [SVCHK] - Extra checking for conflicts with always_comb and always_latch variables is done at vopt time.
# ** Warning: ../../Design/cache.sv(1036): (vlog-2583) [SVCHK] - Extra checking for conflicts with always_comb and always_latch variables is done at vopt time.
# ** Warning: ../../Design/cache.sv(1037): (vlog-2583) [SVCHK] - Extra checking for conflicts with always_comb and always_latch variables is done at vopt time.
# ** Warning: ../../Design/cache.sv(1038): (vlog-2583) [SVCHK] - Extra checking for conflicts with always_comb and always_latch variables is done at vopt time.
# ** Warning: ../../Design/cache.sv(1039): (vlog-2583) [SVCHK] - Extra checking for conflicts with always_comb and always_latch variables is done at vopt time.
# ** Warning: ../../Design/cache.sv(1040): (vlog-2583) [SVCHK] - Extra checking for conflicts with always_comb and always_latch variables is done at vopt time.
# ** Warning: ../../Design/cache.sv(1041): (vlog-2583) [SVCHK] - Extra checking for conflicts with always_comb and always_latch variables is done at vopt time.
# ** Warning: ../../Design/cache.sv(1044): (vlog-2583) [SVCHK] - Extra checking for conflicts with always_comb and always_latch variables is done at vopt time.
# 
# Top level modules:
# 	cache
# Compiling CSR modules...
# QuestaSim vlog 2021.2_1 Compiler 2021.05 May 15 2021
# -- Compiling package csr_file_sv_unit
# -- Importing package shared_pkg
# -- Compiling module csr_file
# 
# Top level modules:
# 	csr_file
# Compiling FPU modules...
# QuestaSim vlog 2021.2_1 Compiler 2021.05 May 15 2021
# -- Compiling package risc_fpu_sv_unit
# -- Importing package shared_pkg
# -- Compiling module risc_fpu
# 
# Top level modules:
# 	risc_fpu
# QuestaSim vlog 2021.2_1 Compiler 2021.05 May 15 2021
# -- Compiling package flp_add_sub_sv_unit
# -- Importing package shared_pkg
# -- Compiling module flp_add_sub
# 
# Top level modules:
# 	flp_add_sub
# QuestaSim vlog 2021.2_1 Compiler 2021.05 May 15 2021
# -- Compiling package flp_mul_sv_unit
# -- Importing package shared_pkg
# -- Compiling module flp_mul
# -- Compiling module booth_multiplier_seq
# 
# Top level modules:
# 	flp_mul
# QuestaSim vlog 2021.2_1 Compiler 2021.05 May 15 2021
# -- Compiling package flp_div_sv_unit
# -- Importing package shared_pkg
# -- Compiling module flp_div
# -- Compiling module non_restoring_divider_seq
# 
# Top level modules:
# 	flp_div
# QuestaSim vlog 2021.2_1 Compiler 2021.05 May 15 2021
# -- Compiling package flp_sqrt_sv_unit
# -- Importing package shared_pkg
# -- Compiling module flp_sqrt
# 
# Top level modules:
# 	flp_sqrt
# Compiling multiplexers and utilities...
# QuestaSim vlog 2021.2_1 Compiler 2021.05 May 15 2021
# -- Compiling module risc_mux2
# 
# Top level modules:
# 	risc_mux2
# QuestaSim vlog 2021.2_1 Compiler 2021.05 May 15 2021
# -- Compiling module risc_mux3
# 
# Top level modules:
# 	risc_mux3
# QuestaSim vlog 2021.2_1 Compiler 2021.05 May 15 2021
# -- Compiling module risc_mux4
# 
# Top level modules:
# 	risc_mux4
# QuestaSim vlog 2021.2_1 Compiler 2021.05 May 15 2021
# -- Compiling module pc_adder
# 
# Top level modules:
# 	pc_adder
# Compiling hazard unit...
# QuestaSim vlog 2021.2_1 Compiler 2021.05 May 15 2021
# -- Compiling package hazard_unit_sv_unit
# -- Importing package shared_pkg
# -- Compiling module hazard_unit
# 
# Top level modules:
# 	hazard_unit
# Compiling top-level processor...
# QuestaSim vlog 2021.2_1 Compiler 2021.05 May 15 2021
# -- Compiling package riscv_processor_sv_unit
# -- Importing package shared_pkg
# -- Compiling module riscv_processor
# 
# Top level modules:
# 	riscv_processor
# Compiling Fetch verification...
# QuestaSim vlog 2021.2_1 Compiler 2021.05 May 15 2021
# -- Compiling package fetch_item_pkg
# -- Importing package mtiUvm.uvm_pkg (uvm-1.1d Built-in)
# ** Note: (vlog-2286) ../../Verification/Fetch/fetch_item_pkg.sv(9): Using implicit +incdir+/opt/questasim/questasim/uvm-1.1d/../verilog_src/uvm-1.1d/src from import uvm_pkg
# -- Importing package shared_pkg
# ** Warning: ../../Verification/Fetch/fetch_item_pkg.sv(55): (vlog-2643) Unterminated string literal continues onto next line.
# 
# Top level modules:
# 	--none--
# QuestaSim vlog 2021.2_1 Compiler 2021.05 May 15 2021
# -- Compiling package fetch_config_pkg
# -- Importing package mtiUvm.uvm_pkg (uvm-1.1d Built-in)
# ** Note: (vlog-2286) ../../Verification/Fetch/fetch_config_pkg.sv(9): Using implicit +incdir+/opt/questasim/questasim/uvm-1.1d/../verilog_src/uvm-1.1d/src from import uvm_pkg
# 
# Top level modules:
# 	--none--
# QuestaSim vlog 2021.2_1 Compiler 2021.05 May 15 2021
# -- Compiling package fetch_driver_pkg
# -- Importing package mtiUvm.uvm_pkg (uvm-1.1d Built-in)
# ** Note: (vlog-2286) ../../Verification/Fetch/fetch_driver_pkg.sv(9): Using implicit +incdir+/opt/questasim/questasim/uvm-1.1d/../verilog_src/uvm-1.1d/src from import uvm_pkg
# -- Importing package fetch_item_pkg
# -- Importing package shared_pkg
# 
# Top level modules:
# 	--none--
# QuestaSim vlog 2021.2_1 Compiler 2021.05 May 15 2021
# -- Compiling package fetch_monitor_pkg
# -- Importing package mtiUvm.uvm_pkg (uvm-1.1d Built-in)
# ** Note: (vlog-2286) ../../Verification/Fetch/fetch_monitor_pkg.sv(9): Using implicit +incdir+/opt/questasim/questasim/uvm-1.1d/../verilog_src/uvm-1.1d/src from import uvm_pkg
# -- Importing package fetch_item_pkg
# -- Importing package shared_pkg
# 
# Top level modules:
# 	--none--
# QuestaSim vlog 2021.2_1 Compiler 2021.05 May 15 2021
# -- Compiling package fetch_seq_pkg
# -- Importing package mtiUvm.uvm_pkg (uvm-1.1d Built-in)
# ** Note: (vlog-2286) ../../Verification/Fetch/fetch_seq_pkg.sv(9): Using implicit +incdir+/opt/questasim/questasim/uvm-1.1d/../verilog_src/uvm-1.1d/src from import uvm_pkg
# -- Importing package shared_pkg
# -- Importing package fetch_item_pkg
# 
# Top level modules:
# 	--none--
# QuestaSim vlog 2021.2_1 Compiler 2021.05 May 15 2021
# -- Compiling package fetch_agent_pkg
# -- Importing package mtiUvm.uvm_pkg (uvm-1.1d Built-in)
# ** Note: (vlog-2286) ../../Verification/Fetch/fetch_agent_pkg.sv(9): Using implicit +incdir+/opt/questasim/questasim/uvm-1.1d/../verilog_src/uvm-1.1d/src from import uvm_pkg
# -- Importing package fetch_driver_pkg
# -- Importing package fetch_item_pkg
# -- Importing package shared_pkg
# -- Importing package fetch_monitor_pkg
# -- Importing package fetch_config_pkg
# 
# Top level modules:
# 	--none--
# QuestaSim vlog 2021.2_1 Compiler 2021.05 May 15 2021
# -- Compiling package fetch_scoreboard_pkg
# -- Importing package mtiUvm.uvm_pkg (uvm-1.1d Built-in)
# ** Note: (vlog-2286) ../../Verification/Fetch/fetch_scoreboard_pkg.sv(17): Using implicit +incdir+/opt/questasim/questasim/uvm-1.1d/../verilog_src/uvm-1.1d/src from import uvm_pkg
# -- Importing package shared_pkg
# -- Importing package fetch_item_pkg
# 
# Top level modules:
# 	--none--
# QuestaSim vlog 2021.2_1 Compiler 2021.05 May 15 2021
# -- Compiling package fetch_subscriber_pkg
# -- Importing package mtiUvm.uvm_pkg (uvm-1.1d Built-in)
# ** Note: (vlog-2286) ../../Verification/Fetch/fetch_subscriber_pkg.sv(9): Using implicit +incdir+/opt/questasim/questasim/uvm-1.1d/../verilog_src/uvm-1.1d/src from import uvm_pkg
# -- Importing package fetch_item_pkg
# -- Importing package shared_pkg
# 
# Top level modules:
# 	--none--
# QuestaSim vlog 2021.2_1 Compiler 2021.05 May 15 2021
# -- Compiling package fetch_predictor_pkg
# -- Importing package mtiUvm.uvm_pkg (uvm-1.1d Built-in)
# ** Note: (vlog-2286) ../../Verification/Fetch/fetch_predictor_pkg.sv(22): Using implicit +incdir+/opt/questasim/questasim/uvm-1.1d/../verilog_src/uvm-1.1d/src from import uvm_pkg
# -- Importing package shared_pkg
# -- Importing package fetch_item_pkg
# 
# Top level modules:
# 	--none--
# QuestaSim vlog 2021.2_1 Compiler 2021.05 May 15 2021
# -- Compiling package fetch_env_pkg
# -- Importing package mtiUvm.uvm_pkg (uvm-1.1d Built-in)
# ** Note: (vlog-2286) ../../Verification/Fetch/fetch_env_pkg.sv(10): Using implicit +incdir+/opt/questasim/questasim/uvm-1.1d/../verilog_src/uvm-1.1d/src from import uvm_pkg
# -- Importing package fetch_agent_pkg
# -- Importing package fetch_driver_pkg
# -- Importing package fetch_item_pkg
# -- Importing package shared_pkg
# -- Importing package fetch_monitor_pkg
# -- Importing package fetch_config_pkg
# -- Importing package fetch_scoreboard_pkg
# -- Importing package fetch_subscriber_pkg
# -- Importing package fetch_predictor_pkg
# 
# Top level modules:
# 	--none--
# QuestaSim vlog 2021.2_1 Compiler 2021.05 May 15 2021
# -- Compiling package fetch_test_pkg
# -- Importing package mtiUvm.uvm_pkg (uvm-1.1d Built-in)
# ** Note: (vlog-2286) ../../Verification/Fetch/fetch_test_pkg.sv(8): Using implicit +incdir+/opt/questasim/questasim/uvm-1.1d/../verilog_src/uvm-1.1d/src from import uvm_pkg
# -- Importing package fetch_env_pkg
# -- Importing package fetch_agent_pkg
# -- Importing package fetch_driver_pkg
# -- Importing package fetch_item_pkg
# -- Importing package shared_pkg
# -- Importing package fetch_monitor_pkg
# -- Importing package fetch_config_pkg
# -- Importing package fetch_scoreboard_pkg
# -- Importing package fetch_subscriber_pkg
# -- Importing package fetch_predictor_pkg
# -- Importing package fetch_seq_pkg
# 
# Top level modules:
# 	--none--
# QuestaSim vlog 2021.2_1 Compiler 2021.05 May 15 2021
# -- Compiling package fetch_interface_sv_unit
# -- Importing package shared_pkg
# -- Importing package fetch_item_pkg
# -- Importing package mtiUvm.uvm_pkg (uvm-1.1d Built-in)
# -- Compiling interface fetch_interface
# 
# Top level modules:
# 	--none--
# QuestaSim vlog 2021.2_1 Compiler 2021.05 May 15 2021
# -- Compiling module fetch_top
# -- Importing package mtiUvm.uvm_pkg (uvm-1.1d Built-in)
# ** Note: (vlog-2286) ../../Verification/Fetch/fetch_top.sv(9): Using implicit +incdir+/opt/questasim/questasim/uvm-1.1d/../verilog_src/uvm-1.1d/src from import uvm_pkg
# -- Importing package shared_pkg
# -- Importing package fetch_test_pkg
# -- Importing package fetch_env_pkg
# -- Importing package fetch_agent_pkg
# -- Importing package fetch_driver_pkg
# -- Importing package fetch_item_pkg
# -- Importing package fetch_monitor_pkg
# -- Importing package fetch_config_pkg
# -- Importing package fetch_scoreboard_pkg
# -- Importing package fetch_subscriber_pkg
# -- Importing package fetch_predictor_pkg
# -- Importing package fetch_seq_pkg
# 
# Top level modules:
# 	fetch_top
# Compiling Decode verification...
# QuestaSim vlog 2021.2_1 Compiler 2021.05 May 15 2021
# -- Compiling package decode_item_pkg
# -- Importing package mtiUvm.uvm_pkg (uvm-1.1d Built-in)
# ** Note: (vlog-2286) ../../Verification/Decode/decode_item_pkg.sv(9): Using implicit +incdir+/opt/questasim/questasim/uvm-1.1d/../verilog_src/uvm-1.1d/src from import uvm_pkg
# -- Importing package shared_pkg
# ** Warning: ../../Verification/Decode/decode_item_pkg.sv(211): (vlog-2643) Unterminated string literal continues onto next line.
# 
# Top level modules:
# 	--none--
# QuestaSim vlog 2021.2_1 Compiler 2021.05 May 15 2021
# -- Compiling package decode_config_pkg
# -- Importing package mtiUvm.uvm_pkg (uvm-1.1d Built-in)
# ** Note: (vlog-2286) ../../Verification/Decode/decode_config_pkg.sv(4): Using implicit +incdir+/opt/questasim/questasim/uvm-1.1d/../verilog_src/uvm-1.1d/src from import uvm_pkg
# 
# Top level modules:
# 	--none--
# QuestaSim vlog 2021.2_1 Compiler 2021.05 May 15 2021
# -- Compiling package decode_driver_pkg
# -- Importing package mtiUvm.uvm_pkg (uvm-1.1d Built-in)
# ** Note: (vlog-2286) ../../Verification/Decode/decode_driver_pkg.sv(4): Using implicit +incdir+/opt/questasim/questasim/uvm-1.1d/../verilog_src/uvm-1.1d/src from import uvm_pkg
# -- Importing package decode_item_pkg
# -- Importing package shared_pkg
# 
# Top level modules:
# 	--none--
# QuestaSim vlog 2021.2_1 Compiler 2021.05 May 15 2021
# -- Compiling package decode_monitor_pkg
# -- Importing package mtiUvm.uvm_pkg (uvm-1.1d Built-in)
# ** Note: (vlog-2286) ../../Verification/Decode/decode_monitor_pkg.sv(4): Using implicit +incdir+/opt/questasim/questasim/uvm-1.1d/../verilog_src/uvm-1.1d/src from import uvm_pkg
# -- Importing package decode_item_pkg
# -- Importing package shared_pkg
# 
# Top level modules:
# 	--none--
# QuestaSim vlog 2021.2_1 Compiler 2021.05 May 15 2021
# -- Compiling package decode_seq_pkg
# -- Importing package mtiUvm.uvm_pkg (uvm-1.1d Built-in)
# ** Note: (vlog-2286) ../../Verification/Decode/decode_seq_pkg.sv(4): Using implicit +incdir+/opt/questasim/questasim/uvm-1.1d/../verilog_src/uvm-1.1d/src from import uvm_pkg
# -- Importing package shared_pkg
# -- Importing package decode_item_pkg
# 
# Top level modules:
# 	--none--
# QuestaSim vlog 2021.2_1 Compiler 2021.05 May 15 2021
# -- Compiling package decode_agent_pkg
# -- Importing package mtiUvm.uvm_pkg (uvm-1.1d Built-in)
# ** Note: (vlog-2286) ../../Verification/Decode/decode_agent_pkg.sv(4): Using implicit +incdir+/opt/questasim/questasim/uvm-1.1d/../verilog_src/uvm-1.1d/src from import uvm_pkg
# -- Importing package decode_driver_pkg
# -- Importing package decode_item_pkg
# -- Importing package shared_pkg
# -- Importing package decode_monitor_pkg
# -- Importing package decode_config_pkg
# 
# Top level modules:
# 	--none--
# QuestaSim vlog 2021.2_1 Compiler 2021.05 May 15 2021
# -- Compiling package decode_scoreboard_pkg
# -- Importing package mtiUvm.uvm_pkg (uvm-1.1d Built-in)
# ** Note: (vlog-2286) ../../Verification/Decode/decode_scoreboard_pkg.sv(11): Using implicit +incdir+/opt/questasim/questasim/uvm-1.1d/../verilog_src/uvm-1.1d/src from import uvm_pkg
# -- Importing package shared_pkg
# -- Importing package decode_item_pkg
# 
# Top level modules:
# 	--none--
# QuestaSim vlog 2021.2_1 Compiler 2021.05 May 15 2021
# -- Compiling package decode_subscriber_pkg
# -- Importing package mtiUvm.uvm_pkg (uvm-1.1d Built-in)
# ** Note: (vlog-2286) ../../Verification/Decode/decode_subscriber_pkg.sv(4): Using implicit +incdir+/opt/questasim/questasim/uvm-1.1d/../verilog_src/uvm-1.1d/src from import uvm_pkg
# -- Importing package decode_item_pkg
# -- Importing package shared_pkg
# 
# Top level modules:
# 	--none--
# QuestaSim vlog 2021.2_1 Compiler 2021.05 May 15 2021
# -- Compiling package decode_predictor_pkg
# -- Importing package mtiUvm.uvm_pkg (uvm-1.1d Built-in)
# ** Note: (vlog-2286) ../../Verification/Decode/decode_predictor_pkg.sv(30): Using implicit +incdir+/opt/questasim/questasim/uvm-1.1d/../verilog_src/uvm-1.1d/src from import uvm_pkg
# -- Importing package shared_pkg
# -- Importing package decode_item_pkg
# 
# Top level modules:
# 	--none--
# QuestaSim vlog 2021.2_1 Compiler 2021.05 May 15 2021
# -- Compiling package decode_env_pkg
# -- Importing package mtiUvm.uvm_pkg (uvm-1.1d Built-in)
# ** Note: (vlog-2286) ../../Verification/Decode/decode_env_pkg.sv(10): Using implicit +incdir+/opt/questasim/questasim/uvm-1.1d/../verilog_src/uvm-1.1d/src from import uvm_pkg
# -- Importing package decode_agent_pkg
# -- Importing package decode_driver_pkg
# -- Importing package decode_item_pkg
# -- Importing package shared_pkg
# -- Importing package decode_monitor_pkg
# -- Importing package decode_config_pkg
# -- Importing package decode_scoreboard_pkg
# -- Importing package decode_subscriber_pkg
# -- Importing package decode_predictor_pkg
# 
# Top level modules:
# 	--none--
# QuestaSim vlog 2021.2_1 Compiler 2021.05 May 15 2021
# -- Compiling package decode_test_pkg
# -- Importing package mtiUvm.uvm_pkg (uvm-1.1d Built-in)
# ** Note: (vlog-2286) ../../Verification/Decode/decode_test_pkg.sv(3): Using implicit +incdir+/opt/questasim/questasim/uvm-1.1d/../verilog_src/uvm-1.1d/src from import uvm_pkg
# -- Importing package decode_env_pkg
# -- Importing package decode_agent_pkg
# -- Importing package decode_driver_pkg
# -- Importing package decode_item_pkg
# -- Importing package shared_pkg
# -- Importing package decode_monitor_pkg
# -- Importing package decode_config_pkg
# -- Importing package decode_scoreboard_pkg
# -- Importing package decode_subscriber_pkg
# -- Importing package decode_predictor_pkg
# -- Importing package decode_seq_pkg
# 
# Top level modules:
# 	--none--
# QuestaSim vlog 2021.2_1 Compiler 2021.05 May 15 2021
# -- Compiling package decode_interface_sv_unit
# -- Importing package shared_pkg
# -- Importing package decode_item_pkg
# -- Importing package mtiUvm.uvm_pkg (uvm-1.1d Built-in)
# -- Compiling interface decode_interface
# 
# Top level modules:
# 	--none--
# QuestaSim vlog 2021.2_1 Compiler 2021.05 May 15 2021
# -- Compiling module decode_top
# -- Importing package mtiUvm.uvm_pkg (uvm-1.1d Built-in)
# ** Note: (vlog-2286) ../../Verification/Decode/decode_top.sv(4): Using implicit +incdir+/opt/questasim/questasim/uvm-1.1d/../verilog_src/uvm-1.1d/src from import uvm_pkg
# -- Importing package shared_pkg
# -- Importing package decode_test_pkg
# -- Importing package decode_env_pkg
# -- Importing package decode_agent_pkg
# -- Importing package decode_driver_pkg
# -- Importing package decode_item_pkg
# -- Importing package decode_monitor_pkg
# -- Importing package decode_config_pkg
# -- Importing package decode_scoreboard_pkg
# -- Importing package decode_subscriber_pkg
# -- Importing package decode_predictor_pkg
# -- Importing package decode_seq_pkg
# 
# Top level modules:
# 	decode_top
# Compiling FPU verification...
# QuestaSim vlog 2021.2_1 Compiler 2021.05 May 15 2021
# -- Compiling package flp_item_pkg
# -- Importing package mtiUvm.uvm_pkg (uvm-1.1d Built-in)
# ** Note: (vlog-2286) ../../Verification/FPU/flp_item_pkg.sv(11): Using implicit +incdir+/opt/questasim/questasim/uvm-1.1d/../verilog_src/uvm-1.1d/src from import uvm_pkg
# -- Importing package shared_pkg
# ** Warning: ../../Verification/FPU/flp_item_pkg.sv(50): (vlog-2643) Unterminated string literal continues onto next line.
# 
# Top level modules:
# 	--none--
# QuestaSim vlog 2021.2_1 Compiler 2021.05 May 15 2021
# -- Compiling package flp_config_pkg
# -- Importing package mtiUvm.uvm_pkg (uvm-1.1d Built-in)
# ** Note: (vlog-2286) ../../Verification/FPU/flp_config_pkg.sv(4): Using implicit +incdir+/opt/questasim/questasim/uvm-1.1d/../verilog_src/uvm-1.1d/src from import uvm_pkg
# 
# Top level modules:
# 	--none--
# QuestaSim vlog 2021.2_1 Compiler 2021.05 May 15 2021
# -- Compiling package flp_driver_pkg
# -- Importing package mtiUvm.uvm_pkg (uvm-1.1d Built-in)
# ** Note: (vlog-2286) ../../Verification/FPU/flp_driver_pkg.sv(4): Using implicit +incdir+/opt/questasim/questasim/uvm-1.1d/../verilog_src/uvm-1.1d/src from import uvm_pkg
# -- Importing package flp_item_pkg
# -- Importing package shared_pkg
# 
# Top level modules:
# 	--none--
# QuestaSim vlog 2021.2_1 Compiler 2021.05 May 15 2021
# -- Compiling package flp_monitor_pkg
# -- Importing package mtiUvm.uvm_pkg (uvm-1.1d Built-in)
# ** Note: (vlog-2286) ../../Verification/FPU/flp_monitor_pkg.sv(4): Using implicit +incdir+/opt/questasim/questasim/uvm-1.1d/../verilog_src/uvm-1.1d/src from import uvm_pkg
# -- Importing package flp_item_pkg
# -- Importing package shared_pkg
# 
# Top level modules:
# 	--none--
# QuestaSim vlog 2021.2_1 Compiler 2021.05 May 15 2021
# -- Compiling package flp_seq_pkg
# -- Importing package mtiUvm.uvm_pkg (uvm-1.1d Built-in)
# ** Note: (vlog-2286) ../../Verification/FPU/flp_seq_pkg.sv(4): Using implicit +incdir+/opt/questasim/questasim/uvm-1.1d/../verilog_src/uvm-1.1d/src from import uvm_pkg
# -- Importing package shared_pkg
# -- Importing package flp_item_pkg
# 
# Top level modules:
# 	--none--
# QuestaSim vlog 2021.2_1 Compiler 2021.05 May 15 2021
# -- Compiling package flp_agent_pkg
# -- Importing package mtiUvm.uvm_pkg (uvm-1.1d Built-in)
# ** Note: (vlog-2286) ../../Verification/FPU/flp_agent_pkg.sv(4): Using implicit +incdir+/opt/questasim/questasim/uvm-1.1d/../verilog_src/uvm-1.1d/src from import uvm_pkg
# -- Importing package flp_driver_pkg
# -- Importing package flp_item_pkg
# -- Importing package shared_pkg
# -- Importing package flp_monitor_pkg
# -- Importing package flp_config_pkg
# 
# Top level modules:
# 	--none--
# QuestaSim vlog 2021.2_1 Compiler 2021.05 May 15 2021
# -- Compiling package flp_scoreboard_pkg
# -- Importing package mtiUvm.uvm_pkg (uvm-1.1d Built-in)
# ** Note: (vlog-2286) ../../Verification/FPU/flp_scoreboard_pkg.sv(15): Using implicit +incdir+/opt/questasim/questasim/uvm-1.1d/../verilog_src/uvm-1.1d/src from import uvm_pkg
# -- Importing package shared_pkg
# -- Importing package flp_item_pkg
# 
# Top level modules:
# 	--none--
# QuestaSim vlog 2021.2_1 Compiler 2021.05 May 15 2021
# -- Compiling package flp_subscriber_pkg
# -- Importing package mtiUvm.uvm_pkg (uvm-1.1d Built-in)
# ** Note: (vlog-2286) ../../Verification/FPU/flp_subscriber_pkg.sv(4): Using implicit +incdir+/opt/questasim/questasim/uvm-1.1d/../verilog_src/uvm-1.1d/src from import uvm_pkg
# -- Importing package flp_item_pkg
# -- Importing package shared_pkg
# 
# Top level modules:
# 	--none--
# QuestaSim vlog 2021.2_1 Compiler 2021.05 May 15 2021
# -- Compiling package flp_predictor_pkg
# -- Importing package mtiUvm.uvm_pkg (uvm-1.1d Built-in)
# ** Note: (vlog-2286) ../../Verification/FPU/flp_predictor_pkg.sv(22): Using implicit +incdir+/opt/questasim/questasim/uvm-1.1d/../verilog_src/uvm-1.1d/src from import uvm_pkg
# -- Importing package shared_pkg
# -- Importing package flp_item_pkg
# 
# Top level modules:
# 	--none--
# QuestaSim vlog 2021.2_1 Compiler 2021.05 May 15 2021
# -- Compiling package flp_env_pkg
# -- Importing package mtiUvm.uvm_pkg (uvm-1.1d Built-in)
# ** Note: (vlog-2286) ../../Verification/FPU/flp_env_pkg.sv(5): Using implicit +incdir+/opt/questasim/questasim/uvm-1.1d/../verilog_src/uvm-1.1d/src from import uvm_pkg
# -- Importing package flp_agent_pkg
# -- Importing package flp_driver_pkg
# -- Importing package flp_item_pkg
# -- Importing package shared_pkg
# -- Importing package flp_monitor_pkg
# -- Importing package flp_config_pkg
# -- Importing package flp_scoreboard_pkg
# -- Importing package flp_subscriber_pkg
# -- Importing package flp_predictor_pkg
# 
# Top level modules:
# 	--none--
# QuestaSim vlog 2021.2_1 Compiler 2021.05 May 15 2021
# -- Compiling package flp_test_pkg
# -- Importing package mtiUvm.uvm_pkg (uvm-1.1d Built-in)
# ** Note: (vlog-2286) ../../Verification/FPU/flp_test_pkg.sv(3): Using implicit +incdir+/opt/questasim/questasim/uvm-1.1d/../verilog_src/uvm-1.1d/src from import uvm_pkg
# -- Importing package flp_env_pkg
# -- Importing package flp_agent_pkg
# -- Importing package flp_driver_pkg
# -- Importing package flp_item_pkg
# -- Importing package shared_pkg
# -- Importing package flp_monitor_pkg
# -- Importing package flp_config_pkg
# -- Importing package flp_scoreboard_pkg
# -- Importing package flp_subscriber_pkg
# -- Importing package flp_predictor_pkg
# -- Importing package flp_seq_pkg
# 
# Top level modules:
# 	--none--
# QuestaSim vlog 2021.2_1 Compiler 2021.05 May 15 2021
# -- Compiling package flp_interface_sv_unit
# -- Importing package shared_pkg
# -- Importing package flp_item_pkg
# -- Importing package mtiUvm.uvm_pkg (uvm-1.1d Built-in)
# -- Compiling interface flp_interface
# 
# Top level modules:
# 	--none--
# QuestaSim vlog 2021.2_1 Compiler 2021.05 May 15 2021
# -- Compiling module flp_top
# -- Importing package mtiUvm.uvm_pkg (uvm-1.1d Built-in)
# ** Note: (vlog-2286) ../../Verification/FPU/flp_top.sv(9): Using implicit +incdir+/opt/questasim/questasim/uvm-1.1d/../verilog_src/uvm-1.1d/src from import uvm_pkg
# -- Importing package flp_test_pkg
# -- Importing package flp_env_pkg
# -- Importing package flp_agent_pkg
# -- Importing package flp_driver_pkg
# -- Importing package flp_item_pkg
# -- Importing package shared_pkg
# -- Importing package flp_monitor_pkg
# -- Importing package flp_config_pkg
# -- Importing package flp_scoreboard_pkg
# -- Importing package flp_subscriber_pkg
# -- Importing package flp_predictor_pkg
# -- Importing package flp_seq_pkg
# 
# Top level modules:
# 	flp_top
# Compiling CSR verification...
# QuestaSim vlog 2021.2_1 Compiler 2021.05 May 15 2021
# -- Compiling package csr_item_pkg
# -- Importing package mtiUvm.uvm_pkg (uvm-1.1d Built-in)
# ** Note: (vlog-2286) ../../Verification/CSR/csr_item_pkg.sv(9): Using implicit +incdir+/opt/questasim/questasim/uvm-1.1d/../verilog_src/uvm-1.1d/src from import uvm_pkg
# -- Importing package shared_pkg
# ** Warning: ../../Verification/CSR/csr_item_pkg.sv(81): (vlog-2643) Unterminated string literal continues onto next line.
# 
# Top level modules:
# 	--none--
# QuestaSim vlog 2021.2_1 Compiler 2021.05 May 15 2021
# -- Compiling package csr_config_pkg
# -- Importing package mtiUvm.uvm_pkg (uvm-1.1d Built-in)
# ** Note: (vlog-2286) ../../Verification/CSR/csr_config_pkg.sv(4): Using implicit +incdir+/opt/questasim/questasim/uvm-1.1d/../verilog_src/uvm-1.1d/src from import uvm_pkg
# 
# Top level modules:
# 	--none--
# QuestaSim vlog 2021.2_1 Compiler 2021.05 May 15 2021
# -- Compiling package csr_driver_pkg
# -- Importing package mtiUvm.uvm_pkg (uvm-1.1d Built-in)
# ** Note: (vlog-2286) ../../Verification/CSR/csr_driver_pkg.sv(4): Using implicit +incdir+/opt/questasim/questasim/uvm-1.1d/../verilog_src/uvm-1.1d/src from import uvm_pkg
# -- Importing package csr_item_pkg
# -- Importing package shared_pkg
# 
# Top level modules:
# 	--none--
# QuestaSim vlog 2021.2_1 Compiler 2021.05 May 15 2021
# -- Compiling package csr_monitor_pkg
# -- Importing package mtiUvm.uvm_pkg (uvm-1.1d Built-in)
# ** Note: (vlog-2286) ../../Verification/CSR/csr_monitor_pkg.sv(4): Using implicit +incdir+/opt/questasim/questasim/uvm-1.1d/../verilog_src/uvm-1.1d/src from import uvm_pkg
# -- Importing package csr_item_pkg
# -- Importing package shared_pkg
# 
# Top level modules:
# 	--none--
# QuestaSim vlog 2021.2_1 Compiler 2021.05 May 15 2021
# -- Compiling package csr_seq_pkg
# -- Importing package mtiUvm.uvm_pkg (uvm-1.1d Built-in)
# ** Note: (vlog-2286) ../../Verification/CSR/csr_seq_pkg.sv(4): Using implicit +incdir+/opt/questasim/questasim/uvm-1.1d/../verilog_src/uvm-1.1d/src from import uvm_pkg
# -- Importing package shared_pkg
# -- Importing package csr_item_pkg
# 
# Top level modules:
# 	--none--
# QuestaSim vlog 2021.2_1 Compiler 2021.05 May 15 2021
# -- Compiling package csr_agent_pkg
# -- Importing package mtiUvm.uvm_pkg (uvm-1.1d Built-in)
# ** Note: (vlog-2286) ../../Verification/CSR/csr_agent_pkg.sv(4): Using implicit +incdir+/opt/questasim/questasim/uvm-1.1d/../verilog_src/uvm-1.1d/src from import uvm_pkg
# -- Importing package csr_driver_pkg
# -- Importing package csr_item_pkg
# -- Importing package shared_pkg
# -- Importing package csr_monitor_pkg
# -- Importing package csr_config_pkg
# 
# Top level modules:
# 	--none--
# QuestaSim vlog 2021.2_1 Compiler 2021.05 May 15 2021
# -- Compiling package csr_scoreboard_pkg
# -- Importing package mtiUvm.uvm_pkg (uvm-1.1d Built-in)
# ** Note: (vlog-2286) ../../Verification/CSR/csr_scoreboard_pkg.sv(10): Using implicit +incdir+/opt/questasim/questasim/uvm-1.1d/../verilog_src/uvm-1.1d/src from import uvm_pkg
# -- Importing package shared_pkg
# -- Importing package csr_item_pkg
# 
# Top level modules:
# 	--none--
# QuestaSim vlog 2021.2_1 Compiler 2021.05 May 15 2021
# -- Compiling package csr_subscriber_pkg
# -- Importing package mtiUvm.uvm_pkg (uvm-1.1d Built-in)
# ** Note: (vlog-2286) ../../Verification/CSR/csr_subscriber_pkg.sv(4): Using implicit +incdir+/opt/questasim/questasim/uvm-1.1d/../verilog_src/uvm-1.1d/src from import uvm_pkg
# -- Importing package csr_item_pkg
# -- Importing package shared_pkg
# 
# Top level modules:
# 	--none--
# QuestaSim vlog 2021.2_1 Compiler 2021.05 May 15 2021
# -- Compiling package csr_predictor_pkg
# -- Importing package mtiUvm.uvm_pkg (uvm-1.1d Built-in)
# ** Note: (vlog-2286) ../../Verification/CSR/csr_predictor_pkg.sv(15): Using implicit +incdir+/opt/questasim/questasim/uvm-1.1d/../verilog_src/uvm-1.1d/src from import uvm_pkg
# -- Importing package shared_pkg
# -- Importing package csr_item_pkg
# 
# Top level modules:
# 	--none--
# QuestaSim vlog 2021.2_1 Compiler 2021.05 May 15 2021
# -- Compiling package csr_env_pkg
# -- Importing package mtiUvm.uvm_pkg (uvm-1.1d Built-in)
# ** Note: (vlog-2286) ../../Verification/CSR/csr_env_pkg.sv(4): Using implicit +incdir+/opt/questasim/questasim/uvm-1.1d/../verilog_src/uvm-1.1d/src from import uvm_pkg
# -- Importing package csr_agent_pkg
# -- Importing package csr_driver_pkg
# -- Importing package csr_item_pkg
# -- Importing package shared_pkg
# -- Importing package csr_monitor_pkg
# -- Importing package csr_config_pkg
# -- Importing package csr_scoreboard_pkg
# -- Importing package csr_subscriber_pkg
# -- Importing package csr_predictor_pkg
# 
# Top level modules:
# 	--none--
# QuestaSim vlog 2021.2_1 Compiler 2021.05 May 15 2021
# -- Compiling package csr_test_pkg
# -- Importing package mtiUvm.uvm_pkg (uvm-1.1d Built-in)
# ** Note: (vlog-2286) ../../Verification/CSR/csr_test_pkg.sv(3): Using implicit +incdir+/opt/questasim/questasim/uvm-1.1d/../verilog_src/uvm-1.1d/src from import uvm_pkg
# -- Importing package csr_env_pkg
# -- Importing package csr_agent_pkg
# -- Importing package csr_driver_pkg
# -- Importing package csr_item_pkg
# -- Importing package shared_pkg
# -- Importing package csr_monitor_pkg
# -- Importing package csr_config_pkg
# -- Importing package csr_scoreboard_pkg
# -- Importing package csr_subscriber_pkg
# -- Importing package csr_predictor_pkg
# -- Importing package csr_seq_pkg
# 
# Top level modules:
# 	--none--
# QuestaSim vlog 2021.2_1 Compiler 2021.05 May 15 2021
# -- Compiling package csr_interface_sv_unit
# -- Importing package shared_pkg
# -- Importing package csr_item_pkg
# -- Importing package mtiUvm.uvm_pkg (uvm-1.1d Built-in)
# -- Compiling interface csr_interface
# 
# Top level modules:
# 	--none--
# QuestaSim vlog 2021.2_1 Compiler 2021.05 May 15 2021
# -- Compiling module csr_top
# -- Importing package mtiUvm.uvm_pkg (uvm-1.1d Built-in)
# ** Note: (vlog-2286) ../../Verification/CSR/csr_top.sv(9): Using implicit +incdir+/opt/questasim/questasim/uvm-1.1d/../verilog_src/uvm-1.1d/src from import uvm_pkg
# -- Importing package csr_test_pkg
# -- Importing package csr_env_pkg
# -- Importing package csr_agent_pkg
# -- Importing package csr_driver_pkg
# -- Importing package csr_item_pkg
# -- Importing package shared_pkg
# -- Importing package csr_monitor_pkg
# -- Importing package csr_config_pkg
# -- Importing package csr_scoreboard_pkg
# -- Importing package csr_subscriber_pkg
# -- Importing package csr_predictor_pkg
# -- Importing package csr_seq_pkg
# 
# Top level modules:
# 	csr_top
# Compiling Execute verification...
# QuestaSim vlog 2021.2_1 Compiler 2021.05 May 15 2021
# -- Compiling package execute_item_pkg
# -- Importing package mtiUvm.uvm_pkg (uvm-1.1d Built-in)
# ** Note: (vlog-2286) ../../Verification/Execute/execute_item_pkg.sv(9): Using implicit +incdir+/opt/questasim/questasim/uvm-1.1d/../verilog_src/uvm-1.1d/src from import uvm_pkg
# -- Importing package shared_pkg
# ** Warning: ../../Verification/Execute/execute_item_pkg.sv(177): (vlog-2643) Unterminated string literal continues onto next line.
# 
# Top level modules:
# 	--none--
# QuestaSim vlog 2021.2_1 Compiler 2021.05 May 15 2021
# -- Compiling package execute_config_pkg
# -- Importing package mtiUvm.uvm_pkg (uvm-1.1d Built-in)
# ** Note: (vlog-2286) ../../Verification/Execute/execute_config_pkg.sv(4): Using implicit +incdir+/opt/questasim/questasim/uvm-1.1d/../verilog_src/uvm-1.1d/src from import uvm_pkg
# 
# Top level modules:
# 	--none--
# QuestaSim vlog 2021.2_1 Compiler 2021.05 May 15 2021
# -- Compiling package execute_driver_pkg
# -- Importing package mtiUvm.uvm_pkg (uvm-1.1d Built-in)
# ** Note: (vlog-2286) ../../Verification/Execute/execute_driver_pkg.sv(4): Using implicit +incdir+/opt/questasim/questasim/uvm-1.1d/../verilog_src/uvm-1.1d/src from import uvm_pkg
# -- Importing package execute_item_pkg
# -- Importing package shared_pkg
# 
# Top level modules:
# 	--none--
# QuestaSim vlog 2021.2_1 Compiler 2021.05 May 15 2021
# -- Compiling package execute_monitor_pkg
# -- Importing package mtiUvm.uvm_pkg (uvm-1.1d Built-in)
# ** Note: (vlog-2286) ../../Verification/Execute/execute_monitor_pkg.sv(4): Using implicit +incdir+/opt/questasim/questasim/uvm-1.1d/../verilog_src/uvm-1.1d/src from import uvm_pkg
# -- Importing package execute_item_pkg
# -- Importing package shared_pkg
# 
# Top level modules:
# 	--none--
# QuestaSim vlog 2021.2_1 Compiler 2021.05 May 15 2021
# -- Compiling package execute_seq_pkg
# -- Importing package mtiUvm.uvm_pkg (uvm-1.1d Built-in)
# ** Note: (vlog-2286) ../../Verification/Execute/execute_seq_pkg.sv(4): Using implicit +incdir+/opt/questasim/questasim/uvm-1.1d/../verilog_src/uvm-1.1d/src from import uvm_pkg
# -- Importing package shared_pkg
# -- Importing package execute_item_pkg
# 
# Top level modules:
# 	--none--
# QuestaSim vlog 2021.2_1 Compiler 2021.05 May 15 2021
# -- Compiling package execute_agent_pkg
# -- Importing package mtiUvm.uvm_pkg (uvm-1.1d Built-in)
# ** Note: (vlog-2286) ../../Verification/Execute/execute_agent_pkg.sv(4): Using implicit +incdir+/opt/questasim/questasim/uvm-1.1d/../verilog_src/uvm-1.1d/src from import uvm_pkg
# -- Importing package execute_driver_pkg
# -- Importing package execute_item_pkg
# -- Importing package shared_pkg
# -- Importing package execute_monitor_pkg
# -- Importing package execute_config_pkg
# 
# Top level modules:
# 	--none--
# QuestaSim vlog 2021.2_1 Compiler 2021.05 May 15 2021
# -- Compiling package execute_scoreboard_pkg
# -- Importing package mtiUvm.uvm_pkg (uvm-1.1d Built-in)
# ** Note: (vlog-2286) ../../Verification/Execute/execute_scoreboard_pkg.sv(10): Using implicit +incdir+/opt/questasim/questasim/uvm-1.1d/../verilog_src/uvm-1.1d/src from import uvm_pkg
# -- Importing package shared_pkg
# -- Importing package execute_item_pkg
# 
# Top level modules:
# 	--none--
# QuestaSim vlog 2021.2_1 Compiler 2021.05 May 15 2021
# -- Compiling package execute_subscriber_pkg
# -- Importing package mtiUvm.uvm_pkg (uvm-1.1d Built-in)
# ** Note: (vlog-2286) ../../Verification/Execute/execute_subscriber_pkg.sv(4): Using implicit +incdir+/opt/questasim/questasim/uvm-1.1d/../verilog_src/uvm-1.1d/src from import uvm_pkg
# -- Importing package execute_item_pkg
# -- Importing package shared_pkg
# 
# Top level modules:
# 	--none--
# QuestaSim vlog 2021.2_1 Compiler 2021.05 May 15 2021
# -- Compiling package execute_predictor_pkg
# -- Importing package mtiUvm.uvm_pkg (uvm-1.1d Built-in)
# ** Note: (vlog-2286) ../../Verification/Execute/execute_predictor_pkg.sv(29): Using implicit +incdir+/opt/questasim/questasim/uvm-1.1d/../verilog_src/uvm-1.1d/src from import uvm_pkg
# -- Importing package shared_pkg
# -- Importing package execute_item_pkg
# 
# Top level modules:
# 	--none--
# QuestaSim vlog 2021.2_1 Compiler 2021.05 May 15 2021
# -- Compiling package execute_env_pkg
# -- Importing package mtiUvm.uvm_pkg (uvm-1.1d Built-in)
# ** Note: (vlog-2286) ../../Verification/Execute/execute_env_pkg.sv(5): Using implicit +incdir+/opt/questasim/questasim/uvm-1.1d/../verilog_src/uvm-1.1d/src from import uvm_pkg
# -- Importing package execute_agent_pkg
# -- Importing package execute_driver_pkg
# -- Importing package execute_item_pkg
# -- Importing package shared_pkg
# -- Importing package execute_monitor_pkg
# -- Importing package execute_config_pkg
# -- Importing package execute_scoreboard_pkg
# -- Importing package execute_subscriber_pkg
# -- Importing package execute_predictor_pkg
# -- Importing package flp_env_pkg
# -- Importing package flp_agent_pkg
# -- Importing package flp_driver_pkg
# -- Importing package flp_item_pkg
# -- Importing package flp_monitor_pkg
# -- Importing package flp_config_pkg
# -- Importing package flp_scoreboard_pkg
# -- Importing package flp_subscriber_pkg
# -- Importing package flp_predictor_pkg
# -- Importing package csr_env_pkg
# -- Importing package csr_agent_pkg
# -- Importing package csr_driver_pkg
# -- Importing package csr_item_pkg
# -- Importing package csr_monitor_pkg
# -- Importing package csr_config_pkg
# -- Importing package csr_scoreboard_pkg
# -- Importing package csr_subscriber_pkg
# -- Importing package csr_predictor_pkg
# 
# Top level modules:
# 	--none--
# QuestaSim vlog 2021.2_1 Compiler 2021.05 May 15 2021
# -- Compiling package execute_test_pkg
# -- Importing package mtiUvm.uvm_pkg (uvm-1.1d Built-in)
# ** Note: (vlog-2286) ../../Verification/Execute/execute_test_pkg.sv(3): Using implicit +incdir+/opt/questasim/questasim/uvm-1.1d/../verilog_src/uvm-1.1d/src from import uvm_pkg
# -- Importing package execute_env_pkg
# -- Importing package execute_agent_pkg
# -- Importing package execute_driver_pkg
# -- Importing package execute_item_pkg
# -- Importing package shared_pkg
# -- Importing package execute_monitor_pkg
# -- Importing package execute_config_pkg
# -- Importing package execute_scoreboard_pkg
# -- Importing package execute_subscriber_pkg
# -- Importing package execute_predictor_pkg
# -- Importing package flp_env_pkg
# -- Importing package flp_agent_pkg
# -- Importing package flp_driver_pkg
# -- Importing package flp_item_pkg
# -- Importing package flp_monitor_pkg
# -- Importing package flp_config_pkg
# -- Importing package flp_scoreboard_pkg
# -- Importing package flp_subscriber_pkg
# -- Importing package flp_predictor_pkg
# -- Importing package csr_env_pkg
# -- Importing package csr_agent_pkg
# -- Importing package csr_driver_pkg
# -- Importing package csr_item_pkg
# -- Importing package csr_monitor_pkg
# -- Importing package csr_config_pkg
# -- Importing package csr_scoreboard_pkg
# -- Importing package csr_subscriber_pkg
# -- Importing package csr_predictor_pkg
# -- Importing package execute_seq_pkg
# 
# Top level modules:
# 	--none--
# QuestaSim vlog 2021.2_1 Compiler 2021.05 May 15 2021
# -- Compiling package execute_interface_sv_unit
# -- Importing package shared_pkg
# -- Importing package execute_item_pkg
# -- Importing package mtiUvm.uvm_pkg (uvm-1.1d Built-in)
# -- Compiling interface execute_interface
# 
# Top level modules:
# 	--none--
# QuestaSim vlog 2021.2_1 Compiler 2021.05 May 15 2021
# -- Compiling module execute_top
# -- Importing package mtiUvm.uvm_pkg (uvm-1.1d Built-in)
# ** Note: (vlog-2286) ../../Verification/Execute/execute_top.sv(9): Using implicit +incdir+/opt/questasim/questasim/uvm-1.1d/../verilog_src/uvm-1.1d/src from import uvm_pkg
# -- Importing package execute_test_pkg
# -- Importing package execute_env_pkg
# -- Importing package execute_agent_pkg
# -- Importing package execute_driver_pkg
# -- Importing package execute_item_pkg
# -- Importing package shared_pkg
# -- Importing package execute_monitor_pkg
# -- Importing package execute_config_pkg
# -- Importing package execute_scoreboard_pkg
# -- Importing package execute_subscriber_pkg
# -- Importing package execute_predictor_pkg
# -- Importing package flp_env_pkg
# -- Importing package flp_agent_pkg
# -- Importing package flp_driver_pkg
# -- Importing package flp_item_pkg
# -- Importing package flp_monitor_pkg
# -- Importing package flp_config_pkg
# -- Importing package flp_scoreboard_pkg
# -- Importing package flp_subscriber_pkg
# -- Importing package flp_predictor_pkg
# -- Importing package csr_env_pkg
# -- Importing package csr_agent_pkg
# -- Importing package csr_driver_pkg
# -- Importing package csr_item_pkg
# -- Importing package csr_monitor_pkg
# -- Importing package csr_config_pkg
# -- Importing package csr_scoreboard_pkg
# -- Importing package csr_subscriber_pkg
# -- Importing package csr_predictor_pkg
# -- Importing package execute_seq_pkg
# 
# Top level modules:
# 	execute_top
# Compiling Memory verification...
# QuestaSim vlog 2021.2_1 Compiler 2021.05 May 15 2021
# -- Compiling package mem_item_pkg
# -- Importing package mtiUvm.uvm_pkg (uvm-1.1d Built-in)
# ** Note: (vlog-2286) ../../Verification/Memory/mem_item_pkg.sv(9): Using implicit +incdir+/opt/questasim/questasim/uvm-1.1d/../verilog_src/uvm-1.1d/src from import uvm_pkg
# -- Importing package shared_pkg
# ** Warning: ../../Verification/Memory/mem_item_pkg.sv(92): (vlog-2643) Unterminated string literal continues onto next line.
# 
# Top level modules:
# 	--none--
# QuestaSim vlog 2021.2_1 Compiler 2021.05 May 15 2021
# -- Compiling package mem_config_pkg
# -- Importing package mtiUvm.uvm_pkg (uvm-1.1d Built-in)
# ** Note: (vlog-2286) ../../Verification/Memory/mem_config_pkg.sv(4): Using implicit +incdir+/opt/questasim/questasim/uvm-1.1d/../verilog_src/uvm-1.1d/src from import uvm_pkg
# 
# Top level modules:
# 	--none--
# QuestaSim vlog 2021.2_1 Compiler 2021.05 May 15 2021
# -- Compiling package mem_driver_pkg
# -- Importing package mtiUvm.uvm_pkg (uvm-1.1d Built-in)
# ** Note: (vlog-2286) ../../Verification/Memory/mem_driver_pkg.sv(4): Using implicit +incdir+/opt/questasim/questasim/uvm-1.1d/../verilog_src/uvm-1.1d/src from import uvm_pkg
# -- Importing package mem_item_pkg
# -- Importing package shared_pkg
# 
# Top level modules:
# 	--none--
# QuestaSim vlog 2021.2_1 Compiler 2021.05 May 15 2021
# -- Compiling package mem_monitor_pkg
# -- Importing package mtiUvm.uvm_pkg (uvm-1.1d Built-in)
# ** Note: (vlog-2286) ../../Verification/Memory/mem_monitor_pkg.sv(4): Using implicit +incdir+/opt/questasim/questasim/uvm-1.1d/../verilog_src/uvm-1.1d/src from import uvm_pkg
# -- Importing package mem_item_pkg
# -- Importing package shared_pkg
# 
# Top level modules:
# 	--none--
# QuestaSim vlog 2021.2_1 Compiler 2021.05 May 15 2021
# -- Compiling package mem_seq_pkg
# -- Importing package mtiUvm.uvm_pkg (uvm-1.1d Built-in)
# ** Note: (vlog-2286) ../../Verification/Memory/mem_seq_pkg.sv(4): Using implicit +incdir+/opt/questasim/questasim/uvm-1.1d/../verilog_src/uvm-1.1d/src from import uvm_pkg
# -- Importing package shared_pkg
# -- Importing package mem_item_pkg
# 
# Top level modules:
# 	--none--
# QuestaSim vlog 2021.2_1 Compiler 2021.05 May 15 2021
# -- Compiling package mem_agent_pkg
# -- Importing package mtiUvm.uvm_pkg (uvm-1.1d Built-in)
# ** Note: (vlog-2286) ../../Verification/Memory/mem_agent_pkg.sv(4): Using implicit +incdir+/opt/questasim/questasim/uvm-1.1d/../verilog_src/uvm-1.1d/src from import uvm_pkg
# -- Importing package mem_driver_pkg
# -- Importing package mem_item_pkg
# -- Importing package shared_pkg
# -- Importing package mem_monitor_pkg
# -- Importing package mem_config_pkg
# 
# Top level modules:
# 	--none--
# QuestaSim vlog 2021.2_1 Compiler 2021.05 May 15 2021
# -- Compiling package mem_scoreboard_pkg
# -- Importing package mtiUvm.uvm_pkg (uvm-1.1d Built-in)
# ** Note: (vlog-2286) ../../Verification/Memory/mem_scoreboard_pkg.sv(20): Using implicit +incdir+/opt/questasim/questasim/uvm-1.1d/../verilog_src/uvm-1.1d/src from import uvm_pkg
# -- Importing package shared_pkg
# -- Importing package mem_item_pkg
# 
# Top level modules:
# 	--none--
# QuestaSim vlog 2021.2_1 Compiler 2021.05 May 15 2021
# -- Compiling package mem_subscriber_pkg
# -- Importing package mtiUvm.uvm_pkg (uvm-1.1d Built-in)
# ** Note: (vlog-2286) ../../Verification/Memory/mem_subscriber_pkg.sv(4): Using implicit +incdir+/opt/questasim/questasim/uvm-1.1d/../verilog_src/uvm-1.1d/src from import uvm_pkg
# -- Importing package mem_item_pkg
# -- Importing package shared_pkg
# 
# Top level modules:
# 	--none--
# QuestaSim vlog 2021.2_1 Compiler 2021.05 May 15 2021
# -- Compiling package mem_predictor_pkg
# -- Importing package mtiUvm.uvm_pkg (uvm-1.1d Built-in)
# ** Note: (vlog-2286) ../../Verification/Memory/mem_predictor_pkg.sv(31): Using implicit +incdir+/opt/questasim/questasim/uvm-1.1d/../verilog_src/uvm-1.1d/src from import uvm_pkg
# -- Importing package shared_pkg
# -- Importing package mem_item_pkg
# 
# Top level modules:
# 	--none--
# QuestaSim vlog 2021.2_1 Compiler 2021.05 May 15 2021
# -- Compiling package mem_env_pkg
# -- Importing package mtiUvm.uvm_pkg (uvm-1.1d Built-in)
# ** Note: (vlog-2286) ../../Verification/Memory/mem_env_pkg.sv(5): Using implicit +incdir+/opt/questasim/questasim/uvm-1.1d/../verilog_src/uvm-1.1d/src from import uvm_pkg
# -- Importing package mem_agent_pkg
# -- Importing package mem_driver_pkg
# -- Importing package mem_item_pkg
# -- Importing package shared_pkg
# -- Importing package mem_monitor_pkg
# -- Importing package mem_config_pkg
# -- Importing package mem_scoreboard_pkg
# -- Importing package mem_subscriber_pkg
# -- Importing package mem_predictor_pkg
# 
# Top level modules:
# 	--none--
# QuestaSim vlog 2021.2_1 Compiler 2021.05 May 15 2021
# -- Compiling package mem_test_pkg
# -- Importing package mtiUvm.uvm_pkg (uvm-1.1d Built-in)
# ** Note: (vlog-2286) ../../Verification/Memory/mem_test_pkg.sv(3): Using implicit +incdir+/opt/questasim/questasim/uvm-1.1d/../verilog_src/uvm-1.1d/src from import uvm_pkg
# -- Importing package mem_env_pkg
# -- Importing package mem_agent_pkg
# -- Importing package mem_driver_pkg
# -- Importing package mem_item_pkg
# -- Importing package shared_pkg
# -- Importing package mem_monitor_pkg
# -- Importing package mem_config_pkg
# -- Importing package mem_scoreboard_pkg
# -- Importing package mem_subscriber_pkg
# -- Importing package mem_predictor_pkg
# -- Importing package mem_seq_pkg
# 
# Top level modules:
# 	--none--
# QuestaSim vlog 2021.2_1 Compiler 2021.05 May 15 2021
# -- Compiling package mem_interface_sv_unit
# -- Importing package shared_pkg
# -- Importing package mem_item_pkg
# -- Importing package mtiUvm.uvm_pkg (uvm-1.1d Built-in)
# -- Compiling interface mem_interface
# 
# Top level modules:
# 	--none--
# QuestaSim vlog 2021.2_1 Compiler 2021.05 May 15 2021
# -- Compiling module mem_top
# -- Importing package mtiUvm.uvm_pkg (uvm-1.1d Built-in)
# ** Note: (vlog-2286) ../../Verification/Memory/mem_top.sv(18): Using implicit +incdir+/opt/questasim/questasim/uvm-1.1d/../verilog_src/uvm-1.1d/src from import uvm_pkg
# -- Importing package shared_pkg
# -- Importing package mem_test_pkg
# -- Importing package mem_env_pkg
# -- Importing package mem_agent_pkg
# -- Importing package mem_driver_pkg
# -- Importing package mem_item_pkg
# -- Importing package mem_monitor_pkg
# -- Importing package mem_config_pkg
# -- Importing package mem_scoreboard_pkg
# -- Importing package mem_subscriber_pkg
# -- Importing package mem_predictor_pkg
# -- Importing package mem_seq_pkg
# 
# Top level modules:
# 	mem_top
# Compiling WriteBack verification...
# QuestaSim vlog 2021.2_1 Compiler 2021.05 May 15 2021
# -- Compiling package writeback_item_pkg
# -- Importing package mtiUvm.uvm_pkg (uvm-1.1d Built-in)
# ** Note: (vlog-2286) ../../Verification/WriteBack/writeback_item_pkg.sv(9): Using implicit +incdir+/opt/questasim/questasim/uvm-1.1d/../verilog_src/uvm-1.1d/src from import uvm_pkg
# -- Importing package shared_pkg
# ** Warning: ../../Verification/WriteBack/writeback_item_pkg.sv(50): (vlog-2643) Unterminated string literal continues onto next line.
# 
# Top level modules:
# 	--none--
# QuestaSim vlog 2021.2_1 Compiler 2021.05 May 15 2021
# -- Compiling package writeback_config_pkg
# -- Importing package mtiUvm.uvm_pkg (uvm-1.1d Built-in)
# ** Note: (vlog-2286) ../../Verification/WriteBack/writeback_config_pkg.sv(4): Using implicit +incdir+/opt/questasim/questasim/uvm-1.1d/../verilog_src/uvm-1.1d/src from import uvm_pkg
# 
# Top level modules:
# 	--none--
# QuestaSim vlog 2021.2_1 Compiler 2021.05 May 15 2021
# -- Compiling package writeback_driver_pkg
# -- Importing package mtiUvm.uvm_pkg (uvm-1.1d Built-in)
# ** Note: (vlog-2286) ../../Verification/WriteBack/writeback_driver_pkg.sv(4): Using implicit +incdir+/opt/questasim/questasim/uvm-1.1d/../verilog_src/uvm-1.1d/src from import uvm_pkg
# -- Importing package writeback_item_pkg
# -- Importing package shared_pkg
# 
# Top level modules:
# 	--none--
# QuestaSim vlog 2021.2_1 Compiler 2021.05 May 15 2021
# -- Compiling package writeback_monitor_pkg
# -- Importing package mtiUvm.uvm_pkg (uvm-1.1d Built-in)
# ** Note: (vlog-2286) ../../Verification/WriteBack/writeback_monitor_pkg.sv(4): Using implicit +incdir+/opt/questasim/questasim/uvm-1.1d/../verilog_src/uvm-1.1d/src from import uvm_pkg
# -- Importing package writeback_item_pkg
# -- Importing package shared_pkg
# 
# Top level modules:
# 	--none--
# QuestaSim vlog 2021.2_1 Compiler 2021.05 May 15 2021
# -- Compiling package writeback_seq_pkg
# -- Importing package mtiUvm.uvm_pkg (uvm-1.1d Built-in)
# ** Note: (vlog-2286) ../../Verification/WriteBack/writeback_seq_pkg.sv(4): Using implicit +incdir+/opt/questasim/questasim/uvm-1.1d/../verilog_src/uvm-1.1d/src from import uvm_pkg
# -- Importing package shared_pkg
# -- Importing package writeback_item_pkg
# 
# Top level modules:
# 	--none--
# QuestaSim vlog 2021.2_1 Compiler 2021.05 May 15 2021
# -- Compiling package writeback_agent_pkg
# -- Importing package mtiUvm.uvm_pkg (uvm-1.1d Built-in)
# ** Note: (vlog-2286) ../../Verification/WriteBack/writeback_agent_pkg.sv(4): Using implicit +incdir+/opt/questasim/questasim/uvm-1.1d/../verilog_src/uvm-1.1d/src from import uvm_pkg
# -- Importing package writeback_driver_pkg
# -- Importing package writeback_item_pkg
# -- Importing package shared_pkg
# -- Importing package writeback_monitor_pkg
# -- Importing package writeback_config_pkg
# 
# Top level modules:
# 	--none--
# QuestaSim vlog 2021.2_1 Compiler 2021.05 May 15 2021
# -- Compiling package writeback_scoreboard_pkg
# -- Importing package mtiUvm.uvm_pkg (uvm-1.1d Built-in)
# ** Note: (vlog-2286) ../../Verification/WriteBack/writeback_scoreboard_pkg.sv(17): Using implicit +incdir+/opt/questasim/questasim/uvm-1.1d/../verilog_src/uvm-1.1d/src from import uvm_pkg
# -- Importing package shared_pkg
# -- Importing package writeback_item_pkg
# 
# Top level modules:
# 	--none--
# QuestaSim vlog 2021.2_1 Compiler 2021.05 May 15 2021
# -- Compiling package writeback_subscriber_pkg
# -- Importing package mtiUvm.uvm_pkg (uvm-1.1d Built-in)
# ** Note: (vlog-2286) ../../Verification/WriteBack/writeback_subscriber_pkg.sv(4): Using implicit +incdir+/opt/questasim/questasim/uvm-1.1d/../verilog_src/uvm-1.1d/src from import uvm_pkg
# -- Importing package writeback_item_pkg
# -- Importing package shared_pkg
# 
# Top level modules:
# 	--none--
# QuestaSim vlog 2021.2_1 Compiler 2021.05 May 15 2021
# -- Compiling package writeback_predictor_pkg
# -- Importing package mtiUvm.uvm_pkg (uvm-1.1d Built-in)
# ** Note: (vlog-2286) ../../Verification/WriteBack/writeback_predictor_pkg.sv(25): Using implicit +incdir+/opt/questasim/questasim/uvm-1.1d/../verilog_src/uvm-1.1d/src from import uvm_pkg
# -- Importing package shared_pkg
# -- Importing package writeback_item_pkg
# 
# Top level modules:
# 	--none--
# QuestaSim vlog 2021.2_1 Compiler 2021.05 May 15 2021
# -- Compiling package writeback_env_pkg
# -- Importing package mtiUvm.uvm_pkg (uvm-1.1d Built-in)
# ** Note: (vlog-2286) ../../Verification/WriteBack/writeback_env_pkg.sv(10): Using implicit +incdir+/opt/questasim/questasim/uvm-1.1d/../verilog_src/uvm-1.1d/src from import uvm_pkg
# -- Importing package writeback_agent_pkg
# -- Importing package writeback_driver_pkg
# -- Importing package writeback_item_pkg
# -- Importing package shared_pkg
# -- Importing package writeback_monitor_pkg
# -- Importing package writeback_config_pkg
# -- Importing package writeback_scoreboard_pkg
# -- Importing package writeback_subscriber_pkg
# -- Importing package writeback_predictor_pkg
# 
# Top level modules:
# 	--none--
# QuestaSim vlog 2021.2_1 Compiler 2021.05 May 15 2021
# -- Compiling package writeback_test_pkg
# -- Importing package mtiUvm.uvm_pkg (uvm-1.1d Built-in)
# ** Note: (vlog-2286) ../../Verification/WriteBack/writeback_test_pkg.sv(3): Using implicit +incdir+/opt/questasim/questasim/uvm-1.1d/../verilog_src/uvm-1.1d/src from import uvm_pkg
# -- Importing package writeback_env_pkg
# -- Importing package writeback_agent_pkg
# -- Importing package writeback_driver_pkg
# -- Importing package writeback_item_pkg
# -- Importing package shared_pkg
# -- Importing package writeback_monitor_pkg
# -- Importing package writeback_config_pkg
# -- Importing package writeback_scoreboard_pkg
# -- Importing package writeback_subscriber_pkg
# -- Importing package writeback_predictor_pkg
# -- Importing package writeback_seq_pkg
# 
# Top level modules:
# 	--none--
# QuestaSim vlog 2021.2_1 Compiler 2021.05 May 15 2021
# -- Compiling package writeback_interface_sv_unit
# -- Importing package shared_pkg
# -- Importing package writeback_item_pkg
# -- Importing package mtiUvm.uvm_pkg (uvm-1.1d Built-in)
# -- Compiling interface writeback_interface
# 
# Top level modules:
# 	--none--
# QuestaSim vlog 2021.2_1 Compiler 2021.05 May 15 2021
# -- Compiling module writeback_top
# -- Importing package mtiUvm.uvm_pkg (uvm-1.1d Built-in)
# ** Note: (vlog-2286) ../../Verification/WriteBack/writeback_top.sv(9): Using implicit +incdir+/opt/questasim/questasim/uvm-1.1d/../verilog_src/uvm-1.1d/src from import uvm_pkg
# -- Importing package shared_pkg
# -- Importing package writeback_test_pkg
# -- Importing package writeback_env_pkg
# -- Importing package writeback_agent_pkg
# -- Importing package writeback_driver_pkg
# -- Importing package writeback_item_pkg
# -- Importing package writeback_monitor_pkg
# -- Importing package writeback_config_pkg
# -- Importing package writeback_scoreboard_pkg
# -- Importing package writeback_subscriber_pkg
# -- Importing package writeback_predictor_pkg
# -- Importing package writeback_seq_pkg
# 
# Top level modules:
# 	writeback_top
# Compiling Hazard verification...
# QuestaSim vlog 2021.2_1 Compiler 2021.05 May 15 2021
# -- Compiling package hazard_item_pkg
# -- Importing package mtiUvm.uvm_pkg (uvm-1.1d Built-in)
# ** Note: (vlog-2286) ../../Verification/Hazard/hazard_item_pkg.sv(9): Using implicit +incdir+/opt/questasim/questasim/uvm-1.1d/../verilog_src/uvm-1.1d/src from import uvm_pkg
# -- Importing package shared_pkg
# ** Warning: ../../Verification/Hazard/hazard_item_pkg.sv(69): (vlog-2643) Unterminated string literal continues onto next line.
# 
# Top level modules:
# 	--none--
# QuestaSim vlog 2021.2_1 Compiler 2021.05 May 15 2021
# -- Compiling package hazard_config_pkg
# -- Importing package mtiUvm.uvm_pkg (uvm-1.1d Built-in)
# ** Note: (vlog-2286) ../../Verification/Hazard/hazard_config_pkg.sv(4): Using implicit +incdir+/opt/questasim/questasim/uvm-1.1d/../verilog_src/uvm-1.1d/src from import uvm_pkg
# 
# Top level modules:
# 	--none--
# QuestaSim vlog 2021.2_1 Compiler 2021.05 May 15 2021
# -- Compiling package hazard_driver_pkg
# -- Importing package mtiUvm.uvm_pkg (uvm-1.1d Built-in)
# ** Note: (vlog-2286) ../../Verification/Hazard/hazard_driver_pkg.sv(4): Using implicit +incdir+/opt/questasim/questasim/uvm-1.1d/../verilog_src/uvm-1.1d/src from import uvm_pkg
# -- Importing package hazard_item_pkg
# -- Importing package shared_pkg
# 
# Top level modules:
# 	--none--
# QuestaSim vlog 2021.2_1 Compiler 2021.05 May 15 2021
# -- Compiling package hazard_monitor_pkg
# -- Importing package mtiUvm.uvm_pkg (uvm-1.1d Built-in)
# ** Note: (vlog-2286) ../../Verification/Hazard/hazard_monitor_pkg.sv(4): Using implicit +incdir+/opt/questasim/questasim/uvm-1.1d/../verilog_src/uvm-1.1d/src from import uvm_pkg
# -- Importing package hazard_item_pkg
# -- Importing package shared_pkg
# 
# Top level modules:
# 	--none--
# QuestaSim vlog 2021.2_1 Compiler 2021.05 May 15 2021
# -- Compiling package hazard_seq_pkg
# -- Importing package mtiUvm.uvm_pkg (uvm-1.1d Built-in)
# ** Note: (vlog-2286) ../../Verification/Hazard/hazard_seq_pkg.sv(4): Using implicit +incdir+/opt/questasim/questasim/uvm-1.1d/../verilog_src/uvm-1.1d/src from import uvm_pkg
# -- Importing package shared_pkg
# -- Importing package hazard_item_pkg
# 
# Top level modules:
# 	--none--
# QuestaSim vlog 2021.2_1 Compiler 2021.05 May 15 2021
# -- Compiling package hazard_agent_pkg
# -- Importing package mtiUvm.uvm_pkg (uvm-1.1d Built-in)
# ** Note: (vlog-2286) ../../Verification/Hazard/hazard_agent_pkg.sv(4): Using implicit +incdir+/opt/questasim/questasim/uvm-1.1d/../verilog_src/uvm-1.1d/src from import uvm_pkg
# -- Importing package hazard_driver_pkg
# -- Importing package hazard_item_pkg
# -- Importing package shared_pkg
# -- Importing package hazard_monitor_pkg
# -- Importing package hazard_config_pkg
# 
# Top level modules:
# 	--none--
# QuestaSim vlog 2021.2_1 Compiler 2021.05 May 15 2021
# -- Compiling package hazard_scoreboard_pkg
# -- Importing package mtiUvm.uvm_pkg (uvm-1.1d Built-in)
# ** Note: (vlog-2286) ../../Verification/Hazard/hazard_scoreboard_pkg.sv(19): Using implicit +incdir+/opt/questasim/questasim/uvm-1.1d/../verilog_src/uvm-1.1d/src from import uvm_pkg
# -- Importing package shared_pkg
# -- Importing package hazard_item_pkg
# 
# Top level modules:
# 	--none--
# QuestaSim vlog 2021.2_1 Compiler 2021.05 May 15 2021
# -- Compiling package hazard_subscriber_pkg
# -- Importing package mtiUvm.uvm_pkg (uvm-1.1d Built-in)
# ** Note: (vlog-2286) ../../Verification/Hazard/hazard_subscriber_pkg.sv(4): Using implicit +incdir+/opt/questasim/questasim/uvm-1.1d/../verilog_src/uvm-1.1d/src from import uvm_pkg
# -- Importing package hazard_item_pkg
# -- Importing package shared_pkg
# 
# Top level modules:
# 	--none--
# QuestaSim vlog 2021.2_1 Compiler 2021.05 May 15 2021
# -- Compiling package hazard_predictor_pkg
# -- Importing package mtiUvm.uvm_pkg (uvm-1.1d Built-in)
# ** Note: (vlog-2286) ../../Verification/Hazard/hazard_predictor_pkg.sv(25): Using implicit +incdir+/opt/questasim/questasim/uvm-1.1d/../verilog_src/uvm-1.1d/src from import uvm_pkg
# -- Importing package shared_pkg
# -- Importing package hazard_item_pkg
# 
# Top level modules:
# 	--none--
# QuestaSim vlog 2021.2_1 Compiler 2021.05 May 15 2021
# -- Compiling package hazard_env_pkg
# -- Importing package mtiUvm.uvm_pkg (uvm-1.1d Built-in)
# ** Note: (vlog-2286) ../../Verification/Hazard/hazard_env_pkg.sv(5): Using implicit +incdir+/opt/questasim/questasim/uvm-1.1d/../verilog_src/uvm-1.1d/src from import uvm_pkg
# -- Importing package hazard_agent_pkg
# -- Importing package hazard_driver_pkg
# -- Importing package hazard_item_pkg
# -- Importing package shared_pkg
# -- Importing package hazard_monitor_pkg
# -- Importing package hazard_config_pkg
# -- Importing package hazard_scoreboard_pkg
# -- Importing package hazard_subscriber_pkg
# -- Importing package hazard_predictor_pkg
# 
# Top level modules:
# 	--none--
# QuestaSim vlog 2021.2_1 Compiler 2021.05 May 15 2021
# -- Compiling package hazard_test_pkg
# -- Importing package mtiUvm.uvm_pkg (uvm-1.1d Built-in)
# ** Note: (vlog-2286) ../../Verification/Hazard/hazard_test_pkg.sv(3): Using implicit +incdir+/opt/questasim/questasim/uvm-1.1d/../verilog_src/uvm-1.1d/src from import uvm_pkg
# -- Importing package hazard_env_pkg
# -- Importing package hazard_agent_pkg
# -- Importing package hazard_driver_pkg
# -- Importing package hazard_item_pkg
# -- Importing package shared_pkg
# -- Importing package hazard_monitor_pkg
# -- Importing package hazard_config_pkg
# -- Importing package hazard_scoreboard_pkg
# -- Importing package hazard_subscriber_pkg
# -- Importing package hazard_predictor_pkg
# -- Importing package hazard_seq_pkg
# 
# Top level modules:
# 	--none--
# QuestaSim vlog 2021.2_1 Compiler 2021.05 May 15 2021
# -- Compiling package hazard_interface_sv_unit
# -- Importing package shared_pkg
# -- Importing package hazard_item_pkg
# -- Importing package mtiUvm.uvm_pkg (uvm-1.1d Built-in)
# -- Compiling interface hazard_interface
# 
# Top level modules:
# 	--none--
# QuestaSim vlog 2021.2_1 Compiler 2021.05 May 15 2021
# -- Compiling module hazard_top
# -- Importing package mtiUvm.uvm_pkg (uvm-1.1d Built-in)
# ** Note: (vlog-2286) ../../Verification/Hazard/hazard_top.sv(9): Using implicit +incdir+/opt/questasim/questasim/uvm-1.1d/../verilog_src/uvm-1.1d/src from import uvm_pkg
# -- Importing package shared_pkg
# -- Importing package hazard_test_pkg
# -- Importing package hazard_env_pkg
# -- Importing package hazard_agent_pkg
# -- Importing package hazard_driver_pkg
# -- Importing package hazard_item_pkg
# -- Importing package hazard_monitor_pkg
# -- Importing package hazard_config_pkg
# -- Importing package hazard_scoreboard_pkg
# -- Importing package hazard_subscriber_pkg
# -- Importing package hazard_predictor_pkg
# -- Importing package hazard_seq_pkg
# 
# Top level modules:
# 	hazard_top
# Compiling Risc full processor verification...
# QuestaSim vlog 2021.2_1 Compiler 2021.05 May 15 2021
# ** Note: (vlog-2286) ../../Verification/Risc/csr_wr.sv(2): Using implicit +incdir+/opt/questasim/questasim/uvm-1.1d/../verilog_src/uvm-1.1d/src from import uvm_pkg
# -- Compiling package csr_wr_sv_unit
# -- Importing package mtiUvm.uvm_pkg (uvm-1.1d Built-in)
# -- Importing package shared_pkg
# -- Compiling interface csr_wr
# 
# Top level modules:
# 	--none--
# QuestaSim vlog 2021.2_1 Compiler 2021.05 May 15 2021
# ** Note: (vlog-2286) ../../Verification/Risc/decode_wr.sv(2): Using implicit +incdir+/opt/questasim/questasim/uvm-1.1d/../verilog_src/uvm-1.1d/src from import uvm_pkg
# -- Compiling package decode_wr_sv_unit
# -- Importing package mtiUvm.uvm_pkg (uvm-1.1d Built-in)
# -- Importing package shared_pkg
# -- Compiling interface decode_wr
# 
# Top level modules:
# 	--none--
# QuestaSim vlog 2021.2_1 Compiler 2021.05 May 15 2021
# ** Note: (vlog-2286) ../../Verification/Risc/execute_wr.sv(2): Using implicit +incdir+/opt/questasim/questasim/uvm-1.1d/../verilog_src/uvm-1.1d/src from import uvm_pkg
# -- Compiling package execute_wr_sv_unit
# -- Importing package mtiUvm.uvm_pkg (uvm-1.1d Built-in)
# -- Importing package shared_pkg
# -- Compiling interface execute_wr
# 
# Top level modules:
# 	--none--
# QuestaSim vlog 2021.2_1 Compiler 2021.05 May 15 2021
# ** Note: (vlog-2286) ../../Verification/Risc/fetch_wr.sv(2): Using implicit +incdir+/opt/questasim/questasim/uvm-1.1d/../verilog_src/uvm-1.1d/src from import uvm_pkg
# -- Compiling package fetch_wr_sv_unit
# -- Importing package mtiUvm.uvm_pkg (uvm-1.1d Built-in)
# -- Importing package shared_pkg
# -- Compiling interface fetch_wr
# 
# Top level modules:
# 	--none--
# QuestaSim vlog 2021.2_1 Compiler 2021.05 May 15 2021
# ** Note: (vlog-2286) ../../Verification/Risc/flp_wr.sv(2): Using implicit +incdir+/opt/questasim/questasim/uvm-1.1d/../verilog_src/uvm-1.1d/src from import uvm_pkg
# -- Compiling package flp_wr_sv_unit
# -- Importing package mtiUvm.uvm_pkg (uvm-1.1d Built-in)
# -- Importing package shared_pkg
# -- Compiling interface flp_wr
# 
# Top level modules:
# 	--none--
# QuestaSim vlog 2021.2_1 Compiler 2021.05 May 15 2021
# ** Note: (vlog-2286) ../../Verification/Risc/hazard_wr.sv(2): Using implicit +incdir+/opt/questasim/questasim/uvm-1.1d/../verilog_src/uvm-1.1d/src from import uvm_pkg
# -- Compiling package hazard_wr_sv_unit
# -- Importing package mtiUvm.uvm_pkg (uvm-1.1d Built-in)
# -- Importing package shared_pkg
# -- Compiling interface hazard_wr
# 
# Top level modules:
# 	--none--
# QuestaSim vlog 2021.2_1 Compiler 2021.05 May 15 2021
# ** Note: (vlog-2286) ../../Verification/Risc/memory_wr.sv(2): Using implicit +incdir+/opt/questasim/questasim/uvm-1.1d/../verilog_src/uvm-1.1d/src from import uvm_pkg
# -- Compiling package memory_wr_sv_unit
# -- Importing package mtiUvm.uvm_pkg (uvm-1.1d Built-in)
# -- Importing package shared_pkg
# -- Compiling interface memory_wr
# 
# Top level modules:
# 	--none--
# QuestaSim vlog 2021.2_1 Compiler 2021.05 May 15 2021
# -- Compiling package risc_interface_sv_unit
# -- Importing package shared_pkg
# -- Compiling interface risc_interface
# 
# Top level modules:
# 	--none--
# QuestaSim vlog 2021.2_1 Compiler 2021.05 May 15 2021
# -- Compiling package risc_test_pkg
# -- Importing package mtiUvm.uvm_pkg (uvm-1.1d Built-in)
# ** Note: (vlog-2286) ../../Verification/Risc/risc_test_pkg.sv(4): Using implicit +incdir+/opt/questasim/questasim/uvm-1.1d/../verilog_src/uvm-1.1d/src from import uvm_pkg
# -- Importing package shared_pkg
# -- Importing package fetch_config_pkg
# -- Importing package fetch_env_pkg
# -- Importing package fetch_agent_pkg
# -- Importing package fetch_driver_pkg
# -- Importing package fetch_item_pkg
# -- Importing package fetch_monitor_pkg
# -- Importing package fetch_scoreboard_pkg
# -- Importing package fetch_subscriber_pkg
# -- Importing package fetch_predictor_pkg
# -- Importing package mem_config_pkg
# -- Importing package mem_env_pkg
# -- Importing package mem_agent_pkg
# -- Importing package mem_driver_pkg
# -- Importing package mem_item_pkg
# -- Importing package mem_monitor_pkg
# -- Importing package mem_scoreboard_pkg
# -- Importing package mem_subscriber_pkg
# -- Importing package mem_predictor_pkg
# -- Importing package decode_config_pkg
# -- Importing package decode_env_pkg
# -- Importing package decode_agent_pkg
# -- Importing package decode_driver_pkg
# -- Importing package decode_item_pkg
# -- Importing package decode_monitor_pkg
# -- Importing package decode_scoreboard_pkg
# -- Importing package decode_subscriber_pkg
# -- Importing package decode_predictor_pkg
# -- Importing package execute_config_pkg
# -- Importing package execute_env_pkg
# -- Importing package execute_agent_pkg
# -- Importing package execute_driver_pkg
# -- Importing package execute_item_pkg
# -- Importing package execute_monitor_pkg
# -- Importing package execute_scoreboard_pkg
# -- Importing package execute_subscriber_pkg
# -- Importing package execute_predictor_pkg
# -- Importing package flp_env_pkg
# -- Importing package flp_agent_pkg
# -- Importing package flp_driver_pkg
# -- Importing package flp_item_pkg
# -- Importing package flp_monitor_pkg
# -- Importing package flp_config_pkg
# -- Importing package flp_scoreboard_pkg
# -- Importing package flp_subscriber_pkg
# -- Importing package flp_predictor_pkg
# -- Importing package csr_env_pkg
# -- Importing package csr_agent_pkg
# -- Importing package csr_driver_pkg
# -- Importing package csr_item_pkg
# -- Importing package csr_monitor_pkg
# -- Importing package csr_config_pkg
# -- Importing package csr_scoreboard_pkg
# -- Importing package csr_subscriber_pkg
# -- Importing package csr_predictor_pkg
# -- Importing package writeback_config_pkg
# -- Importing package writeback_env_pkg
# -- Importing package writeback_agent_pkg
# -- Importing package writeback_driver_pkg
# -- Importing package writeback_item_pkg
# -- Importing package writeback_monitor_pkg
# -- Importing package writeback_scoreboard_pkg
# -- Importing package writeback_subscriber_pkg
# -- Importing package writeback_predictor_pkg
# -- Importing package hazard_config_pkg
# -- Importing package hazard_env_pkg
# -- Importing package hazard_agent_pkg
# -- Importing package hazard_driver_pkg
# -- Importing package hazard_item_pkg
# -- Importing package hazard_monitor_pkg
# -- Importing package hazard_scoreboard_pkg
# -- Importing package hazard_subscriber_pkg
# -- Importing package hazard_predictor_pkg
# 
# Top level modules:
# 	--none--
# QuestaSim vlog 2021.2_1 Compiler 2021.05 May 15 2021
# -- Compiling module risc_top
# -- Importing package mtiUvm.uvm_pkg (uvm-1.1d Built-in)
# ** Note: (vlog-2286) ../../Verification/Risc/risc_top.sv(9): Using implicit +incdir+/opt/questasim/questasim/uvm-1.1d/../verilog_src/uvm-1.1d/src from import uvm_pkg
# -- Importing package shared_pkg
# -- Importing package risc_test_pkg
# -- Importing package fetch_config_pkg
# -- Importing package fetch_env_pkg
# -- Importing package fetch_agent_pkg
# -- Importing package fetch_driver_pkg
# -- Importing package fetch_item_pkg
# -- Importing package fetch_monitor_pkg
# -- Importing package fetch_scoreboard_pkg
# -- Importing package fetch_subscriber_pkg
# -- Importing package fetch_predictor_pkg
# -- Importing package mem_config_pkg
# -- Importing package mem_env_pkg
# -- Importing package mem_agent_pkg
# -- Importing package mem_driver_pkg
# -- Importing package mem_item_pkg
# -- Importing package mem_monitor_pkg
# -- Importing package mem_scoreboard_pkg
# -- Importing package mem_subscriber_pkg
# -- Importing package mem_predictor_pkg
# -- Importing package decode_config_pkg
# -- Importing package decode_env_pkg
# -- Importing package decode_agent_pkg
# -- Importing package decode_driver_pkg
# -- Importing package decode_item_pkg
# -- Importing package decode_monitor_pkg
# -- Importing package decode_scoreboard_pkg
# -- Importing package decode_subscriber_pkg
# -- Importing package decode_predictor_pkg
# -- Importing package execute_config_pkg
# -- Importing package execute_env_pkg
# -- Importing package execute_agent_pkg
# -- Importing package execute_driver_pkg
# -- Importing package execute_item_pkg
# -- Importing package execute_monitor_pkg
# -- Importing package execute_scoreboard_pkg
# -- Importing package execute_subscriber_pkg
# -- Importing package execute_predictor_pkg
# -- Importing package flp_env_pkg
# -- Importing package flp_agent_pkg
# -- Importing package flp_driver_pkg
# -- Importing package flp_item_pkg
# -- Importing package flp_monitor_pkg
# -- Importing package flp_config_pkg
# -- Importing package flp_scoreboard_pkg
# -- Importing package flp_subscriber_pkg
# -- Importing package flp_predictor_pkg
# -- Importing package csr_env_pkg
# -- Importing package csr_agent_pkg
# -- Importing package csr_driver_pkg
# -- Importing package csr_item_pkg
# -- Importing package csr_monitor_pkg
# -- Importing package csr_config_pkg
# -- Importing package csr_scoreboard_pkg
# -- Importing package csr_subscriber_pkg
# -- Importing package csr_predictor_pkg
# -- Importing package writeback_config_pkg
# -- Importing package writeback_env_pkg
# -- Importing package writeback_agent_pkg
# -- Importing package writeback_driver_pkg
# -- Importing package writeback_item_pkg
# -- Importing package writeback_monitor_pkg
# -- Importing package writeback_scoreboard_pkg
# -- Importing package writeback_subscriber_pkg
# -- Importing package writeback_predictor_pkg
# -- Importing package hazard_config_pkg
# -- Importing package hazard_env_pkg
# -- Importing package hazard_agent_pkg
# -- Importing package hazard_driver_pkg
# -- Importing package hazard_item_pkg
# -- Importing package hazard_monitor_pkg
# -- Importing package hazard_scoreboard_pkg
# -- Importing package hazard_subscriber_pkg
# -- Importing package hazard_predictor_pkg
# 
# Top level modules:
# 	risc_top
# Compiling complete!
# vsim -voptargs="+acc" csr_top "+cover" "+UVM_VERBOSITY=UVM_MEDIUM" "+UVM_MAX_QUIT_COUNT=100" 
# Start time: 22:15:15 on Jun 05,2026
# ** Note: (vsim-3813) Design is being optimized due to module recompilation...
# //  Questa Sim
# //  Version 2021.2_1 linux May 15 2021
# //
# //  Copyright 1991-2021 Mentor Graphics Corporation
# //  All Rights Reserved.
# //
# //  QuestaSim and its associated documentation contain trade
# //  secrets and commercial or financial information that are the property of
# //  Mentor Graphics Corporation and are privileged, confidential,
# //  and exempt from disclosure under the Freedom of Information Act,
# //  5 U.S.C. Section 552. Furthermore, this information
# //  is prohibited from disclosure under the Trade Secrets Act,
# //  18 U.S.C. Section 1905.
# //
# Loading sv_std.std
# Loading work.csr_interface(fast)
# Loading work.shared_pkg(fast)
# Loading mtiUvm.uvm_pkg(fast)
# Loading work.csr_item_pkg(fast)
# Loading work.csr_seq_pkg(fast)
# Loading work.csr_predictor_pkg(fast)
# Loading work.csr_subscriber_pkg(fast)
# Loading work.csr_scoreboard_pkg(fast)
# Loading work.csr_config_pkg(fast)
# Loading work.csr_monitor_pkg(fast)
# Loading work.csr_driver_pkg(fast)
# Loading work.csr_agent_pkg(fast)
# Loading work.csr_env_pkg(fast)
# Loading work.csr_test_pkg(fast)
# Loading mtiUvm.questa_uvm_pkg(fast)
# Loading work.csr_top(fast)
# Loading work.csr_interface_sv_unit(fast)
# Loading work.csr_interface(fast__2)
# Loading work.csr_file_sv_unit(fast)
# Loading work.csr_file(fast)
# Loading /opt/questasim/questasim/uvm-1.1d/linux/uvm_dpi.so
# Adding signals to waveform...
# 1
# ----------------------------------------------------------------
# UVM-1.1d
# (C) 2007-2013 Mentor Graphics Corporation
# (C) 2007-2013 Cadence Design Systems, Inc.
# (C) 2006-2013 Synopsys, Inc.
# (C) 2011-2013 Cypress Semiconductor Corp.
# ----------------------------------------------------------------
# 
#   ***********       IMPORTANT RELEASE NOTES         ************
# 
#   You are using a version of the UVM library that has been compiled
#   with `UVM_NO_DEPRECATED undefined.
#   See http://www.eda.org/svdb/view.php?id=3313 for more details.
# 
#   You are using a version of the UVM library that has been compiled
#   with `UVM_OBJECT_MUST_HAVE_CONSTRUCTOR undefined.
#   See http://www.eda.org/svdb/view.php?id=3770 for more details.
# 
#       (Specify +UVM_NO_RELNOTES to turn off this notice)
# 
# UVM_INFO verilog_src/questa_uvm_pkg-1.2/src/questa_uvm_pkg.sv(277) @ 0: reporter [Questa UVM] QUESTA_UVM-1.2.3
# UVM_INFO verilog_src/questa_uvm_pkg-1.2/src/questa_uvm_pkg.sv(278) @ 0: reporter [Questa UVM]  questa_uvm::init(+struct)
# UVM_INFO @ 0: reporter [RNTST] Running test csr_test...
# UVM_INFO @ 0: reporter [MAXQUITSET] '+UVM_MAX_QUIT_COUNT=100' provided on the command line is being applied.
# UVM_INFO @ 0: reporter [UVMTOP] UVM testbench topology:
# ------------------------------------------------------------------
# Name                       Type                        Size  Value
# ------------------------------------------------------------------
# uvm_test_top               csr_test                    -     @472 
#   env                      csr_env                     -     @485 
#     agent                  csr_agent                   -     @499 
#       drv                  csr_driver                  -     @545 
#         rsp_port           uvm_analysis_port           -     @560 
#         seq_item_port      uvm_seq_item_pull_port      -     @552 
#       mon                  csr_monitor                 -     @677 
#         mon_port           uvm_analysis_port           -     @684 
#       seq                  uvm_sequencer               -     @568 
#         rsp_export         uvm_analysis_export         -     @575 
#         seq_item_export    uvm_seq_item_pull_imp       -     @669 
#         arbitration_queue  array                       0     -    
#         lock_queue         array                       0     -    
#         num_last_reqs      integral                    32    'd1  
#         num_last_rsps      integral                    32    'd1  
#     predictor              csr_predictor               -     @528 
#       analysis_imp         uvm_analysis_imp            -     @535 
#       exp_port             uvm_analysis_port           -     @701 
#     scoreboard             csr_scoreboard              -     @506 
#       actual_fifo          uvm_tlm_analysis_fifo #(T)  -     @713 
#         analysis_export    uvm_analysis_imp            -     @752 
#         get_ap             uvm_analysis_port           -     @744 
#         get_peek_export    uvm_get_peek_imp            -     @728 
#         put_ap             uvm_analysis_port           -     @736 
#         put_export         uvm_put_imp                 -     @720 
#       expected_fifo        uvm_tlm_analysis_fifo #(T)  -     @760 
#         analysis_export    uvm_analysis_imp            -     @799 
#         get_ap             uvm_analysis_port           -     @791 
#         get_peek_export    uvm_get_peek_imp            -     @775 
#         put_ap             uvm_analysis_port           -     @783 
#         put_export         uvm_put_imp                 -     @767 
#     sub                    csr_subscriber              -     @513 
#       analysis_imp         uvm_analysis_imp            -     @520 
# ------------------------------------------------------------------
# 
# UVM_WARNING ../../Verification/CSR/csr_predictor_pkg.sv(268) @ 95: uvm_test_top.env.predictor [CSR_DBG] cyc=10 DIVERGE mhartid pred=0000001f dut=00000000 | in: op=csrrwi idx=mhartid acc=1 traps=NoTraps mret=0 TI=0 EI=0 SI=0 Rs=t6 CsrIn=e1aca060
# UVM_WARNING ../../Verification/CSR/csr_predictor_pkg.sv(268) @ 105: uvm_test_top.env.predictor [CSR_DBG] cyc=11 DIVERGE mhartid pred=0000001f dut=00000000 | in: op=csrrwi idx=mbadaddr acc=1 traps=NoTraps mret=0 TI=0 EI=0 SI=0 Rs=a5 CsrIn=89b54125
# UVM_WARNING ../../Verification/CSR/csr_predictor_pkg.sv(268) @ 115: uvm_test_top.env.predictor [CSR_DBG] cyc=12 DIVERGE mhartid pred=0000001f dut=00000000 | in: op=csrrs idx=misa acc=0 traps=NoTraps mret=1 TI=0 EI=0 SI=0 Rs=gp CsrIn=a6a65775
# UVM_WARNING ../../Verification/CSR/csr_predictor_pkg.sv(268) @ 125: uvm_test_top.env.predictor [CSR_DBG] cyc=13 DIVERGE mhartid pred=0000001f dut=00000000 | in: op=csrrs idx=medeleg acc=1 traps=NoTraps mret=0 TI=0 EI=0 SI=0 Rs=tp CsrIn=9209349b
# UVM_WARNING ../../Verification/CSR/csr_predictor_pkg.sv(268) @ 135: uvm_test_top.env.predictor [CSR_DBG] cyc=14 DIVERGE mhartid pred=0000001f dut=00000000 | in: op=csrrci idx=mtvec acc=0 traps=IllegalInstructionOrHypervisorSoftwareInterrupt mret=0 TI=0 EI=0 SI=0 Rs=s6 CsrIn=40f61b80
# UVM_WARNING ../../Verification/CSR/csr_predictor_pkg.sv(268) @ 145: uvm_test_top.env.predictor [CSR_DBG] cyc=15 DIVERGE mhartid pred=0000001f dut=00000000 | in: op=csrrci idx=mhartid acc=0 traps=InstructionAccessFaultOrSupervisorSoftwareInterrupt mret=0 TI=0 EI=0 SI=0 Rs=a0 CsrIn=768ed7e5
# UVM_WARNING ../../Verification/CSR/csr_predictor_pkg.sv(268) @ 155: uvm_test_top.env.predictor [CSR_DBG] cyc=16 DIVERGE mhartid pred=0000001f dut=00000000 | in: op=csrrwi idx=fflags acc=0 traps=EcallUOrUserExternalInterrupt mret=0 TI=0 EI=1 SI=0 Rs=t1 CsrIn=f1308ae5
# UVM_WARNING ../../Verification/CSR/csr_predictor_pkg.sv(268) @ 165: uvm_test_top.env.predictor [CSR_DBG] cyc=17 DIVERGE mhartid pred=0000001f dut=00000000 | in: op=csrrc idx=mcause acc=0 traps=NoTraps mret=1 TI=0 EI=0 SI=1 Rs=s10 CsrIn=be583054
# UVM_WARNING ../../Verification/CSR/csr_predictor_pkg.sv(268) @ 175: uvm_test_top.env.predictor [CSR_DBG] cyc=18 DIVERGE mhartid pred=0000001f dut=00000000 | in: op=system idx=frm acc=0 traps=EcallSOrSupervisorExternalInterrupt mret=0 TI=0 EI=0 SI=0 Rs=a1 CsrIn=476128df
# UVM_WARNING ../../Verification/CSR/csr_predictor_pkg.sv(268) @ 185: uvm_test_top.env.predictor [CSR_DBG] cyc=19 DIVERGE mhartid pred=0000001f dut=00000000 | in: op=csrrwi idx=mepc acc=0 traps=LoadAddressMisalignedOrUserSoftwareInterrupt mret=0 TI=0 EI=0 SI=0 Rs=s6 CsrIn=b82d5cf5
# UVM_WARNING ../../Verification/CSR/csr_predictor_pkg.sv(268) @ 195: uvm_test_top.env.predictor [CSR_DBG] cyc=20 DIVERGE mhartid pred=0000001f dut=00000000 | in: op=system idx=mepc acc=0 traps=NoTraps mret=1 TI=0 EI=0 SI=0 Rs=s5 CsrIn=4f6c341a
# UVM_WARNING ../../Verification/CSR/csr_predictor_pkg.sv(268) @ 205: uvm_test_top.env.predictor [CSR_DBG] cyc=21 DIVERGE mhartid pred=0000001f dut=00000000 | in: op=csrrwi idx=mcycle acc=0 traps=EcallHOrHypervisorExternalInterrupt mret=0 TI=0 EI=0 SI=0 Rs=t0 CsrIn=4f07b506
# UVM_WARNING ../../Verification/CSR/csr_predictor_pkg.sv(268) @ 215: uvm_test_top.env.predictor [CSR_DBG] cyc=22 DIVERGE mhartid pred=0000001f dut=00000000 | in: op=csrrsi idx=mepc acc=1 traps=NoTraps mret=0 TI=0 EI=0 SI=0 Rs=zero CsrIn=bb7c0cfe
# UVM_WARNING ../../Verification/CSR/csr_predictor_pkg.sv(268) @ 225: uvm_test_top.env.predictor [CSR_DBG] cyc=23 DIVERGE mhartid pred=0000001f dut=00000000 | in: op=csrrwi idx=frm acc=0 traps=EcallSOrSupervisorExternalInterrupt mret=0 TI=1 EI=0 SI=0 Rs=s9 CsrIn=98bcdc58
# UVM_WARNING ../../Verification/CSR/csr_predictor_pkg.sv(268) @ 235: uvm_test_top.env.predictor [CSR_DBG] cyc=24 DIVERGE mhartid pred=0000001f dut=00000000 | in: op=system idx=mscratch acc=0 traps=InstructionAccessFaultOrSupervisorSoftwareInterrupt mret=0 TI=0 EI=0 SI=0 Rs=t0 CsrIn=3c466f3b
# UVM_WARNING ../../Verification/CSR/csr_predictor_pkg.sv(268) @ 245: uvm_test_top.env.predictor [CSR_DBG] cyc=25 DIVERGE mhartid pred=0000001f dut=00000000 | in: op=csrrsi idx=mtvec acc=0 traps=EcallMOrMachineExternalInterrupt mret=0 TI=0 EI=0 SI=0 Rs=a4 CsrIn=d83ae35b
# UVM_WARNING ../../Verification/CSR/csr_predictor_pkg.sv(268) @ 255: uvm_test_top.env.predictor [CSR_DBG] cyc=26 DIVERGE mhartid pred=0000001f dut=00000000 | in: op=csrrs idx=mvendorid acc=0 traps=EcallHOrHypervisorExternalInterrupt mret=0 TI=0 EI=0 SI=1 Rs=a6 CsrIn=3461d4de
# UVM_WARNING ../../Verification/CSR/csr_predictor_pkg.sv(268) @ 265: uvm_test_top.env.predictor [CSR_DBG] cyc=27 DIVERGE mhartid pred=0000001f dut=00000000 | in: op=csrrci idx=mideleg acc=0 traps=NoTraps mret=1 TI=0 EI=0 SI=0 Rs=t0 CsrIn=73e436dc
# UVM_WARNING ../../Verification/CSR/csr_predictor_pkg.sv(268) @ 275: uvm_test_top.env.predictor [CSR_DBG] cyc=28 DIVERGE mhartid pred=0000001f dut=00000000 | in: op=csrrsi idx=mepc acc=0 traps=StoreAddressMisalignedOrHyperVisorTimerInterrupt mret=0 TI=0 EI=0 SI=0 Rs=a5 CsrIn=dafb164f
# UVM_WARNING ../../Verification/CSR/csr_predictor_pkg.sv(268) @ 285: uvm_test_top.env.predictor [CSR_DBG] cyc=29 DIVERGE mhartid pred=0000001f dut=00000000 | in: op=csrrc idx=mcycle acc=0 traps=EcallHOrHypervisorExternalInterrupt mret=0 TI=0 EI=0 SI=0 Rs=a0 CsrIn=7cecee65
# UVM_WARNING ../../Verification/CSR/csr_predictor_pkg.sv(268) @ 295: uvm_test_top.env.predictor [CSR_DBG] cyc=30 DIVERGE mhartid pred=0000001f dut=00000000 | in: op=csrrsi idx=medeleg acc=0 traps=LoadAddressFaultOrSupervisorTimerInterrupt mret=0 TI=0 EI=0 SI=0 Rs=ra CsrIn=cf3d93be
# UVM_WARNING ../../Verification/CSR/csr_predictor_pkg.sv(268) @ 305: uvm_test_top.env.predictor [CSR_DBG] cyc=31 DIVERGE mhartid pred=0000001f dut=00000000 | in: op=csrrs idx=mip acc=0 traps=StoreAddressFaultOrMachineTimerInterrupt mret=0 TI=0 EI=0 SI=0 Rs=t6 CsrIn=b82192f7
# UVM_WARNING ../../Verification/CSR/csr_predictor_pkg.sv(268) @ 315: uvm_test_top.env.predictor [CSR_DBG] cyc=32 DIVERGE mhartid pred=0000001f dut=00000000 | in: op=csrrci idx=mbadaddr acc=0 traps=StoreAddressMisalignedOrHyperVisorTimerInterrupt mret=0 TI=0 EI=0 SI=1 Rs=s4 CsrIn=88db67b1
# UVM_WARNING ../../Verification/CSR/csr_predictor_pkg.sv(268) @ 325: uvm_test_top.env.predictor [CSR_DBG] cyc=33 DIVERGE mhartid pred=0000001f dut=00000000 | in: op=csrrs idx=mbadaddr acc=0 traps=NoTraps mret=1 TI=0 EI=0 SI=0 Rs=a5 CsrIn=4d7cf6a6
# UVM_WARNING ../../Verification/CSR/csr_predictor_pkg.sv(268) @ 335: uvm_test_top.env.predictor [CSR_DBG] cyc=34 DIVERGE mhartid pred=0000001f dut=00000000 | in: op=csrrw idx=mhartid acc=0 traps=EcallSOrSupervisorExternalInterrupt mret=0 TI=0 EI=0 SI=0 Rs=a1 CsrIn=03c7d0b3
# UVM_WARNING ../../Verification/CSR/csr_predictor_pkg.sv(268) @ 345: uvm_test_top.env.predictor [CSR_DBG] cyc=35 DIVERGE mhartid pred=0000001f dut=00000000 | in: op=csrrw idx=fflags acc=0 traps=NoTraps mret=1 TI=0 EI=1 SI=0 Rs=s1 CsrIn=f3aed024
# UVM_WARNING ../../Verification/CSR/csr_predictor_pkg.sv(268) @ 355: uvm_test_top.env.predictor [CSR_DBG] cyc=36 DIVERGE mhartid pred=0000001f dut=00000000 | in: op=csrrs idx=fflags acc=1 traps=NoTraps mret=0 TI=0 EI=0 SI=0 Rs=s7 CsrIn=093aa6ac
# UVM_WARNING ../../Verification/CSR/csr_predictor_pkg.sv(268) @ 365: uvm_test_top.env.predictor [CSR_DBG] cyc=37 DIVERGE mhartid pred=0000001f dut=00000000 | in: op=csrrsi idx=mhartid acc=0 traps=EcallUOrUserExternalInterrupt mret=0 TI=0 EI=0 SI=0 Rs=s4 CsrIn=680f1b69
# UVM_WARNING ../../Verification/CSR/csr_predictor_pkg.sv(268) @ 375: uvm_test_top.env.predictor [CSR_DBG] cyc=38 DIVERGE mhartid pred=0000001f dut=00000000 | in: op=csrrc idx=mideleg acc=0 traps=IllegalInstructionOrHypervisorSoftwareInterrupt mret=0 TI=0 EI=0 SI=0 Rs=t2 CsrIn=943b43b3
# UVM_WARNING ../../Verification/CSR/csr_predictor_pkg.sv(268) @ 385: uvm_test_top.env.predictor [CSR_DBG] cyc=39 DIVERGE mhartid pred=0000001f dut=00000000 | in: op=csrrc idx=mideleg acc=0 traps=NoTraps mret=1 TI=0 EI=0 SI=0 Rs=s7 CsrIn=f8133813
# UVM_WARNING ../../Verification/CSR/csr_predictor_pkg.sv(268) @ 395: uvm_test_top.env.predictor [CSR_DBG] cyc=40 DIVERGE mhartid pred=0000001f dut=00000000 | in: op=csrrw idx=misa acc=0 traps=InstructionAccessFaultOrSupervisorSoftwareInterrupt mret=0 TI=0 EI=0 SI=1 Rs=a2 CsrIn=63de38df
# UVM_WARNING ../../Verification/CSR/csr_predictor_pkg.sv(268) @ 1885: uvm_test_top.env.predictor [CSR_DBG] cyc=189 DIVERGE mhartid pred=0000000a dut=00000000 | in: op=csrrwi idx=mhartid acc=1 traps=NoTraps mret=0 TI=0 EI=1 SI=1 Rs=a0 CsrIn=263f479f
# UVM_WARNING ../../Verification/CSR/csr_predictor_pkg.sv(268) @ 1895: uvm_test_top.env.predictor [CSR_DBG] cyc=190 DIVERGE mhartid pred=0000000a dut=00000000 | in: op=csrrci idx=mcycle acc=1 traps=NoTraps mret=0 TI=0 EI=0 SI=0 Rs=t0 CsrIn=5f2b074e
# UVM_WARNING ../../Verification/CSR/csr_predictor_pkg.sv(268) @ 1905: uvm_test_top.env.predictor [CSR_DBG] cyc=191 DIVERGE mhartid pred=0000001f dut=00000000 | in: op=csrrsi idx=mhartid acc=1 traps=NoTraps mret=0 TI=0 EI=0 SI=0 Rs=s7 CsrIn=9d1879ff
# UVM_WARNING ../../Verification/CSR/csr_predictor_pkg.sv(268) @ 1915: uvm_test_top.env.predictor [CSR_DBG] cyc=192 DIVERGE mhartid pred=0000001f dut=00000000 | in: op=csrrw idx=mideleg acc=0 traps=LoadAddressFaultOrSupervisorTimerInterrupt mret=0 TI=0 EI=0 SI=0 Rs=gp CsrIn=f9fc40c7
# UVM_INFO ../../Verification/CSR/csr_item_pkg.sv(108) @ 1915: reporter@@mon_item [CsrOut Mismatch] Expected: 0 Actual: a
# UVM_ERROR ../../Verification/CSR/csr_scoreboard_pkg.sv(53) @ 1915: uvm_test_top.env.scoreboard [SCB MISMATCH] 
#  //////////Expected 
#  	Inputs: rst = 1 | CsrOp = csrrsi | Rs = s7 | Traps = NoTraps | mret = 0 | PC = 1df | Addr = 32f |CsrAccess = 1 | CsrIn = 9d1879ff | TI = 0 | EI = 0 | SI = 0 | CsrIdx = mhartid 
#             Outputs: CsrOutPC = 1b4 | CsrOut = a | TrapIsSet = 0 | RoundingMode = RNE 
#  //////////Actual 
#  	Inputs: rst = 1 | CsrOp = csrrw | Rs = gp | Traps = LoadAddressFaultOrSupervisorTimerInterrupt | mret = 0 | PC = 37f | Addr = b4 |CsrAccess = 0 | CsrIn = f9fc40c7 | TI = 0 | EI = 0 | SI = 0 | CsrIdx = mideleg 
#             Outputs: CsrOutPC = 1b4 | CsrOut = 0 | TrapIsSet = 0 | RoundingMode = RNE
# UVM_WARNING ../../Verification/CSR/csr_predictor_pkg.sv(268) @ 1925: uvm_test_top.env.predictor [CSR_DBG] cyc=193 DIVERGE mhartid pred=0000001f dut=00000000 | in: op=csrrsi idx=mstatus acc=0 traps=InstructionAccessFaultOrSupervisorSoftwareInterrupt mret=0 TI=1 EI=0 SI=0 Rs=a1 CsrIn=0b8ab01b
# UVM_INFO ../../Verification/CSR/csr_item_pkg.sv(108) @ 1925: reporter@@mon_item [CsrOut Mismatch] Expected: 0 Actual: a
# UVM_ERROR ../../Verification/CSR/csr_scoreboard_pkg.sv(53) @ 1925: uvm_test_top.env.scoreboard [SCB MISMATCH] 
#  //////////Expected 
#  	Inputs: rst = 1 | CsrOp = csrrw | Rs = gp | Traps = LoadAddressFaultOrSupervisorTimerInterrupt | mret = 0 | PC = 37f | Addr = b4 |CsrAccess = 0 | CsrIn = f9fc40c7 | TI = 0 | EI = 0 | SI = 0 | CsrIdx = mideleg 
#             Outputs: CsrOutPC = 0 | CsrOut = a | TrapIsSet = 1 | RoundingMode = RNE 
#  //////////Actual 
#  	Inputs: rst = 1 | CsrOp = csrrsi | Rs = a1 | Traps = InstructionAccessFaultOrSupervisorSoftwareInterrupt | mret = 0 | PC = 19c | Addr = 138 |CsrAccess = 0 | CsrIn = b8ab01b | TI = 1 | EI = 0 | SI = 0 | CsrIdx = mstatus 
#             Outputs: CsrOutPC = 0 | CsrOut = 0 | TrapIsSet = 1 | RoundingMode = RNE
# UVM_WARNING ../../Verification/CSR/csr_predictor_pkg.sv(268) @ 1935: uvm_test_top.env.predictor [CSR_DBG] cyc=194 DIVERGE mhartid pred=0000001f dut=00000000 | in: op=csrrci idx=mideleg acc=0 traps=EcallMOrMachineExternalInterrupt mret=0 TI=0 EI=0 SI=0 Rs=a1 CsrIn=72712b87
# UVM_INFO ../../Verification/CSR/csr_item_pkg.sv(108) @ 1935: reporter@@mon_item [CsrOut Mismatch] Expected: 0 Actual: a
# UVM_ERROR ../../Verification/CSR/csr_scoreboard_pkg.sv(53) @ 1935: uvm_test_top.env.scoreboard [SCB MISMATCH] 
#  //////////Expected 
#  	Inputs: rst = 1 | CsrOp = csrrsi | Rs = a1 | Traps = InstructionAccessFaultOrSupervisorSoftwareInterrupt | mret = 0 | PC = 19c | Addr = 138 |CsrAccess = 0 | CsrIn = b8ab01b | TI = 1 | EI = 0 | SI = 0 | CsrIdx = mstatus 
#             Outputs: CsrOutPC = 0 | CsrOut = a | TrapIsSet = 1 | RoundingMode = RNE 
#  //////////Actual 
#  	Inputs: rst = 1 | CsrOp = csrrci | Rs = a1 | Traps = EcallMOrMachineExternalInterrupt | mret = 0 | PC = 15f | Addr = 16b |CsrAccess = 0 | CsrIn = 72712b87 | TI = 0 | EI = 0 | SI = 0 | CsrIdx = mideleg 
#             Outputs: CsrOutPC = 0 | CsrOut = 0 | TrapIsSet = 1 | RoundingMode = RNE
# UVM_WARNING ../../Verification/CSR/csr_predictor_pkg.sv(268) @ 1945: uvm_test_top.env.predictor [CSR_DBG] cyc=195 DIVERGE mhartid pred=0000001f dut=00000000 | in: op=csrrci idx=mtvec acc=0 traps=EcallUOrUserExternalInterrupt mret=0 TI=0 EI=0 SI=0 Rs=s0_fp CsrIn=6cb64156
# UVM_INFO ../../Verification/CSR/csr_item_pkg.sv(108) @ 1945: reporter@@mon_item [CsrOut Mismatch] Expected: 0 Actual: a
# UVM_ERROR ../../Verification/CSR/csr_scoreboard_pkg.sv(53) @ 1945: uvm_test_top.env.scoreboard [SCB MISMATCH] 
#  //////////Expected 
#  	Inputs: rst = 1 | CsrOp = csrrci | Rs = a1 | Traps = EcallMOrMachineExternalInterrupt | mret = 0 | PC = 15f | Addr = 16b |CsrAccess = 0 | CsrIn = 72712b87 | TI = 0 | EI = 0 | SI = 0 | CsrIdx = mideleg 
#             Outputs: CsrOutPC = 0 | CsrOut = a | TrapIsSet = 1 | RoundingMode = RNE 
#  //////////Actual 
#  	Inputs: rst = 1 | CsrOp = csrrci | Rs = s0_fp | Traps = EcallUOrUserExternalInterrupt | mret = 0 | PC = 312 | Addr = 18f |CsrAccess = 0 | CsrIn = 6cb64156 | TI = 0 | EI = 0 | SI = 0 | CsrIdx = mtvec 
#             Outputs: CsrOutPC = 0 | CsrOut = 0 | TrapIsSet = 1 | RoundingMode = RNE
# UVM_WARNING ../../Verification/CSR/csr_predictor_pkg.sv(268) @ 1955: uvm_test_top.env.predictor [CSR_DBG] cyc=196 DIVERGE mhartid pred=0000001f dut=00000000 | in: op=csrrwi idx=misa acc=0 traps=NoTraps mret=1 TI=0 EI=0 SI=0 Rs=a0 CsrIn=89188796
# UVM_INFO ../../Verification/CSR/csr_item_pkg.sv(108) @ 1955: reporter@@mon_item [CsrOut Mismatch] Expected: 0 Actual: a
# UVM_ERROR ../../Verification/CSR/csr_scoreboard_pkg.sv(53) @ 1955: uvm_test_top.env.scoreboard [SCB MISMATCH] 
#  //////////Expected 
#  	Inputs: rst = 1 | CsrOp = csrrci | Rs = s0_fp | Traps = EcallUOrUserExternalInterrupt | mret = 0 | PC = 312 | Addr = 18f |CsrAccess = 0 | CsrIn = 6cb64156 | TI = 0 | EI = 0 | SI = 0 | CsrIdx = mtvec 
#             Outputs: CsrOutPC = 0 | CsrOut = a | TrapIsSet = 1 | RoundingMode = RNE 
#  //////////Actual 
#  	Inputs: rst = 1 | CsrOp = csrrwi | Rs = a0 | Traps = NoTraps | mret = 1 | PC = ff | Addr = 2bf |CsrAccess = 0 | CsrIn = 89188796 | TI = 0 | EI = 0 | SI = 0 | CsrIdx = misa 
#             Outputs: CsrOutPC = 0 | CsrOut = 0 | TrapIsSet = 1 | RoundingMode = RNE
# UVM_WARNING ../../Verification/CSR/csr_predictor_pkg.sv(268) @ 1965: uvm_test_top.env.predictor [CSR_DBG] cyc=197 DIVERGE mhartid pred=0000001f dut=00000000 | in: op=csrrw idx=mideleg acc=0 traps=EcallMOrMachineExternalInterrupt mret=0 TI=0 EI=1 SI=0 Rs=s11 CsrIn=717baed9
# UVM_INFO ../../Verification/CSR/csr_item_pkg.sv(108) @ 1965: reporter@@mon_item [CsrOut Mismatch] Expected: 0 Actual: a
# UVM_ERROR ../../Verification/CSR/csr_scoreboard_pkg.sv(53) @ 1965: uvm_test_top.env.scoreboard [SCB MISMATCH] 
#  //////////Expected 
#  	Inputs: rst = 1 | CsrOp = csrrwi | Rs = a0 | Traps = NoTraps | mret = 1 | PC = ff | Addr = 2bf |CsrAccess = 0 | CsrIn = 89188796 | TI = 0 | EI = 0 | SI = 0 | CsrIdx = misa 
#             Outputs: CsrOutPC = 310 | CsrOut = a | TrapIsSet = 0 | RoundingMode = RNE 
#  //////////Actual 
#  	Inputs: rst = 1 | CsrOp = csrrw | Rs = s11 | Traps = EcallMOrMachineExternalInterrupt | mret = 0 | PC = 3e6 | Addr = 2a0 |CsrAccess = 0 | CsrIn = 717baed9 | TI = 0 | EI = 1 | SI = 0 | CsrIdx = mideleg 
#             Outputs: CsrOutPC = 310 | CsrOut = 0 | TrapIsSet = 0 | RoundingMode = RNE
# UVM_INFO ../../Verification/CSR/csr_item_pkg.sv(108) @ 1975: reporter@@mon_item [CsrOut Mismatch] Expected: 0 Actual: a
# UVM_ERROR ../../Verification/CSR/csr_scoreboard_pkg.sv(53) @ 1975: uvm_test_top.env.scoreboard [SCB MISMATCH] 
#  //////////Expected 
#  	Inputs: rst = 1 | CsrOp = csrrw | Rs = s11 | Traps = EcallMOrMachineExternalInterrupt | mret = 0 | PC = 3e6 | Addr = 2a0 |CsrAccess = 0 | CsrIn = 717baed9 | TI = 0 | EI = 1 | SI = 0 | CsrIdx = mideleg 
#             Outputs: CsrOutPC = 0 | CsrOut = a | TrapIsSet = 1 | RoundingMode = RNE 
#  //////////Actual 
#  	Inputs: rst = 1 | CsrOp = csrrsi | Rs = s3 | Traps = BreakpointOrMachineSoftwareInterrupt | mret = 0 | PC = 30c | Addr = 347 |CsrAccess = 0 | CsrIn = 7c3f3d70 | TI = 0 | EI = 0 | SI = 0 | CsrIdx = fflags 
#             Outputs: CsrOutPC = 0 | CsrOut = 0 | TrapIsSet = 1 | RoundingMode = RNE
# UVM_INFO ../../Verification/CSR/csr_item_pkg.sv(108) @ 1985: reporter@@mon_item [CsrOut Mismatch] Expected: 0 Actual: a
# UVM_ERROR ../../Verification/CSR/csr_scoreboard_pkg.sv(53) @ 1985: uvm_test_top.env.scoreboard [SCB MISMATCH] 
#  //////////Expected 
#  	Inputs: rst = 1 | CsrOp = csrrsi | Rs = s3 | Traps = BreakpointOrMachineSoftwareInterrupt | mret = 0 | PC = 30c | Addr = 347 |CsrAccess = 0 | CsrIn = 7c3f3d70 | TI = 0 | EI = 0 | SI = 0 | CsrIdx = fflags 
#             Outputs: CsrOutPC = 0 | CsrOut = a | TrapIsSet = 1 | RoundingMode = RNE 
#  //////////Actual 
#  	Inputs: rst = 1 | CsrOp = csrrs | Rs = sp | Traps = NoTraps | mret = 0 | PC = 5b | Addr = b3 |CsrAccess = 1 | CsrIn = 1d3294ff | TI = 0 | EI = 0 | SI = 0 | CsrIdx = medeleg 
#             Outputs: CsrOutPC = 0 | CsrOut = 0 | TrapIsSet = 1 | RoundingMode = RNE
# UVM_INFO ../../Verification/CSR/csr_item_pkg.sv(108) @ 2545: reporter@@mon_item [CsrOut Mismatch] Expected: 0 Actual: 1f
# UVM_ERROR ../../Verification/CSR/csr_scoreboard_pkg.sv(53) @ 2545: uvm_test_top.env.scoreboard [SCB MISMATCH] 
#  //////////Expected 
#  	Inputs: rst = 1 | CsrOp = csrrc | Rs = t0 | Traps = NoTraps | mret = 0 | PC = 99 | Addr = 3e2 |CsrAccess = 1 | CsrIn = 70930dfe | TI = 0 | EI = 0 | SI = 0 | CsrIdx = mhartid 
#             Outputs: CsrOutPC = 0 | CsrOut = 1f | TrapIsSet = 0 | RoundingMode = RNE 
#  //////////Actual 
#  	Inputs: rst = 1 | CsrOp = csrrsi | Rs = t5 | Traps = EcallSOrSupervisorExternalInterrupt | mret = 0 | PC = 3f5 | Addr = 0 |CsrAccess = 0 | CsrIn = d3bcbb6f | TI = 0 | EI = 0 | SI = 0 | CsrIdx = misa 
#             Outputs: CsrOutPC = 0 | CsrOut = 0 | TrapIsSet = 0 | RoundingMode = RNE
# UVM_INFO ../../Verification/CSR/csr_item_pkg.sv(108) @ 2555: reporter@@mon_item [CsrOut Mismatch] Expected: 0 Actual: 1f
# UVM_ERROR ../../Verification/CSR/csr_scoreboard_pkg.sv(53) @ 2555: uvm_test_top.env.scoreboard [SCB MISMATCH] 
#  //////////Expected 
#  	Inputs: rst = 1 | CsrOp = csrrsi | Rs = t5 | Traps = EcallSOrSupervisorExternalInterrupt | mret = 0 | PC = 3f5 | Addr = 0 |CsrAccess = 0 | CsrIn = d3bcbb6f | TI = 0 | EI = 0 | SI = 0 | CsrIdx = misa 
#             Outputs: CsrOutPC = 0 | CsrOut = 1f | TrapIsSet = 1 | RoundingMode = RNE 
#  //////////Actual 
#  	Inputs: rst = 1 | CsrOp = system | Rs = s10 | Traps = StoreAddressMisalignedOrHyperVisorTimerInterrupt | mret = 0 | PC = f0 | Addr = 21 |CsrAccess = 0 | CsrIn = ba5fd10d | TI = 0 | EI = 0 | SI = 0 | CsrIdx = medeleg 
#             Outputs: CsrOutPC = 0 | CsrOut = 0 | TrapIsSet = 1 | RoundingMode = RNE
# UVM_INFO ../../Verification/CSR/csr_item_pkg.sv(108) @ 2565: reporter@@mon_item [CsrOut Mismatch] Expected: 0 Actual: 1f
# UVM_ERROR ../../Verification/CSR/csr_scoreboard_pkg.sv(53) @ 2565: uvm_test_top.env.scoreboard [SCB MISMATCH] 
#  //////////Expected 
#  	Inputs: rst = 1 | CsrOp = system | Rs = s10 | Traps = StoreAddressMisalignedOrHyperVisorTimerInterrupt | mret = 0 | PC = f0 | Addr = 21 |CsrAccess = 0 | CsrIn = ba5fd10d | TI = 0 | EI = 0 | SI = 0 | CsrIdx = medeleg 
#             Outputs: CsrOutPC = 0 | CsrOut = 1f | TrapIsSet = 1 | RoundingMode = RNE 
#  //////////Actual 
#  	Inputs: rst = 1 | CsrOp = csrrw | Rs = a0 | Traps = NoTraps | mret = 0 | PC = 3b | Addr = 203 |CsrAccess = 1 | CsrIn = b5c20954 | TI = 0 | EI = 0 | SI = 0 | CsrIdx = fflags 
#             Outputs: CsrOutPC = 0 | CsrOut = 0 | TrapIsSet = 1 | RoundingMode = RNE
# UVM_INFO ../../Verification/CSR/csr_item_pkg.sv(108) @ 3345: reporter@@mon_item [CsrOut Mismatch] Expected: 0 Actual: ecfb72ef
# UVM_ERROR ../../Verification/CSR/csr_scoreboard_pkg.sv(53) @ 3345: uvm_test_top.env.scoreboard [SCB MISMATCH] 
#  //////////Expected 
#  	Inputs: rst = 1 | CsrOp = csrrwi | Rs = sp | Traps = NoTraps | mret = 0 | PC = 2df | Addr = 196 |CsrAccess = 1 | CsrIn = 81640f8e | TI = 0 | EI = 0 | SI = 0 | CsrIdx = mhartid 
#             Outputs: CsrOutPC = 39c | CsrOut = ecfb72ef | TrapIsSet = 0 | RoundingMode = RNE 
#  //////////Actual 
#  	Inputs: rst = 1 | CsrOp = system | Rs = a0 | Traps = InstructionAccessFaultOrSupervisorSoftwareInterrupt | mret = 0 | PC = 2c6 | Addr = 1bd |CsrAccess = 0 | CsrIn = 53ee6f0 | TI = 0 | EI = 0 | SI = 1 | CsrIdx = fcsr 
#             Outputs: CsrOutPC = 39c | CsrOut = 0 | TrapIsSet = 0 | RoundingMode = RNE
# UVM_INFO ../../Verification/CSR/csr_item_pkg.sv(108) @ 3355: reporter@@mon_item [CsrOut Mismatch] Expected: 0 Actual: ecfb72ef
# UVM_ERROR ../../Verification/CSR/csr_scoreboard_pkg.sv(53) @ 3355: uvm_test_top.env.scoreboard [SCB MISMATCH] 
#  //////////Expected 
#  	Inputs: rst = 1 | CsrOp = system | Rs = a0 | Traps = InstructionAccessFaultOrSupervisorSoftwareInterrupt | mret = 0 | PC = 2c6 | Addr = 1bd |CsrAccess = 0 | CsrIn = 53ee6f0 | TI = 0 | EI = 0 | SI = 1 | CsrIdx = fcsr 
#             Outputs: CsrOutPC = 0 | CsrOut = ecfb72ef | TrapIsSet = 1 | RoundingMode = RNE 
#  //////////Actual 
#  	Inputs: rst = 1 | CsrOp = csrrw | Rs = a4 | Traps = LoadAddressMisalignedOrUserSoftwareInterrupt | mret = 0 | PC = 39b | Addr = 14 |CsrAccess = 0 | CsrIn = 2c10c94 | TI = 0 | EI = 0 | SI = 0 | CsrIdx = misa 
#             Outputs: CsrOutPC = 0 | CsrOut = 0 | TrapIsSet = 1 | RoundingMode = RNE
# UVM_INFO ../../Verification/CSR/csr_item_pkg.sv(108) @ 3365: reporter@@mon_item [CsrOut Mismatch] Expected: 0 Actual: ecfb72ef
# UVM_ERROR ../../Verification/CSR/csr_scoreboard_pkg.sv(53) @ 3365: uvm_test_top.env.scoreboard [SCB MISMATCH] 
#  //////////Expected 
#  	Inputs: rst = 1 | CsrOp = csrrw | Rs = a4 | Traps = LoadAddressMisalignedOrUserSoftwareInterrupt | mret = 0 | PC = 39b | Addr = 14 |CsrAccess = 0 | CsrIn = 2c10c94 | TI = 0 | EI = 0 | SI = 0 | CsrIdx = misa 
#             Outputs: CsrOutPC = 0 | CsrOut = ecfb72ef | TrapIsSet = 1 | RoundingMode = RNE 
#  //////////Actual 
#  	Inputs: rst = 1 | CsrOp = csrrw | Rs = a2 | Traps = NoTraps | mret = 0 | PC = 58 | Addr = 297 |CsrAccess = 1 | CsrIn = f85f6b44 | TI = 0 | EI = 0 | SI = 0 | CsrIdx = mbadaddr 
#             Outputs: CsrOutPC = 0 | CsrOut = 0 | TrapIsSet = 1 | RoundingMode = RNE
# UVM_INFO ../../Verification/CSR/csr_item_pkg.sv(108) @ 3575: reporter@@mon_item [CsrOut Mismatch] Expected: 0 Actual: 4da7d5a2
# UVM_ERROR ../../Verification/CSR/csr_scoreboard_pkg.sv(53) @ 3575: uvm_test_top.env.scoreboard [SCB MISMATCH] 
#  //////////Expected 
#  	Inputs: rst = 1 | CsrOp = csrrs | Rs = s1 | Traps = NoTraps | mret = 0 | PC = 198 | Addr = 9 |CsrAccess = 1 | CsrIn = bcd8cd7c | TI = 1 | EI = 1 | SI = 0 | CsrIdx = mcycle 
#             Outputs: CsrOutPC = 0 | CsrOut = 4da7d5a2 | TrapIsSet = 0 | RoundingMode = DYN 
#  //////////Actual 
#  	Inputs: rst = 1 | CsrOp = csrrwi | Rs = a7 | Traps = StoreAddressMisalignedOrHyperVisorTimerInterrupt | mret = 0 | PC = 273 | Addr = 112 |CsrAccess = 0 | CsrIn = b2cf8a5 | TI = 0 | EI = 1 | SI = 0 | CsrIdx = mbadaddr 
#             Outputs: CsrOutPC = 0 | CsrOut = 0 | TrapIsSet = 0 | RoundingMode = DYN
# UVM_INFO ../../Verification/CSR/csr_item_pkg.sv(108) @ 3585: reporter@@mon_item [CsrOut Mismatch] Expected: 0 Actual: 4da7d5a2
# UVM_ERROR ../../Verification/CSR/csr_scoreboard_pkg.sv(53) @ 3585: uvm_test_top.env.scoreboard [SCB MISMATCH] 
#  //////////Expected 
#  	Inputs: rst = 1 | CsrOp = csrrwi | Rs = a7 | Traps = StoreAddressMisalignedOrHyperVisorTimerInterrupt | mret = 0 | PC = 273 | Addr = 112 |CsrAccess = 0 | CsrIn = b2cf8a5 | TI = 0 | EI = 1 | SI = 0 | CsrIdx = mbadaddr 
#             Outputs: CsrOutPC = 0 | CsrOut = 4da7d5a2 | TrapIsSet = 1 | RoundingMode = DYN 
#  //////////Actual 
#  	Inputs: rst = 1 | CsrOp = csrrs | Rs = tp | Traps = IllegalInstructionOrHypervisorSoftwareInterrupt | mret = 0 | PC = a2 | Addr = 262 |CsrAccess = 0 | CsrIn = 75518613 | TI = 0 | EI = 0 | SI = 0 | CsrIdx = mideleg 
#             Outputs: CsrOutPC = 0 | CsrOut = 0 | TrapIsSet = 1 | RoundingMode = DYN
# UVM_INFO ../../Verification/CSR/csr_item_pkg.sv(108) @ 3595: reporter@@mon_item [CsrOut Mismatch] Expected: 0 Actual: 4da7d5a2
# UVM_ERROR ../../Verification/CSR/csr_scoreboard_pkg.sv(53) @ 3595: uvm_test_top.env.scoreboard [SCB MISMATCH] 
#  //////////Expected 
#  	Inputs: rst = 1 | CsrOp = csrrs | Rs = tp | Traps = IllegalInstructionOrHypervisorSoftwareInterrupt | mret = 0 | PC = a2 | Addr = 262 |CsrAccess = 0 | CsrIn = 75518613 | TI = 0 | EI = 0 | SI = 0 | CsrIdx = mideleg 
#             Outputs: CsrOutPC = 0 | CsrOut = 4da7d5a2 | TrapIsSet = 1 | RoundingMode = DYN 
#  //////////Actual 
#  	Inputs: rst = 1 | CsrOp = csrrsi | Rs = s1 | Traps = IllegalInstructionOrHypervisorSoftwareInterrupt | mret = 0 | PC = 17d | Addr = 176 |CsrAccess = 0 | CsrIn = 2e613e22 | TI = 0 | EI = 0 | SI = 0 | CsrIdx = fcsr 
#             Outputs: CsrOutPC = 0 | CsrOut = 0 | TrapIsSet = 1 | RoundingMode = DYN
# UVM_INFO ../../Verification/CSR/csr_item_pkg.sv(108) @ 3605: reporter@@mon_item [CsrOut Mismatch] Expected: 0 Actual: 4da7d5a2
# UVM_ERROR ../../Verification/CSR/csr_scoreboard_pkg.sv(53) @ 3605: uvm_test_top.env.scoreboard [SCB MISMATCH] 
#  //////////Expected 
#  	Inputs: rst = 1 | CsrOp = csrrsi | Rs = s1 | Traps = IllegalInstructionOrHypervisorSoftwareInterrupt | mret = 0 | PC = 17d | Addr = 176 |CsrAccess = 0 | CsrIn = 2e613e22 | TI = 0 | EI = 0 | SI = 0 | CsrIdx = fcsr 
#             Outputs: CsrOutPC = 0 | CsrOut = 4da7d5a2 | TrapIsSet = 1 | RoundingMode = DYN 
#  //////////Actual 
#  	Inputs: rst = 1 | CsrOp = csrrci | Rs = a3 | Traps = EcallMOrMachineExternalInterrupt | mret = 0 | PC = 128 | Addr = 1e2 |CsrAccess = 0 | CsrIn = 78d7dba6 | TI = 0 | EI = 0 | SI = 1 | CsrIdx = mie 
#             Outputs: CsrOutPC = 0 | CsrOut = 0 | TrapIsSet = 1 | RoundingMode = DYN
# UVM_INFO ../../Verification/CSR/csr_item_pkg.sv(108) @ 3615: reporter@@mon_item [CsrOut Mismatch] Expected: 0 Actual: 4da7d5a2
# UVM_ERROR ../../Verification/CSR/csr_scoreboard_pkg.sv(53) @ 3615: uvm_test_top.env.scoreboard [SCB MISMATCH] 
#  //////////Expected 
#  	Inputs: rst = 1 | CsrOp = csrrci | Rs = a3 | Traps = EcallMOrMachineExternalInterrupt | mret = 0 | PC = 128 | Addr = 1e2 |CsrAccess = 0 | CsrIn = 78d7dba6 | TI = 0 | EI = 0 | SI = 1 | CsrIdx = mie 
#             Outputs: CsrOutPC = 0 | CsrOut = 4da7d5a2 | TrapIsSet = 1 | RoundingMode = DYN 
#  //////////Actual 
#  	Inputs: rst = 1 | CsrOp = csrrs | Rs = t1 | Traps = NoTraps | mret = 0 | PC = 3cd | Addr = 133 |CsrAccess = 0 | CsrIn = 20e11d55 | TI = 0 | EI = 0 | SI = 0 | CsrIdx = mip 
#             Outputs: CsrOutPC = 0 | CsrOut = 0 | TrapIsSet = 1 | RoundingMode = DYN
# UVM_INFO ../../Verification/CSR/csr_item_pkg.sv(108) @ 3665: reporter@@mon_item [CsrOut Mismatch] Expected: 0 Actual: fdffddfe
# UVM_ERROR ../../Verification/CSR/csr_scoreboard_pkg.sv(53) @ 3665: uvm_test_top.env.scoreboard [SCB MISMATCH] 
#  //////////Expected 
#  	Inputs: rst = 1 | CsrOp = csrrc | Rs = t1 | Traps = NoTraps | mret = 0 | PC = 342 | Addr = 11f |CsrAccess = 1 | CsrIn = d24a4e1 | TI = 0 | EI = 0 | SI = 0 | CsrIdx = mcycle 
#             Outputs: CsrOutPC = 0 | CsrOut = fdffddfe | TrapIsSet = 0 | RoundingMode = DYN 
#  //////////Actual 
#  	Inputs: rst = 1 | CsrOp = csrrc | Rs = sp | Traps = NoTraps | mret = 0 | PC = 240 | Addr = 251 |CsrAccess = 1 | CsrIn = 942512ef | TI = 0 | EI = 0 | SI = 0 | CsrIdx = mtvec 
#             Outputs: CsrOutPC = 0 | CsrOut = 0 | TrapIsSet = 0 | RoundingMode = DYN
# UVM_INFO ../../Verification/CSR/csr_item_pkg.sv(108) @ 3835: reporter@@mon_item [CsrOut Mismatch] Expected: 0 Actual: 2
# UVM_ERROR ../../Verification/CSR/csr_scoreboard_pkg.sv(53) @ 3835: uvm_test_top.env.scoreboard [SCB MISMATCH] 
#  //////////Expected 
#  	Inputs: rst = 1 | CsrOp = csrrw | Rs = s9 | Traps = NoTraps | mret = 0 | PC = 188 | Addr = 1f0 |CsrAccess = 1 | CsrIn = 8b8e34f3 | TI = 0 | EI = 0 | SI = 0 | CsrIdx = mhartid 
#             Outputs: CsrOutPC = 0 | CsrOut = 2 | TrapIsSet = 0 | RoundingMode = DYN 
#  //////////Actual 
#  	Inputs: rst = 1 | CsrOp = csrrw | Rs = a3 | Traps = InstructionAccessFaultOrSupervisorSoftwareInterrupt | mret = 0 | PC = 3e9 | Addr = 2a9 |CsrAccess = 0 | CsrIn = 6079a6f | TI = 0 | EI = 0 | SI = 0 | CsrIdx = mcycle 
#             Outputs: CsrOutPC = 0 | CsrOut = 0 | TrapIsSet = 0 | RoundingMode = DYN
# UVM_INFO ../../Verification/CSR/csr_item_pkg.sv(108) @ 3845: reporter@@mon_item [CsrOut Mismatch] Expected: 0 Actual: 2
# UVM_ERROR ../../Verification/CSR/csr_scoreboard_pkg.sv(53) @ 3845: uvm_test_top.env.scoreboard [SCB MISMATCH] 
#  //////////Expected 
#  	Inputs: rst = 1 | CsrOp = csrrw | Rs = a3 | Traps = InstructionAccessFaultOrSupervisorSoftwareInterrupt | mret = 0 | PC = 3e9 | Addr = 2a9 |CsrAccess = 0 | CsrIn = 6079a6f | TI = 0 | EI = 0 | SI = 0 | CsrIdx = mcycle 
#             Outputs: CsrOutPC = 0 | CsrOut = 2 | TrapIsSet = 1 | RoundingMode = DYN 
#  //////////Actual 
#  	Inputs: rst = 1 | CsrOp = csrrsi | Rs = t0 | Traps = NoTraps | mret = 1 | PC = 21a | Addr = 20c |CsrAccess = 0 | CsrIn = e96d218a | TI = 1 | EI = 0 | SI = 0 | CsrIdx = mvendorid 
#             Outputs: CsrOutPC = 0 | CsrOut = 0 | TrapIsSet = 1 | RoundingMode = DYN
# UVM_INFO ../../Verification/CSR/csr_item_pkg.sv(108) @ 3855: reporter@@mon_item [CsrOut Mismatch] Expected: 0 Actual: 2
# UVM_ERROR ../../Verification/CSR/csr_scoreboard_pkg.sv(53) @ 3855: uvm_test_top.env.scoreboard [SCB MISMATCH] 
#  //////////Expected 
#  	Inputs: rst = 1 | CsrOp = csrrsi | Rs = t0 | Traps = NoTraps | mret = 1 | PC = 21a | Addr = 20c |CsrAccess = 0 | CsrIn = e96d218a | TI = 1 | EI = 0 | SI = 0 | CsrIdx = mvendorid 
#             Outputs: CsrOutPC = 3e8 | CsrOut = 2 | TrapIsSet = 0 | RoundingMode = DYN 
#  //////////Actual 
#  	Inputs: rst = 1 | CsrOp = csrrci | Rs = sp | Traps = NoTraps | mret = 0 | PC = 19f | Addr = 21e |CsrAccess = 1 | CsrIn = 13177709 | TI = 0 | EI = 0 | SI = 0 | CsrIdx = mhartid 
#             Outputs: CsrOutPC = 3e8 | CsrOut = 0 | TrapIsSet = 0 | RoundingMode = DYN
# UVM_INFO ../../Verification/CSR/csr_item_pkg.sv(108) @ 3865: reporter@@mon_item [CsrOut Mismatch] Expected: 0 Actual: 8b8e34f3
# UVM_ERROR ../../Verification/CSR/csr_scoreboard_pkg.sv(53) @ 3865: uvm_test_top.env.scoreboard [SCB MISMATCH] 
#  //////////Expected 
#  	Inputs: rst = 1 | CsrOp = csrrci | Rs = sp | Traps = NoTraps | mret = 0 | PC = 19f | Addr = 21e |CsrAccess = 1 | CsrIn = 13177709 | TI = 0 | EI = 0 | SI = 0 | CsrIdx = mhartid 
#             Outputs: CsrOutPC = 3e8 | CsrOut = 8b8e34f3 | TrapIsSet = 0 | RoundingMode = DYN 
#  //////////Actual 
#  	Inputs: rst = 1 | CsrOp = csrrsi | Rs = a5 | Traps = NoTraps | mret = 1 | PC = 6a | Addr = 239 |CsrAccess = 0 | CsrIn = e682bd0 | TI = 0 | EI = 0 | SI = 0 | CsrIdx = frm 
#             Outputs: CsrOutPC = 3e8 | CsrOut = 0 | TrapIsSet = 0 | RoundingMode = DYN
# UVM_INFO ../../Verification/CSR/csr_item_pkg.sv(108) @ 3875: reporter@@mon_item [CsrOut Mismatch] Expected: 0 Actual: 8b8e34f3
# UVM_ERROR ../../Verification/CSR/csr_scoreboard_pkg.sv(53) @ 3875: uvm_test_top.env.scoreboard [SCB MISMATCH] 
#  //////////Expected 
#  	Inputs: rst = 1 | CsrOp = csrrsi | Rs = a5 | Traps = NoTraps | mret = 1 | PC = 6a | Addr = 239 |CsrAccess = 0 | CsrIn = e682bd0 | TI = 0 | EI = 0 | SI = 0 | CsrIdx = frm 
#             Outputs: CsrOutPC = 3e8 | CsrOut = 8b8e34f3 | TrapIsSet = 0 | RoundingMode = DYN 
#  //////////Actual 
#  	Inputs: rst = 1 | CsrOp = csrrs | Rs = s5 | Traps = EcallSOrSupervisorExternalInterrupt | mret = 0 | PC = cd | Addr = 1ec |CsrAccess = 0 | CsrIn = 9a916a | TI = 0 | EI = 0 | SI = 1 | CsrIdx = mcycle 
#             Outputs: CsrOutPC = 3e8 | CsrOut = 0 | TrapIsSet = 0 | RoundingMode = DYN
# UVM_INFO ../../Verification/CSR/csr_item_pkg.sv(108) @ 3885: reporter@@mon_item [CsrOut Mismatch] Expected: 0 Actual: 8b8e34f3
# UVM_ERROR ../../Verification/CSR/csr_scoreboard_pkg.sv(53) @ 3885: uvm_test_top.env.scoreboard [SCB MISMATCH] 
#  //////////Expected 
#  	Inputs: rst = 1 | CsrOp = csrrs | Rs = s5 | Traps = EcallSOrSupervisorExternalInterrupt | mret = 0 | PC = cd | Addr = 1ec |CsrAccess = 0 | CsrIn = 9a916a | TI = 0 | EI = 0 | SI = 1 | CsrIdx = mcycle 
#             Outputs: CsrOutPC = 0 | CsrOut = 8b8e34f3 | TrapIsSet = 1 | RoundingMode = DYN 
#  //////////Actual 
#  	Inputs: rst = 1 | CsrOp = csrrsi | Rs = zero | Traps = NoTraps | mret = 1 | PC = ce | Addr = 292 |CsrAccess = 0 | CsrIn = 296c502e | TI = 0 | EI = 1 | SI = 0 | CsrIdx = mepc 
#             Outputs: CsrOutPC = 0 | CsrOut = 0 | TrapIsSet = 1 | RoundingMode = DYN
# UVM_INFO ../../Verification/CSR/csr_item_pkg.sv(108) @ 3895: reporter@@mon_item [CsrOut Mismatch] Expected: 0 Actual: 8b8e34f3
# UVM_ERROR ../../Verification/CSR/csr_scoreboard_pkg.sv(53) @ 3895: uvm_test_top.env.scoreboard [SCB MISMATCH] 
#  //////////Expected 
#  	Inputs: rst = 1 | CsrOp = csrrsi | Rs = zero | Traps = NoTraps | mret = 1 | PC = ce | Addr = 292 |CsrAccess = 0 | CsrIn = 296c502e | TI = 0 | EI = 1 | SI = 0 | CsrIdx = mepc 
#             Outputs: CsrOutPC = cc | CsrOut = 8b8e34f3 | TrapIsSet = 0 | RoundingMode = DYN 
#  //////////Actual 
#  	Inputs: rst = 1 | CsrOp = csrrw | Rs = t1 | Traps = BreakpointOrMachineSoftwareInterrupt | mret = 0 | PC = 373 | Addr = 36c |CsrAccess = 0 | CsrIn = e45cb19d | TI = 1 | EI = 0 | SI = 0 | CsrIdx = mepc 
#             Outputs: CsrOutPC = cc | CsrOut = 0 | TrapIsSet = 0 | RoundingMode = DYN
# UVM_INFO ../../Verification/CSR/csr_item_pkg.sv(108) @ 3905: reporter@@mon_item [CsrOut Mismatch] Expected: 0 Actual: 8b8e34f3
# UVM_ERROR ../../Verification/CSR/csr_scoreboard_pkg.sv(53) @ 3905: uvm_test_top.env.scoreboard [SCB MISMATCH] 
#  //////////Expected 
#  	Inputs: rst = 1 | CsrOp = csrrw | Rs = t1 | Traps = BreakpointOrMachineSoftwareInterrupt | mret = 0 | PC = 373 | Addr = 36c |CsrAccess = 0 | CsrIn = e45cb19d | TI = 1 | EI = 0 | SI = 0 | CsrIdx = mepc 
#             Outputs: CsrOutPC = 0 | CsrOut = 8b8e34f3 | TrapIsSet = 1 | RoundingMode = DYN 
#  //////////Actual 
#  	Inputs: rst = 1 | CsrOp = system | Rs = t6 | Traps = NoTraps | mret = 1 | PC = 1dd | Addr = 206 |CsrAccess = 0 | CsrIn = 405ba390 | TI = 0 | EI = 0 | SI = 0 | CsrIdx = mscratch 
#             Outputs: CsrOutPC = 0 | CsrOut = 0 | TrapIsSet = 1 | RoundingMode = DYN
# UVM_INFO ../../Verification/CSR/csr_item_pkg.sv(108) @ 3915: reporter@@mon_item [CsrOut Mismatch] Expected: 0 Actual: 8b8e34f3
# UVM_ERROR ../../Verification/CSR/csr_scoreboard_pkg.sv(53) @ 3915: uvm_test_top.env.scoreboard [SCB MISMATCH] 
#  //////////Expected 
#  	Inputs: rst = 1 | CsrOp = system | Rs = t6 | Traps = NoTraps | mret = 1 | PC = 1dd | Addr = 206 |CsrAccess = 0 | CsrIn = 405ba390 | TI = 0 | EI = 0 | SI = 0 | CsrIdx = mscratch 
#             Outputs: CsrOutPC = 370 | CsrOut = 8b8e34f3 | TrapIsSet = 0 | RoundingMode = DYN 
#  //////////Actual 
#  	Inputs: rst = 1 | CsrOp = csrrw | Rs = s7 | Traps = LoadAddressMisalignedOrUserSoftwareInterrupt | mret = 0 | PC = 3ce | Addr = 1c9 |CsrAccess = 0 | CsrIn = fb4e1db3 | TI = 0 | EI = 0 | SI = 0 | CsrIdx = frm 
#             Outputs: CsrOutPC = 370 | CsrOut = 0 | TrapIsSet = 0 | RoundingMode = DYN
# UVM_INFO ../../Verification/CSR/csr_item_pkg.sv(108) @ 3925: reporter@@mon_item [CsrOut Mismatch] Expected: 0 Actual: 8b8e34f3
# UVM_ERROR ../../Verification/CSR/csr_scoreboard_pkg.sv(53) @ 3925: uvm_test_top.env.scoreboard [SCB MISMATCH] 
#  //////////Expected 
#  	Inputs: rst = 1 | CsrOp = csrrw | Rs = s7 | Traps = LoadAddressMisalignedOrUserSoftwareInterrupt | mret = 0 | PC = 3ce | Addr = 1c9 |CsrAccess = 0 | CsrIn = fb4e1db3 | TI = 0 | EI = 0 | SI = 0 | CsrIdx = frm 
#             Outputs: CsrOutPC = 0 | CsrOut = 8b8e34f3 | TrapIsSet = 1 | RoundingMode = DYN 
#  //////////Actual 
#  	Inputs: rst = 1 | CsrOp = csrrs | Rs = a5 | Traps = LoadAddressMisalignedOrUserSoftwareInterrupt | mret = 0 | PC = f2 | Addr = 1eb |CsrAccess = 0 | CsrIn = 1677f4f1 | TI = 0 | EI = 0 | SI = 0 | CsrIdx = fflags 
#             Outputs: CsrOutPC = 0 | CsrOut = 0 | TrapIsSet = 1 | RoundingMode = DYN
# UVM_INFO ../../Verification/CSR/csr_item_pkg.sv(108) @ 3935: reporter@@mon_item [CsrOut Mismatch] Expected: 0 Actual: 8b8e34f3
# UVM_ERROR ../../Verification/CSR/csr_scoreboard_pkg.sv(53) @ 3935: uvm_test_top.env.scoreboard [SCB MISMATCH] 
#  //////////Expected 
#  	Inputs: rst = 1 | CsrOp = csrrs | Rs = a5 | Traps = LoadAddressMisalignedOrUserSoftwareInterrupt | mret = 0 | PC = f2 | Addr = 1eb |CsrAccess = 0 | CsrIn = 1677f4f1 | TI = 0 | EI = 0 | SI = 0 | CsrIdx = fflags 
#             Outputs: CsrOutPC = 0 | CsrOut = 8b8e34f3 | TrapIsSet = 1 | RoundingMode = DYN 
#  //////////Actual 
#  	Inputs: rst = 1 | CsrOp = csrrsi | Rs = a3 | Traps = EcallHOrHypervisorExternalInterrupt | mret = 0 | PC = 26a | Addr = 32d |CsrAccess = 0 | CsrIn = 3db3a2c3 | TI = 0 | EI = 0 | SI = 0 | CsrIdx = mie 
#             Outputs: CsrOutPC = 0 | CsrOut = 0 | TrapIsSet = 1 | RoundingMode = DYN
# UVM_INFO ../../Verification/CSR/csr_item_pkg.sv(108) @ 3945: reporter@@mon_item [CsrOut Mismatch] Expected: 0 Actual: 8b8e34f3
# UVM_ERROR ../../Verification/CSR/csr_scoreboard_pkg.sv(53) @ 3945: uvm_test_top.env.scoreboard [SCB MISMATCH] 
#  //////////Expected 
#  	Inputs: rst = 1 | CsrOp = csrrsi | Rs = a3 | Traps = EcallHOrHypervisorExternalInterrupt | mret = 0 | PC = 26a | Addr = 32d |CsrAccess = 0 | CsrIn = 3db3a2c3 | TI = 0 | EI = 0 | SI = 0 | CsrIdx = mie 
#             Outputs: CsrOutPC = 0 | CsrOut = 8b8e34f3 | TrapIsSet = 1 | RoundingMode = DYN 
#  //////////Actual 
#  	Inputs: rst = 1 | CsrOp = csrrsi | Rs = t0 | Traps = NoTraps | mret = 1 | PC = 184 | Addr = 3ec |CsrAccess = 0 | CsrIn = 5f4517fd | TI = 0 | EI = 0 | SI = 0 | CsrIdx = fflags 
#             Outputs: CsrOutPC = 0 | CsrOut = 0 | TrapIsSet = 1 | RoundingMode = DYN
# UVM_INFO ../../Verification/CSR/csr_item_pkg.sv(108) @ 3955: reporter@@mon_item [CsrOut Mismatch] Expected: 0 Actual: 8b8e34f3
# UVM_ERROR ../../Verification/CSR/csr_scoreboard_pkg.sv(53) @ 3955: uvm_test_top.env.scoreboard [SCB MISMATCH] 
#  //////////Expected 
#  	Inputs: rst = 1 | CsrOp = csrrsi | Rs = t0 | Traps = NoTraps | mret = 1 | PC = 184 | Addr = 3ec |CsrAccess = 0 | CsrIn = 5f4517fd | TI = 0 | EI = 0 | SI = 0 | CsrIdx = fflags 
#             Outputs: CsrOutPC = 268 | CsrOut = 8b8e34f3 | TrapIsSet = 0 | RoundingMode = DYN 
#  //////////Actual 
#  	Inputs: rst = 1 | CsrOp = csrrw | Rs = t3 | Traps = StoreAddressMisalignedOrHyperVisorTimerInterrupt | mret = 0 | PC = 1aa | Addr = 261 |CsrAccess = 0 | CsrIn = 56bb1303 | TI = 0 | EI = 0 | SI = 0 | CsrIdx = misa 
#             Outputs: CsrOutPC = 268 | CsrOut = 0 | TrapIsSet = 0 | RoundingMode = DYN
# UVM_INFO ../../Verification/CSR/csr_item_pkg.sv(108) @ 3965: reporter@@mon_item [CsrOut Mismatch] Expected: 0 Actual: 8b8e34f3
# UVM_ERROR ../../Verification/CSR/csr_scoreboard_pkg.sv(53) @ 3965: uvm_test_top.env.scoreboard [SCB MISMATCH] 
#  //////////Expected 
#  	Inputs: rst = 1 | CsrOp = csrrw | Rs = t3 | Traps = StoreAddressMisalignedOrHyperVisorTimerInterrupt | mret = 0 | PC = 1aa | Addr = 261 |CsrAccess = 0 | CsrIn = 56bb1303 | TI = 0 | EI = 0 | SI = 0 | CsrIdx = misa 
#             Outputs: CsrOutPC = 0 | CsrOut = 8b8e34f3 | TrapIsSet = 1 | RoundingMode = DYN 
#  //////////Actual 
#  	Inputs: rst = 1 | CsrOp = csrrs | Rs = sp | Traps = BreakpointOrMachineSoftwareInterrupt | mret = 0 | PC = 337 | Addr = 320 |CsrAccess = 0 | CsrIn = 20a43cde | TI = 0 | EI = 0 | SI = 0 | CsrIdx = mvendorid 
#             Outputs: CsrOutPC = 0 | CsrOut = 0 | TrapIsSet = 1 | RoundingMode = DYN
# UVM_INFO ../../Verification/CSR/csr_item_pkg.sv(108) @ 3975: reporter@@mon_item [CsrOut Mismatch] Expected: 0 Actual: 8b8e34f3
# UVM_ERROR ../../Verification/CSR/csr_scoreboard_pkg.sv(53) @ 3975: uvm_test_top.env.scoreboard [SCB MISMATCH] 
#  //////////Expected 
#  	Inputs: rst = 1 | CsrOp = csrrs | Rs = sp | Traps = BreakpointOrMachineSoftwareInterrupt | mret = 0 | PC = 337 | Addr = 320 |CsrAccess = 0 | CsrIn = 20a43cde | TI = 0 | EI = 0 | SI = 0 | CsrIdx = mvendorid 
#             Outputs: CsrOutPC = 0 | CsrOut = 8b8e34f3 | TrapIsSet = 1 | RoundingMode = DYN 
#  //////////Actual 
#  	Inputs: rst = 1 | CsrOp = csrrs | Rs = a0 | Traps = EcallMOrMachineExternalInterrupt | mret = 0 | PC = 247 | Addr = 2d4 |CsrAccess = 0 | CsrIn = a41fe47b | TI = 0 | EI = 1 | SI = 0 | CsrIdx = mideleg 
#             Outputs: CsrOutPC = 0 | CsrOut = 0 | TrapIsSet = 1 | RoundingMode = DYN
# UVM_INFO ../../Verification/CSR/csr_item_pkg.sv(108) @ 3985: reporter@@mon_item [CsrOut Mismatch] Expected: 0 Actual: 8b8e34f3
# UVM_ERROR ../../Verification/CSR/csr_scoreboard_pkg.sv(53) @ 3985: uvm_test_top.env.scoreboard [SCB MISMATCH] 
#  //////////Expected 
#  	Inputs: rst = 1 | CsrOp = csrrs | Rs = a0 | Traps = EcallMOrMachineExternalInterrupt | mret = 0 | PC = 247 | Addr = 2d4 |CsrAccess = 0 | CsrIn = a41fe47b | TI = 0 | EI = 1 | SI = 0 | CsrIdx = mideleg 
#             Outputs: CsrOutPC = 0 | CsrOut = 8b8e34f3 | TrapIsSet = 1 | RoundingMode = DYN 
#  //////////Actual 
#  	Inputs: rst = 1 | CsrOp = csrrsi | Rs = t2 | Traps = NoTraps | mret = 1 | PC = 193 | Addr = 2a8 |CsrAccess = 0 | CsrIn = 346e7df | TI = 0 | EI = 0 | SI = 0 | CsrIdx = fcsr 
#             Outputs: CsrOutPC = 0 | CsrOut = 0 | TrapIsSet = 1 | RoundingMode = DYN
# UVM_INFO ../../Verification/CSR/csr_item_pkg.sv(108) @ 3995: reporter@@mon_item [CsrOut Mismatch] Expected: 0 Actual: 8b8e34f3
# UVM_ERROR ../../Verification/CSR/csr_scoreboard_pkg.sv(53) @ 3995: uvm_test_top.env.scoreboard [SCB MISMATCH] 
#  //////////Expected 
#  	Inputs: rst = 1 | CsrOp = csrrsi | Rs = t2 | Traps = NoTraps | mret = 1 | PC = 193 | Addr = 2a8 |CsrAccess = 0 | CsrIn = 346e7df | TI = 0 | EI = 0 | SI = 0 | CsrIdx = fcsr 
#             Outputs: CsrOutPC = 244 | CsrOut = 8b8e34f3 | TrapIsSet = 0 | RoundingMode = DYN 
#  //////////Actual 
#  	Inputs: rst = 1 | CsrOp = csrrc | Rs = s5 | Traps = BreakpointOrMachineSoftwareInterrupt | mret = 0 | PC = 168 | Addr = 356 |CsrAccess = 0 | CsrIn = 4a1815f7 | TI = 1 | EI = 0 | SI = 1 | CsrIdx = fcsr 
#             Outputs: CsrOutPC = 244 | CsrOut = 0 | TrapIsSet = 0 | RoundingMode = DYN
# UVM_INFO ../../Verification/CSR/csr_item_pkg.sv(108) @ 4005: reporter@@mon_item [CsrOut Mismatch] Expected: 0 Actual: 8b8e34f3
# UVM_ERROR ../../Verification/CSR/csr_scoreboard_pkg.sv(53) @ 4005: uvm_test_top.env.scoreboard [SCB MISMATCH] 
#  //////////Expected 
#  	Inputs: rst = 1 | CsrOp = csrrc | Rs = s5 | Traps = BreakpointOrMachineSoftwareInterrupt | mret = 0 | PC = 168 | Addr = 356 |CsrAccess = 0 | CsrIn = 4a1815f7 | TI = 1 | EI = 0 | SI = 1 | CsrIdx = fcsr 
#             Outputs: CsrOutPC = 0 | CsrOut = 8b8e34f3 | TrapIsSet = 1 | RoundingMode = DYN 
#  //////////Actual 
#  	Inputs: rst = 1 | CsrOp = system | Rs = sp | Traps = EcallSOrSupervisorExternalInterrupt | mret = 0 | PC = 2f0 | Addr = 351 |CsrAccess = 0 | CsrIn = c08df445 | TI = 0 | EI = 0 | SI = 0 | CsrIdx = mscratch 
#             Outputs: CsrOutPC = 0 | CsrOut = 0 | TrapIsSet = 1 | RoundingMode = DYN
# UVM_INFO ../../Verification/CSR/csr_item_pkg.sv(108) @ 4015: reporter@@mon_item [CsrOut Mismatch] Expected: 0 Actual: 8b8e34f3
# UVM_ERROR ../../Verification/CSR/csr_scoreboard_pkg.sv(53) @ 4015: uvm_test_top.env.scoreboard [SCB MISMATCH] 
#  //////////Expected 
#  	Inputs: rst = 1 | CsrOp = system | Rs = sp | Traps = EcallSOrSupervisorExternalInterrupt | mret = 0 | PC = 2f0 | Addr = 351 |CsrAccess = 0 | CsrIn = c08df445 | TI = 0 | EI = 0 | SI = 0 | CsrIdx = mscratch 
#             Outputs: CsrOutPC = 0 | CsrOut = 8b8e34f3 | TrapIsSet = 1 | RoundingMode = DYN 
#  //////////Actual 
#  	Inputs: rst = 1 | CsrOp = csrrsi | Rs = s11 | Traps = NoTraps | mret = 0 | PC = 3e9 | Addr = 32 |CsrAccess = 1 | CsrIn = 91ba81fc | TI = 0 | EI = 0 | SI = 0 | CsrIdx = mscratch 
#             Outputs: CsrOutPC = 0 | CsrOut = 0 | TrapIsSet = 1 | RoundingMode = DYN
# UVM_INFO ../../Verification/CSR/csr_item_pkg.sv(108) @ 4155: reporter@@mon_item [CsrOut Mismatch] Expected: 0 Actual: 8b8e34f1
# UVM_ERROR ../../Verification/CSR/csr_scoreboard_pkg.sv(53) @ 4155: uvm_test_top.env.scoreboard [SCB MISMATCH] 
#  //////////Expected 
#  	Inputs: rst = 1 | CsrOp = csrrs | Rs = ra | Traps = NoTraps | mret = 0 | PC = 3a | Addr = 266 |CsrAccess = 1 | CsrIn = 192920ff | TI = 0 | EI = 1 | SI = 0 | CsrIdx = mhartid 
#             Outputs: CsrOutPC = 0 | CsrOut = 8b8e34f1 | TrapIsSet = 0 | RoundingMode = RUP 
#  //////////Actual 
#  	Inputs: rst = 1 | CsrOp = csrrc | Rs = s0_fp | Traps = EcallUOrUserExternalInterrupt | mret = 0 | PC = 1a5 | Addr = 17f |CsrAccess = 0 | CsrIn = 39ad076f | TI = 0 | EI = 0 | SI = 0 | CsrIdx = mhartid 
#             Outputs: CsrOutPC = 0 | CsrOut = 0 | TrapIsSet = 0 | RoundingMode = RUP
# UVM_INFO ../../Verification/CSR/csr_item_pkg.sv(108) @ 4165: reporter@@mon_item [CsrOut Mismatch] Expected: 0 Actual: 8b8e34f1
# UVM_ERROR ../../Verification/CSR/csr_scoreboard_pkg.sv(53) @ 4165: uvm_test_top.env.scoreboard [SCB MISMATCH] 
#  //////////Expected 
#  	Inputs: rst = 1 | CsrOp = csrrc | Rs = s0_fp | Traps = EcallUOrUserExternalInterrupt | mret = 0 | PC = 1a5 | Addr = 17f |CsrAccess = 0 | CsrIn = 39ad076f | TI = 0 | EI = 0 | SI = 0 | CsrIdx = mhartid 
#             Outputs: CsrOutPC = 0 | CsrOut = 8b8e34f1 | TrapIsSet = 1 | RoundingMode = RUP 
#  //////////Actual 
#  	Inputs: rst = 1 | CsrOp = csrrwi | Rs = a3 | Traps = NoTraps | mret = 1 | PC = 228 | Addr = 2cf |CsrAccess = 0 | CsrIn = 648388b | TI = 0 | EI = 0 | SI = 0 | CsrIdx = medeleg 
#             Outputs: CsrOutPC = 0 | CsrOut = 0 | TrapIsSet = 1 | RoundingMode = RUP
# UVM_INFO ../../Verification/CSR/csr_item_pkg.sv(108) @ 4175: reporter@@mon_item [CsrOut Mismatch] Expected: 0 Actual: 8b8e34f1
# UVM_ERROR ../../Verification/CSR/csr_scoreboard_pkg.sv(53) @ 4175: uvm_test_top.env.scoreboard [SCB MISMATCH] 
#  //////////Expected 
#  	Inputs: rst = 1 | CsrOp = csrrwi | Rs = a3 | Traps = NoTraps | mret = 1 | PC = 228 | Addr = 2cf |CsrAccess = 0 | CsrIn = 648388b | TI = 0 | EI = 0 | SI = 0 | CsrIdx = medeleg 
#             Outputs: CsrOutPC = 1a4 | CsrOut = 8b8e34f1 | TrapIsSet = 0 | RoundingMode = RUP 
#  //////////Actual 
#  	Inputs: rst = 1 | CsrOp = csrrci | Rs = zero | Traps = NoTraps | mret = 1 | PC = e | Addr = 2a9 |CsrAccess = 0 | CsrIn = cc7764f0 | TI = 0 | EI = 0 | SI = 0 | CsrIdx = mtvec 
#             Outputs: CsrOutPC = 1a4 | CsrOut = 0 | TrapIsSet = 0 | RoundingMode = RUP
# UVM_INFO ../../Verification/CSR/csr_item_pkg.sv(108) @ 4185: reporter@@mon_item [CsrOut Mismatch] Expected: 0 Actual: 8b8e34f1
# UVM_ERROR ../../Verification/CSR/csr_scoreboard_pkg.sv(53) @ 4185: uvm_test_top.env.scoreboard [SCB MISMATCH] 
#  //////////Expected 
#  	Inputs: rst = 1 | CsrOp = csrrci | Rs = zero | Traps = NoTraps | mret = 1 | PC = e | Addr = 2a9 |CsrAccess = 0 | CsrIn = cc7764f0 | TI = 0 | EI = 0 | SI = 0 | CsrIdx = mtvec 
#             Outputs: CsrOutPC = 1a4 | CsrOut = 8b8e34f1 | TrapIsSet = 0 | RoundingMode = RUP 
#  //////////Actual 
#  	Inputs: rst = 1 | CsrOp = csrrw | Rs = t2 | Traps = LoadAddressFaultOrSupervisorTimerInterrupt | mret = 0 | PC = 334 | Addr = 33c |CsrAccess = 0 | CsrIn = d42353f4 | TI = 0 | EI = 0 | SI = 0 | CsrIdx = misa 
#             Outputs: CsrOutPC = 1a4 | CsrOut = 0 | TrapIsSet = 0 | RoundingMode = RUP
# UVM_INFO ../../Verification/CSR/csr_item_pkg.sv(108) @ 4195: reporter@@mon_item [CsrOut Mismatch] Expected: 0 Actual: 8b8e34f1
# UVM_ERROR ../../Verification/CSR/csr_scoreboard_pkg.sv(53) @ 4195: uvm_test_top.env.scoreboard [SCB MISMATCH] 
#  //////////Expected 
#  	Inputs: rst = 1 | CsrOp = csrrw | Rs = t2 | Traps = LoadAddressFaultOrSupervisorTimerInterrupt | mret = 0 | PC = 334 | Addr = 33c |CsrAccess = 0 | CsrIn = d42353f4 | TI = 0 | EI = 0 | SI = 0 | CsrIdx = misa 
#             Outputs: CsrOutPC = 0 | CsrOut = 8b8e34f1 | TrapIsSet = 1 | RoundingMode = RUP 
#  //////////Actual 
#  	Inputs: rst = 1 | CsrOp = csrrci | Rs = a1 | Traps = NoTraps | mret = 0 | PC = 20a | Addr = 1c2 |CsrAccess = 1 | CsrIn = 6ad3ff54 | TI = 0 | EI = 0 | SI = 0 | CsrIdx = mepc 
#             Outputs: CsrOutPC = 0 | CsrOut = 0 | TrapIsSet = 1 | RoundingMode = RUP
# UVM_INFO ../../Verification/CSR/csr_item_pkg.sv(108) @ 4905: reporter@@mon_item [CsrOut Mismatch] Expected: 0 Actual: 9baf34ff
# UVM_ERROR ../../Verification/CSR/csr_scoreboard_pkg.sv(53) @ 4905: uvm_test_top.env.scoreboard [SCB MISMATCH] 
#  //////////Expected 
#  	Inputs: rst = 1 | CsrOp = csrrwi | Rs = s8 | Traps = NoTraps | mret = 0 | PC = 31c | Addr = 38 |CsrAccess = 1 | CsrIn = 2a887037 | TI = 0 | EI = 0 | SI = 0 | CsrIdx = mhartid 
#             Outputs: CsrOutPC = 3b8 | CsrOut = 9baf34ff | TrapIsSet = 0 | RoundingMode = RUP 
#  //////////Actual 
#  	Inputs: rst = 1 | CsrOp = csrrwi | Rs = zero | Traps = NoTraps | mret = 0 | PC = 305 | Addr = 1ff |CsrAccess = 1 | CsrIn = 8a6b7137 | TI = 0 | EI = 0 | SI = 0 | CsrIdx = mie 
#             Outputs: CsrOutPC = 3b8 | CsrOut = 0 | TrapIsSet = 0 | RoundingMode = RUP
# UVM_INFO ../../Verification/CSR/csr_item_pkg.sv(108) @ 5485: reporter@@mon_item [CsrOut Mismatch] Expected: 0 Actual: f0db591e
# UVM_ERROR ../../Verification/CSR/csr_scoreboard_pkg.sv(53) @ 5485: uvm_test_top.env.scoreboard [SCB MISMATCH] 
#  //////////Expected 
#  	Inputs: rst = 1 | CsrOp = csrrci | Rs = t1 | Traps = NoTraps | mret = 0 | PC = 2e4 | Addr = 3a8 |CsrAccess = 1 | CsrIn = fb12d9fa | TI = 0 | EI = 0 | SI = 0 | CsrIdx = mcycle 
#             Outputs: CsrOutPC = 160 | CsrOut = f0db591e | TrapIsSet = 0 | RoundingMode = RUP 
#  //////////Actual 
#  	Inputs: rst = 1 | CsrOp = csrrs | Rs = s5 | Traps = BreakpointOrMachineSoftwareInterrupt | mret = 0 | PC = 296 | Addr = 34c |CsrAccess = 0 | CsrIn = b2ae07e2 | TI = 0 | EI = 0 | SI = 0 | CsrIdx = mvendorid 
#             Outputs: CsrOutPC = 160 | CsrOut = 0 | TrapIsSet = 0 | RoundingMode = RUP
# UVM_INFO ../../Verification/CSR/csr_item_pkg.sv(108) @ 5495: reporter@@mon_item [CsrOut Mismatch] Expected: 0 Actual: f0db591e
# UVM_ERROR ../../Verification/CSR/csr_scoreboard_pkg.sv(53) @ 5495: uvm_test_top.env.scoreboard [SCB MISMATCH] 
#  //////////Expected 
#  	Inputs: rst = 1 | CsrOp = csrrs | Rs = s5 | Traps = BreakpointOrMachineSoftwareInterrupt | mret = 0 | PC = 296 | Addr = 34c |CsrAccess = 0 | CsrIn = b2ae07e2 | TI = 0 | EI = 0 | SI = 0 | CsrIdx = mvendorid 
#             Outputs: CsrOutPC = 160 | CsrOut = f0db591e | TrapIsSet = 1 | RoundingMode = RUP 
#  //////////Actual 
#  	Inputs: rst = 1 | CsrOp = csrrw | Rs = t4 | Traps = InstructionAddressMisalignedOrUserSoftwareInterrupt | mret = 0 | PC = 10 | Addr = 136 |CsrAccess = 0 | CsrIn = 6404f382 | TI = 0 | EI = 0 | SI = 0 | CsrIdx = fflags 
#             Outputs: CsrOutPC = 160 | CsrOut = 0 | TrapIsSet = 1 | RoundingMode = RUP
# UVM_INFO ../../Verification/CSR/csr_item_pkg.sv(108) @ 5505: reporter@@mon_item [CsrOut Mismatch] Expected: 0 Actual: f0db591e
# UVM_ERROR ../../Verification/CSR/csr_scoreboard_pkg.sv(53) @ 5505: uvm_test_top.env.scoreboard [SCB MISMATCH] 
#  //////////Expected 
#  	Inputs: rst = 1 | CsrOp = csrrw | Rs = t4 | Traps = InstructionAddressMisalignedOrUserSoftwareInterrupt | mret = 0 | PC = 10 | Addr = 136 |CsrAccess = 0 | CsrIn = 6404f382 | TI = 0 | EI = 0 | SI = 0 | CsrIdx = fflags 
#             Outputs: CsrOutPC = 160 | CsrOut = f0db591e | TrapIsSet = 1 | RoundingMode = RUP 
#  //////////Actual 
#  	Inputs: rst = 1 | CsrOp = csrrc | Rs = t5 | Traps = NoTraps | mret = 1 | PC = 64 | Addr = 1f3 |CsrAccess = 0 | CsrIn = a56dc267 | TI = 0 | EI = 1 | SI = 0 | CsrIdx = mtvec 
#             Outputs: CsrOutPC = 160 | CsrOut = 0 | TrapIsSet = 1 | RoundingMode = RUP
# UVM_INFO ../../Verification/CSR/csr_item_pkg.sv(108) @ 5515: reporter@@mon_item [CsrOut Mismatch] Expected: 0 Actual: f0db591e
# UVM_ERROR ../../Verification/CSR/csr_scoreboard_pkg.sv(53) @ 5515: uvm_test_top.env.scoreboard [SCB MISMATCH] 
#  //////////Expected 
#  	Inputs: rst = 1 | CsrOp = csrrc | Rs = t5 | Traps = NoTraps | mret = 1 | PC = 64 | Addr = 1f3 |CsrAccess = 0 | CsrIn = a56dc267 | TI = 0 | EI = 1 | SI = 0 | CsrIdx = mtvec 
#             Outputs: CsrOutPC = 10 | CsrOut = f0db591e | TrapIsSet = 0 | RoundingMode = RUP 
#  //////////Actual 
#  	Inputs: rst = 1 | CsrOp = csrrci | Rs = t1 | Traps = StoreAddressMisalignedOrHyperVisorTimerInterrupt | mret = 0 | PC = 236 | Addr = 182 |CsrAccess = 0 | CsrIn = 7fe7d5dc | TI = 0 | EI = 0 | SI = 0 | CsrIdx = fflags 
#             Outputs: CsrOutPC = 10 | CsrOut = 0 | TrapIsSet = 0 | RoundingMode = RUP
# UVM_INFO ../../Verification/CSR/csr_item_pkg.sv(108) @ 5525: reporter@@mon_item [CsrOut Mismatch] Expected: 0 Actual: f0db591e
# UVM_ERROR ../../Verification/CSR/csr_scoreboard_pkg.sv(53) @ 5525: uvm_test_top.env.scoreboard [SCB MISMATCH] 
#  //////////Expected 
#  	Inputs: rst = 1 | CsrOp = csrrci | Rs = t1 | Traps = StoreAddressMisalignedOrHyperVisorTimerInterrupt | mret = 0 | PC = 236 | Addr = 182 |CsrAccess = 0 | CsrIn = 7fe7d5dc | TI = 0 | EI = 0 | SI = 0 | CsrIdx = fflags 
#             Outputs: CsrOutPC = 160 | CsrOut = f0db591e | TrapIsSet = 1 | RoundingMode = RUP 
#  //////////Actual 
#  	Inputs: rst = 1 | CsrOp = csrrci | Rs = s4 | Traps = EcallHOrHypervisorExternalInterrupt | mret = 0 | PC = 160 | Addr = 140 |CsrAccess = 0 | CsrIn = 75a0224c | TI = 0 | EI = 1 | SI = 0 | CsrIdx = mip 
#             Outputs: CsrOutPC = 160 | CsrOut = 0 | TrapIsSet = 1 | RoundingMode = RUP
# UVM_INFO ../../Verification/CSR/csr_item_pkg.sv(108) @ 5535: reporter@@mon_item [CsrOut Mismatch] Expected: 0 Actual: f0db591e
# UVM_ERROR ../../Verification/CSR/csr_scoreboard_pkg.sv(53) @ 5535: uvm_test_top.env.scoreboard [SCB MISMATCH] 
#  //////////Expected 
#  	Inputs: rst = 1 | CsrOp = csrrci | Rs = s4 | Traps = EcallHOrHypervisorExternalInterrupt | mret = 0 | PC = 160 | Addr = 140 |CsrAccess = 0 | CsrIn = 75a0224c | TI = 0 | EI = 1 | SI = 0 | CsrIdx = mip 
#             Outputs: CsrOutPC = 160 | CsrOut = f0db591e | TrapIsSet = 1 | RoundingMode = RUP 
#  //////////Actual 
#  	Inputs: rst = 1 | CsrOp = csrrsi | Rs = a5 | Traps = StoreAddressFaultOrMachineTimerInterrupt | mret = 0 | PC = e2 | Addr = 112 |CsrAccess = 0 | CsrIn = ac048a7 | TI = 0 | EI = 0 | SI = 0 | CsrIdx = mie 
#             Outputs: CsrOutPC = 160 | CsrOut = 0 | TrapIsSet = 1 | RoundingMode = RUP
# UVM_INFO ../../Verification/CSR/csr_item_pkg.sv(108) @ 5545: reporter@@mon_item [CsrOut Mismatch] Expected: 0 Actual: f0db591e
# UVM_ERROR ../../Verification/CSR/csr_scoreboard_pkg.sv(53) @ 5545: uvm_test_top.env.scoreboard [SCB MISMATCH] 
#  //////////Expected 
#  	Inputs: rst = 1 | CsrOp = csrrsi | Rs = a5 | Traps = StoreAddressFaultOrMachineTimerInterrupt | mret = 0 | PC = e2 | Addr = 112 |CsrAccess = 0 | CsrIn = ac048a7 | TI = 0 | EI = 0 | SI = 0 | CsrIdx = mie 
#             Outputs: CsrOutPC = 160 | CsrOut = f0db591e | TrapIsSet = 1 | RoundingMode = RUP 
#  //////////Actual 
#  	Inputs: rst = 1 | CsrOp = csrrs | Rs = t2 | Traps = NoTraps | mret = 0 | PC = 187 | Addr = 377 |CsrAccess = 1 | CsrIn = aac83501 | TI = 0 | EI = 0 | SI = 0 | CsrIdx = mstatus 
#             Outputs: CsrOutPC = 160 | CsrOut = 0 | TrapIsSet = 1 | RoundingMode = RUP
# UVM_INFO ../../Verification/CSR/csr_item_pkg.sv(108) @ 6995: reporter@@mon_item [CsrOut Mismatch] Expected: 0 Actual: 2e6a3905
# UVM_ERROR ../../Verification/CSR/csr_scoreboard_pkg.sv(53) @ 6995: uvm_test_top.env.scoreboard [SCB MISMATCH] 
#  //////////Expected 
#  	Inputs: rst = 1 | CsrOp = csrrwi | Rs = a7 | Traps = NoTraps | mret = 0 | PC = 3d5 | Addr = 2a5 |CsrAccess = 1 | CsrIn = 442d835e | TI = 0 | EI = 0 | SI = 0 | CsrIdx = mcycle 
#             Outputs: CsrOutPC = 0 | CsrOut = 2e6a3905 | TrapIsSet = 0 | RoundingMode = RNE 
#  //////////Actual 
#  	Inputs: rst = 1 | CsrOp = system | Rs = s8 | Traps = IllegalInstructionOrHypervisorSoftwareInterrupt | mret = 0 | PC = 3d6 | Addr = 16c |CsrAccess = 0 | CsrIn = e1668d2f | TI = 0 | EI = 0 | SI = 1 | CsrIdx = mepc 
#             Outputs: CsrOutPC = 0 | CsrOut = 0 | TrapIsSet = 0 | RoundingMode = RNE
# UVM_INFO ../../Verification/CSR/csr_item_pkg.sv(108) @ 7005: reporter@@mon_item [CsrOut Mismatch] Expected: 0 Actual: 2e6a3905
# UVM_ERROR ../../Verification/CSR/csr_scoreboard_pkg.sv(53) @ 7005: uvm_test_top.env.scoreboard [SCB MISMATCH] 
#  //////////Expected 
#  	Inputs: rst = 1 | CsrOp = system | Rs = s8 | Traps = IllegalInstructionOrHypervisorSoftwareInterrupt | mret = 0 | PC = 3d6 | Addr = 16c |CsrAccess = 0 | CsrIn = e1668d2f | TI = 0 | EI = 0 | SI = 1 | CsrIdx = mepc 
#             Outputs: CsrOutPC = 0 | CsrOut = 2e6a3905 | TrapIsSet = 1 | RoundingMode = RNE 
#  //////////Actual 
#  	Inputs: rst = 1 | CsrOp = csrrci | Rs = ra | Traps = InstructionAddressMisalignedOrUserSoftwareInterrupt | mret = 0 | PC = c4 | Addr = 10b |CsrAccess = 0 | CsrIn = 8cec303 | TI = 0 | EI = 0 | SI = 0 | CsrIdx = mtvec 
#             Outputs: CsrOutPC = 0 | CsrOut = 0 | TrapIsSet = 1 | RoundingMode = RNE
# UVM_INFO ../../Verification/CSR/csr_item_pkg.sv(108) @ 7015: reporter@@mon_item [CsrOut Mismatch] Expected: 0 Actual: 2e6a3905
# UVM_ERROR ../../Verification/CSR/csr_scoreboard_pkg.sv(53) @ 7015: uvm_test_top.env.scoreboard [SCB MISMATCH] 
#  //////////Expected 
#  	Inputs: rst = 1 | CsrOp = csrrci | Rs = ra | Traps = InstructionAddressMisalignedOrUserSoftwareInterrupt | mret = 0 | PC = c4 | Addr = 10b |CsrAccess = 0 | CsrIn = 8cec303 | TI = 0 | EI = 0 | SI = 0 | CsrIdx = mtvec 
#             Outputs: CsrOutPC = 0 | CsrOut = 2e6a3905 | TrapIsSet = 1 | RoundingMode = RNE 
#  //////////Actual 
#  	Inputs: rst = 1 | CsrOp = csrrs | Rs = s3 | Traps = InstructionAccessFaultOrSupervisorSoftwareInterrupt | mret = 0 | PC = 281 | Addr = 38b |CsrAccess = 0 | CsrIn = be010d29 | TI = 1 | EI = 0 | SI = 0 | CsrIdx = mvendorid 
#             Outputs: CsrOutPC = 0 | CsrOut = 0 | TrapIsSet = 1 | RoundingMode = RNE
# UVM_INFO ../../Verification/CSR/csr_item_pkg.sv(108) @ 7025: reporter@@mon_item [CsrOut Mismatch] Expected: 0 Actual: 2e6a3905
# UVM_ERROR ../../Verification/CSR/csr_scoreboard_pkg.sv(53) @ 7025: uvm_test_top.env.scoreboard [SCB MISMATCH] 
#  //////////Expected 
#  	Inputs: rst = 1 | CsrOp = csrrs | Rs = s3 | Traps = InstructionAccessFaultOrSupervisorSoftwareInterrupt | mret = 0 | PC = 281 | Addr = 38b |CsrAccess = 0 | CsrIn = be010d29 | TI = 1 | EI = 0 | SI = 0 | CsrIdx = mvendorid 
#             Outputs: CsrOutPC = 0 | CsrOut = 2e6a3905 | TrapIsSet = 1 | RoundingMode = RNE 
#  //////////Actual 
#  	Inputs: rst = 1 | CsrOp = csrrci | Rs = s5 | Traps = NoTraps | mret = 0 | PC = 2bd | Addr = 106 |CsrAccess = 1 | CsrIn = 8a6cc468 | TI = 0 | EI = 0 | SI = 1 | CsrIdx = mcycle 
#             Outputs: CsrOutPC = 0 | CsrOut = 0 | TrapIsSet = 1 | RoundingMode = RNE
# UVM_INFO ../../Verification/CSR/csr_item_pkg.sv(108) @ 7035: reporter@@mon_item [CsrOut Mismatch] Expected: 0 Actual: 11
# UVM_ERROR ../../Verification/CSR/csr_scoreboard_pkg.sv(53) @ 7035: uvm_test_top.env.scoreboard [SCB MISMATCH] 
#  //////////Expected 
#  	Inputs: rst = 1 | CsrOp = csrrci | Rs = s5 | Traps = NoTraps | mret = 0 | PC = 2bd | Addr = 106 |CsrAccess = 1 | CsrIn = 8a6cc468 | TI = 0 | EI = 0 | SI = 1 | CsrIdx = mcycle 
#             Outputs: CsrOutPC = 0 | CsrOut = 11 | TrapIsSet = 0 | RoundingMode = RNE 
#  //////////Actual 
#  	Inputs: rst = 1 | CsrOp = system | Rs = s11 | Traps = InstructionAddressMisalignedOrUserSoftwareInterrupt | mret = 0 | PC = 4e | Addr = 3ab |CsrAccess = 0 | CsrIn = d887da3 | TI = 0 | EI = 0 | SI = 0 | CsrIdx = fflags 
#             Outputs: CsrOutPC = 0 | CsrOut = 0 | TrapIsSet = 0 | RoundingMode = RNE
# UVM_INFO ../../Verification/CSR/csr_item_pkg.sv(108) @ 7045: reporter@@mon_item [CsrOut Mismatch] Expected: 0 Actual: 11
# UVM_ERROR ../../Verification/CSR/csr_scoreboard_pkg.sv(53) @ 7045: uvm_test_top.env.scoreboard [SCB MISMATCH] 
#  //////////Expected 
#  	Inputs: rst = 1 | CsrOp = system | Rs = s11 | Traps = InstructionAddressMisalignedOrUserSoftwareInterrupt | mret = 0 | PC = 4e | Addr = 3ab |CsrAccess = 0 | CsrIn = d887da3 | TI = 0 | EI = 0 | SI = 0 | CsrIdx = fflags 
#             Outputs: CsrOutPC = 0 | CsrOut = 11 | TrapIsSet = 1 | RoundingMode = RNE 
#  //////////Actual 
#  	Inputs: rst = 1 | CsrOp = csrrwi | Rs = s2 | Traps = StoreAddressFaultOrMachineTimerInterrupt | mret = 0 | PC = 294 | Addr = 218 |CsrAccess = 0 | CsrIn = 8884eaf6 | TI = 0 | EI = 0 | SI = 0 | CsrIdx = mvendorid 
#             Outputs: CsrOutPC = 0 | CsrOut = 0 | TrapIsSet = 1 | RoundingMode = RNE
# UVM_INFO ../../Verification/CSR/csr_item_pkg.sv(108) @ 7055: reporter@@mon_item [CsrOut Mismatch] Expected: 0 Actual: 11
# UVM_ERROR ../../Verification/CSR/csr_scoreboard_pkg.sv(53) @ 7055: uvm_test_top.env.scoreboard [SCB MISMATCH] 
#  //////////Expected 
#  	Inputs: rst = 1 | CsrOp = csrrwi | Rs = s2 | Traps = StoreAddressFaultOrMachineTimerInterrupt | mret = 0 | PC = 294 | Addr = 218 |CsrAccess = 0 | CsrIn = 8884eaf6 | TI = 0 | EI = 0 | SI = 0 | CsrIdx = mvendorid 
#             Outputs: CsrOutPC = 0 | CsrOut = 11 | TrapIsSet = 1 | RoundingMode = RNE 
#  //////////Actual 
#  	Inputs: rst = 1 | CsrOp = csrrs | Rs = a1 | Traps = LoadAddressMisalignedOrUserSoftwareInterrupt | mret = 0 | PC = 2bc | Addr = 1ca |CsrAccess = 0 | CsrIn = a68f3069 | TI = 0 | EI = 0 | SI = 0 | CsrIdx = medeleg 
#             Outputs: CsrOutPC = 0 | CsrOut = 0 | TrapIsSet = 1 | RoundingMode = RNE
# UVM_INFO ../../Verification/CSR/csr_item_pkg.sv(108) @ 7065: reporter@@mon_item [CsrOut Mismatch] Expected: 0 Actual: 11
# UVM_ERROR ../../Verification/CSR/csr_scoreboard_pkg.sv(53) @ 7065: uvm_test_top.env.scoreboard [SCB MISMATCH] 
#  //////////Expected 
#  	Inputs: rst = 1 | CsrOp = csrrs | Rs = a1 | Traps = LoadAddressMisalignedOrUserSoftwareInterrupt | mret = 0 | PC = 2bc | Addr = 1ca |CsrAccess = 0 | CsrIn = a68f3069 | TI = 0 | EI = 0 | SI = 0 | CsrIdx = medeleg 
#             Outputs: CsrOutPC = 0 | CsrOut = 11 | TrapIsSet = 1 | RoundingMode = RNE 
#  //////////Actual 
#  	Inputs: rst = 1 | CsrOp = csrrs | Rs = s7 | Traps = NoTraps | mret = 1 | PC = 182 | Addr = 37d |CsrAccess = 0 | CsrIn = 3fbf7207 | TI = 0 | EI = 0 | SI = 1 | CsrIdx = mbadaddr 
#             Outputs: CsrOutPC = 0 | CsrOut = 0 | TrapIsSet = 1 | RoundingMode = RNE
# UVM_INFO ../../Verification/CSR/csr_item_pkg.sv(108) @ 7075: reporter@@mon_item [CsrOut Mismatch] Expected: 0 Actual: 11
# UVM_ERROR ../../Verification/CSR/csr_scoreboard_pkg.sv(53) @ 7075: uvm_test_top.env.scoreboard [SCB MISMATCH] 
#  //////////Expected 
#  	Inputs: rst = 1 | CsrOp = csrrs | Rs = s7 | Traps = NoTraps | mret = 1 | PC = 182 | Addr = 37d |CsrAccess = 0 | CsrIn = 3fbf7207 | TI = 0 | EI = 0 | SI = 1 | CsrIdx = mbadaddr 
#             Outputs: CsrOutPC = 2bc | CsrOut = 11 | TrapIsSet = 0 | RoundingMode = RNE 
#  //////////Actual 
#  	Inputs: rst = 1 | CsrOp = csrrw | Rs = s6 | Traps = NoTraps | mret = 0 | PC = 1ff | Addr = 7f |CsrAccess = 1 | CsrIn = d932306f | TI = 0 | EI = 0 | SI = 0 | CsrIdx = frm 
#             Outputs: CsrOutPC = 2bc | CsrOut = 0 | TrapIsSet = 0 | RoundingMode = RNE
# UVM_INFO ../../Verification/CSR/csr_item_pkg.sv(108) @ 7405: reporter@@mon_item [CsrOut Mismatch] Expected: 0 Actual: 8
# UVM_ERROR ../../Verification/CSR/csr_scoreboard_pkg.sv(53) @ 7405: uvm_test_top.env.scoreboard [SCB MISMATCH] 
#  //////////Expected 
#  	Inputs: rst = 1 | CsrOp = csrrw | Rs = s2 | Traps = NoTraps | mret = 0 | PC = 312 | Addr = 369 |CsrAccess = 1 | CsrIn = e707f4ca | TI = 0 | EI = 0 | SI = 0 | CsrIdx = mhartid 
#             Outputs: CsrOutPC = 248 | CsrOut = 8 | TrapIsSet = 0 | RoundingMode = DYN 
#  //////////Actual 
#  	Inputs: rst = 1 | CsrOp = csrrs | Rs = t6 | Traps = NoTraps | mret = 1 | PC = 1fa | Addr = 188 |CsrAccess = 0 | CsrIn = 3fa84638 | TI = 0 | EI = 0 | SI = 0 | CsrIdx = mhartid 
#             Outputs: CsrOutPC = 248 | CsrOut = 0 | TrapIsSet = 0 | RoundingMode = DYN
# UVM_INFO ../../Verification/CSR/csr_item_pkg.sv(108) @ 7415: reporter@@mon_item [CsrOut Mismatch] Expected: 0 Actual: 8
# UVM_ERROR ../../Verification/CSR/csr_scoreboard_pkg.sv(53) @ 7415: uvm_test_top.env.scoreboard [SCB MISMATCH] 
#  //////////Expected 
#  	Inputs: rst = 1 | CsrOp = csrrs | Rs = t6 | Traps = NoTraps | mret = 1 | PC = 1fa | Addr = 188 |CsrAccess = 0 | CsrIn = 3fa84638 | TI = 0 | EI = 0 | SI = 0 | CsrIdx = mhartid 
#             Outputs: CsrOutPC = 248 | CsrOut = 8 | TrapIsSet = 0 | RoundingMode = DYN 
#  //////////Actual 
#  	Inputs: rst = 1 | CsrOp = system | Rs = s10 | Traps = IllegalInstructionOrHypervisorSoftwareInterrupt | mret = 0 | PC = 2f9 | Addr = 3a3 |CsrAccess = 0 | CsrIn = 67015530 | TI = 0 | EI = 0 | SI = 0 | CsrIdx = frm 
#             Outputs: CsrOutPC = 248 | CsrOut = 0 | TrapIsSet = 0 | RoundingMode = DYN
# UVM_INFO ../../Verification/CSR/csr_item_pkg.sv(108) @ 7425: reporter@@mon_item [CsrOut Mismatch] Expected: 0 Actual: 8
# UVM_ERROR ../../Verification/CSR/csr_scoreboard_pkg.sv(53) @ 7425: uvm_test_top.env.scoreboard [SCB MISMATCH] 
#  //////////Expected 
#  	Inputs: rst = 1 | CsrOp = system | Rs = s10 | Traps = IllegalInstructionOrHypervisorSoftwareInterrupt | mret = 0 | PC = 2f9 | Addr = 3a3 |CsrAccess = 0 | CsrIn = 67015530 | TI = 0 | EI = 0 | SI = 0 | CsrIdx = frm 
#             Outputs: CsrOutPC = 0 | CsrOut = 8 | TrapIsSet = 1 | RoundingMode = DYN 
#  //////////Actual 
#  	Inputs: rst = 1 | CsrOp = csrrwi | Rs = zero | Traps = LoadAddressMisalignedOrUserSoftwareInterrupt | mret = 0 | PC = 284 | Addr = 170 |CsrAccess = 0 | CsrIn = c9fff5d2 | TI = 0 | EI = 1 | SI = 0 | CsrIdx = mepc 
#             Outputs: CsrOutPC = 0 | CsrOut = 0 | TrapIsSet = 1 | RoundingMode = DYN
# UVM_INFO ../../Verification/CSR/csr_item_pkg.sv(108) @ 7435: reporter@@mon_item [CsrOut Mismatch] Expected: 0 Actual: 8
# UVM_ERROR ../../Verification/CSR/csr_scoreboard_pkg.sv(53) @ 7435: uvm_test_top.env.scoreboard [SCB MISMATCH] 
#  //////////Expected 
#  	Inputs: rst = 1 | CsrOp = csrrwi | Rs = zero | Traps = LoadAddressMisalignedOrUserSoftwareInterrupt | mret = 0 | PC = 284 | Addr = 170 |CsrAccess = 0 | CsrIn = c9fff5d2 | TI = 0 | EI = 1 | SI = 0 | CsrIdx = mepc 
#             Outputs: CsrOutPC = 0 | CsrOut = 8 | TrapIsSet = 1 | RoundingMode = DYN 
#  //////////Actual 
#  	Inputs: rst = 1 | CsrOp = csrrci | Rs = s11 | Traps = NoTraps | mret = 0 | PC = da | Addr = 342 |CsrAccess = 1 | CsrIn = e7f2648 | TI = 0 | EI = 0 | SI = 0 | CsrIdx = mepc 
#             Outputs: CsrOutPC = 0 | CsrOut = 0 | TrapIsSet = 1 | RoundingMode = DYN
# UVM_INFO ../../Verification/CSR/csr_item_pkg.sv(108) @ 7515: reporter@@mon_item [CsrOut Mismatch] Expected: 0 Actual: b
# UVM_ERROR ../../Verification/CSR/csr_scoreboard_pkg.sv(53) @ 7515: uvm_test_top.env.scoreboard [SCB MISMATCH] 
#  //////////Expected 
#  	Inputs: rst = 1 | CsrOp = csrrc | Rs = zero | Traps = NoTraps | mret = 0 | PC = 3ec | Addr = 217 |CsrAccess = 1 | CsrIn = 9a722596 | TI = 0 | EI = 0 | SI = 0 | CsrIdx = mcycle 
#             Outputs: CsrOutPC = 0 | CsrOut = b | TrapIsSet = 0 | RoundingMode = DYN 
#  //////////Actual 
#  	Inputs: rst = 1 | CsrOp = csrrsi | Rs = s8 | Traps = EcallHOrHypervisorExternalInterrupt | mret = 0 | PC = 185 | Addr = 220 |CsrAccess = 0 | CsrIn = a05d3a59 | TI = 0 | EI = 0 | SI = 0 | CsrIdx = mtvec 
#             Outputs: CsrOutPC = 0 | CsrOut = 0 | TrapIsSet = 0 | RoundingMode = DYN
# UVM_INFO ../../Verification/CSR/csr_item_pkg.sv(108) @ 7525: reporter@@mon_item [CsrOut Mismatch] Expected: 0 Actual: b
# UVM_ERROR ../../Verification/CSR/csr_scoreboard_pkg.sv(53) @ 7525: uvm_test_top.env.scoreboard [SCB MISMATCH] 
#  //////////Expected 
#  	Inputs: rst = 1 | CsrOp = csrrsi | Rs = s8 | Traps = EcallHOrHypervisorExternalInterrupt | mret = 0 | PC = 185 | Addr = 220 |CsrAccess = 0 | CsrIn = a05d3a59 | TI = 0 | EI = 0 | SI = 0 | CsrIdx = mtvec 
#             Outputs: CsrOutPC = 0 | CsrOut = b | TrapIsSet = 1 | RoundingMode = DYN 
#  //////////Actual 
#  	Inputs: rst = 1 | CsrOp = system | Rs = s6 | Traps = InstructionAccessFaultOrSupervisorSoftwareInterrupt | mret = 0 | PC = 1cc | Addr = 205 |CsrAccess = 0 | CsrIn = 5829d9a | TI = 0 | EI = 0 | SI = 1 | CsrIdx = medeleg 
#             Outputs: CsrOutPC = 0 | CsrOut = 0 | TrapIsSet = 1 | RoundingMode = DYN
# UVM_INFO ../../Verification/CSR/csr_item_pkg.sv(108) @ 7535: reporter@@mon_item [CsrOut Mismatch] Expected: 0 Actual: b
# UVM_ERROR ../../Verification/CSR/csr_scoreboard_pkg.sv(53) @ 7535: uvm_test_top.env.scoreboard [SCB MISMATCH] 
#  //////////Expected 
#  	Inputs: rst = 1 | CsrOp = system | Rs = s6 | Traps = InstructionAccessFaultOrSupervisorSoftwareInterrupt | mret = 0 | PC = 1cc | Addr = 205 |CsrAccess = 0 | CsrIn = 5829d9a | TI = 0 | EI = 0 | SI = 1 | CsrIdx = medeleg 
#             Outputs: CsrOutPC = 0 | CsrOut = b | TrapIsSet = 1 | RoundingMode = DYN 
#  //////////Actual 
#  	Inputs: rst = 1 | CsrOp = csrrw | Rs = a3 | Traps = EcallHOrHypervisorExternalInterrupt | mret = 0 | PC = 293 | Addr = 203 |CsrAccess = 0 | CsrIn = e4e6390f | TI = 1 | EI = 0 | SI = 0 | CsrIdx = mepc 
#             Outputs: CsrOutPC = 0 | CsrOut = 0 | TrapIsSet = 1 | RoundingMode = DYN
# UVM_INFO ../../Verification/CSR/csr_item_pkg.sv(108) @ 7545: reporter@@mon_item [CsrOut Mismatch] Expected: 0 Actual: b
# UVM_ERROR ../../Verification/CSR/csr_scoreboard_pkg.sv(53) @ 7545: uvm_test_top.env.scoreboard [SCB MISMATCH] 
#  //////////Expected 
#  	Inputs: rst = 1 | CsrOp = csrrw | Rs = a3 | Traps = EcallHOrHypervisorExternalInterrupt | mret = 0 | PC = 293 | Addr = 203 |CsrAccess = 0 | CsrIn = e4e6390f | TI = 1 | EI = 0 | SI = 0 | CsrIdx = mepc 
#             Outputs: CsrOutPC = 0 | CsrOut = b | TrapIsSet = 1 | RoundingMode = DYN 
#  //////////Actual 
#  	Inputs: rst = 1 | CsrOp = csrrsi | Rs = a2 | Traps = EcallSOrSupervisorExternalInterrupt | mret = 0 | PC = 347 | Addr = 3f7 |CsrAccess = 0 | CsrIn = 6005b668 | TI = 0 | EI = 0 | SI = 1 | CsrIdx = frm 
#             Outputs: CsrOutPC = 0 | CsrOut = 0 | TrapIsSet = 1 | RoundingMode = DYN
# UVM_INFO ../../Verification/CSR/csr_item_pkg.sv(108) @ 7555: reporter@@mon_item [CsrOut Mismatch] Expected: 0 Actual: b
# UVM_ERROR ../../Verification/CSR/csr_scoreboard_pkg.sv(53) @ 7555: uvm_test_top.env.scoreboard [SCB MISMATCH] 
#  //////////Expected 
#  	Inputs: rst = 1 | CsrOp = csrrsi | Rs = a2 | Traps = EcallSOrSupervisorExternalInterrupt | mret = 0 | PC = 347 | Addr = 3f7 |CsrAccess = 0 | CsrIn = 6005b668 | TI = 0 | EI = 0 | SI = 1 | CsrIdx = frm 
#             Outputs: CsrOutPC = 0 | CsrOut = b | TrapIsSet = 1 | RoundingMode = DYN 
#  //////////Actual 
#  	Inputs: rst = 1 | CsrOp = csrrw | Rs = gp | Traps = EcallUOrUserExternalInterrupt | mret = 0 | PC = 1ed | Addr = 154 |CsrAccess = 0 | CsrIn = 12595499 | TI = 0 | EI = 0 | SI = 0 | CsrIdx = mstatus 
#             Outputs: CsrOutPC = 0 | CsrOut = 0 | TrapIsSet = 1 | RoundingMode = DYN
# UVM_INFO ../../Verification/CSR/csr_item_pkg.sv(108) @ 7565: reporter@@mon_item [CsrOut Mismatch] Expected: 0 Actual: b
# UVM_ERROR ../../Verification/CSR/csr_scoreboard_pkg.sv(53) @ 7565: uvm_test_top.env.scoreboard [SCB MISMATCH] 
#  //////////Expected 
#  	Inputs: rst = 1 | CsrOp = csrrw | Rs = gp | Traps = EcallUOrUserExternalInterrupt | mret = 0 | PC = 1ed | Addr = 154 |CsrAccess = 0 | CsrIn = 12595499 | TI = 0 | EI = 0 | SI = 0 | CsrIdx = mstatus 
#             Outputs: CsrOutPC = 0 | CsrOut = b | TrapIsSet = 1 | RoundingMode = DYN 
#  //////////Actual 
#  	Inputs: rst = 1 | CsrOp = csrrc | Rs = s4 | Traps = InstructionAddressMisalignedOrUserSoftwareInterrupt | mret = 0 | PC = 1cb | Addr = fe |CsrAccess = 0 | CsrIn = 10ea0a0f | TI = 0 | EI = 0 | SI = 0 | CsrIdx = mtvec 
#             Outputs: CsrOutPC = 0 | CsrOut = 0 | TrapIsSet = 1 | RoundingMode = DYN
# UVM_INFO ../../Verification/CSR/csr_item_pkg.sv(108) @ 7575: reporter@@mon_item [CsrOut Mismatch] Expected: 0 Actual: b
# UVM_ERROR ../../Verification/CSR/csr_scoreboard_pkg.sv(53) @ 7575: uvm_test_top.env.scoreboard [SCB MISMATCH] 
#  //////////Expected 
#  	Inputs: rst = 1 | CsrOp = csrrc | Rs = s4 | Traps = InstructionAddressMisalignedOrUserSoftwareInterrupt | mret = 0 | PC = 1cb | Addr = fe |CsrAccess = 0 | CsrIn = 10ea0a0f | TI = 0 | EI = 0 | SI = 0 | CsrIdx = mtvec 
#             Outputs: CsrOutPC = 0 | CsrOut = b | TrapIsSet = 1 | RoundingMode = DYN 
#  //////////Actual 
#  	Inputs: rst = 1 | CsrOp = csrrc | Rs = t1 | Traps = NoTraps | mret = 1 | PC = 2d4 | Addr = 2a8 |CsrAccess = 0 | CsrIn = d5dc22b1 | TI = 0 | EI = 0 | SI = 0 | CsrIdx = mvendorid 
#             Outputs: CsrOutPC = 0 | CsrOut = 0 | TrapIsSet = 1 | RoundingMode = DYN
# UVM_INFO ../../Verification/CSR/csr_item_pkg.sv(108) @ 7585: reporter@@mon_item [CsrOut Mismatch] Expected: 0 Actual: b
# UVM_ERROR ../../Verification/CSR/csr_scoreboard_pkg.sv(53) @ 7585: uvm_test_top.env.scoreboard [SCB MISMATCH] 
#  //////////Expected 
#  	Inputs: rst = 1 | CsrOp = csrrc | Rs = t1 | Traps = NoTraps | mret = 1 | PC = 2d4 | Addr = 2a8 |CsrAccess = 0 | CsrIn = d5dc22b1 | TI = 0 | EI = 0 | SI = 0 | CsrIdx = mvendorid 
#             Outputs: CsrOutPC = 1c8 | CsrOut = b | TrapIsSet = 0 | RoundingMode = DYN 
#  //////////Actual 
#  	Inputs: rst = 1 | CsrOp = csrrci | Rs = zero | Traps = EcallHOrHypervisorExternalInterrupt | mret = 0 | PC = 226 | Addr = 29e |CsrAccess = 0 | CsrIn = 78b7ee1b | TI = 0 | EI = 0 | SI = 0 | CsrIdx = mie 
#             Outputs: CsrOutPC = 1c8 | CsrOut = 0 | TrapIsSet = 0 | RoundingMode = DYN
# UVM_INFO ../../Verification/CSR/csr_item_pkg.sv(108) @ 7595: reporter@@mon_item [CsrOut Mismatch] Expected: 0 Actual: b
# UVM_ERROR ../../Verification/CSR/csr_scoreboard_pkg.sv(53) @ 7595: uvm_test_top.env.scoreboard [SCB MISMATCH] 
#  //////////Expected 
#  	Inputs: rst = 1 | CsrOp = csrrci | Rs = zero | Traps = EcallHOrHypervisorExternalInterrupt | mret = 0 | PC = 226 | Addr = 29e |CsrAccess = 0 | CsrIn = 78b7ee1b | TI = 0 | EI = 0 | SI = 0 | CsrIdx = mie 
#             Outputs: CsrOutPC = 0 | CsrOut = b | TrapIsSet = 1 | RoundingMode = DYN 
#  //////////Actual 
#  	Inputs: rst = 1 | CsrOp = csrrsi | Rs = s1 | Traps = NoTraps | mret = 1 | PC = 399 | Addr = 215 |CsrAccess = 0 | CsrIn = 90e1eceb | TI = 0 | EI = 0 | SI = 0 | CsrIdx = mip 
#             Outputs: CsrOutPC = 0 | CsrOut = 0 | TrapIsSet = 1 | RoundingMode = DYN
# UVM_INFO ../../Verification/CSR/csr_item_pkg.sv(108) @ 7605: reporter@@mon_item [CsrOut Mismatch] Expected: 0 Actual: b
# UVM_ERROR ../../Verification/CSR/csr_scoreboard_pkg.sv(53) @ 7605: uvm_test_top.env.scoreboard [SCB MISMATCH] 
#  //////////Expected 
#  	Inputs: rst = 1 | CsrOp = csrrsi | Rs = s1 | Traps = NoTraps | mret = 1 | PC = 399 | Addr = 215 |CsrAccess = 0 | CsrIn = 90e1eceb | TI = 0 | EI = 0 | SI = 0 | CsrIdx = mip 
#             Outputs: CsrOutPC = 224 | CsrOut = b | TrapIsSet = 0 | RoundingMode = DYN 
#  //////////Actual 
#  	Inputs: rst = 1 | CsrOp = csrrc | Rs = s3 | Traps = NoTraps | mret = 1 | PC = 370 | Addr = 3a3 |CsrAccess = 0 | CsrIn = b2177217 | TI = 0 | EI = 0 | SI = 0 | CsrIdx = mcause 
#             Outputs: CsrOutPC = 224 | CsrOut = 0 | TrapIsSet = 0 | RoundingMode = DYN
# UVM_INFO ../../Verification/CSR/csr_item_pkg.sv(108) @ 7615: reporter@@mon_item [CsrOut Mismatch] Expected: 0 Actual: b
# UVM_ERROR ../../Verification/CSR/csr_scoreboard_pkg.sv(53) @ 7615: uvm_test_top.env.scoreboard [SCB MISMATCH] 
#  //////////Expected 
#  	Inputs: rst = 1 | CsrOp = csrrc | Rs = s3 | Traps = NoTraps | mret = 1 | PC = 370 | Addr = 3a3 |CsrAccess = 0 | CsrIn = b2177217 | TI = 0 | EI = 0 | SI = 0 | CsrIdx = mcause 
#             Outputs: CsrOutPC = 224 | CsrOut = b | TrapIsSet = 0 | RoundingMode = DYN 
#  //////////Actual 
#  	Inputs: rst = 1 | CsrOp = csrrs | Rs = s5 | Traps = NoTraps | mret = 0 | PC = 216 | Addr = 24a |CsrAccess = 1 | CsrIn = cf8119f3 | TI = 1 | EI = 0 | SI = 1 | CsrIdx = mie 
#             Outputs: CsrOutPC = 224 | CsrOut = 0 | TrapIsSet = 0 | RoundingMode = DYN
# UVM_INFO ../../Verification/CSR/csr_item_pkg.sv(108) @ 7625: reporter@@mon_item [CsrOut Mismatch] Expected: 0 Actual: b
# UVM_ERROR ../../Verification/CSR/csr_scoreboard_pkg.sv(53) @ 7625: uvm_test_top.env.scoreboard [SCB MISMATCH] 
#  //////////Expected 
#  	Inputs: rst = 1 | CsrOp = csrrs | Rs = s5 | Traps = NoTraps | mret = 0 | PC = 216 | Addr = 24a |CsrAccess = 1 | CsrIn = cf8119f3 | TI = 1 | EI = 0 | SI = 1 | CsrIdx = mie 
#             Outputs: CsrOutPC = c | CsrOut = b | TrapIsSet = 1 | RoundingMode = DYN 
#  //////////Actual 
#  	Inputs: rst = 1 | CsrOp = csrrc | Rs = t5 | Traps = IllegalInstructionOrHypervisorSoftwareInterrupt | mret = 0 | PC = 25b | Addr = 1ba |CsrAccess = 0 | CsrIn = c55bf6d6 | TI = 0 | EI = 0 | SI = 0 | CsrIdx = mstatus 
#             Outputs: CsrOutPC = c | CsrOut = 0 | TrapIsSet = 1 | RoundingMode = DYN
# UVM_INFO ../../Verification/CSR/csr_item_pkg.sv(108) @ 7635: reporter@@mon_item [CsrOut Mismatch] Expected: 0 Actual: b
# UVM_ERROR ../../Verification/CSR/csr_scoreboard_pkg.sv(53) @ 7635: uvm_test_top.env.scoreboard [SCB MISMATCH] 
#  //////////Expected 
#  	Inputs: rst = 1 | CsrOp = csrrc | Rs = t5 | Traps = IllegalInstructionOrHypervisorSoftwareInterrupt | mret = 0 | PC = 25b | Addr = 1ba |CsrAccess = 0 | CsrIn = c55bf6d6 | TI = 0 | EI = 0 | SI = 0 | CsrIdx = mstatus 
#             Outputs: CsrOutPC = 0 | CsrOut = b | TrapIsSet = 1 | RoundingMode = DYN 
#  //////////Actual 
#  	Inputs: rst = 1 | CsrOp = csrrw | Rs = t4 | Traps = StoreAddressMisalignedOrHyperVisorTimerInterrupt | mret = 0 | PC = 294 | Addr = 28 |CsrAccess = 0 | CsrIn = bbc9ba8b | TI = 0 | EI = 1 | SI = 0 | CsrIdx = mstatus 
#             Outputs: CsrOutPC = 0 | CsrOut = 0 | TrapIsSet = 1 | RoundingMode = DYN
# UVM_INFO ../../Verification/CSR/csr_item_pkg.sv(108) @ 7645: reporter@@mon_item [CsrOut Mismatch] Expected: 0 Actual: b
# UVM_ERROR ../../Verification/CSR/csr_scoreboard_pkg.sv(53) @ 7645: uvm_test_top.env.scoreboard [SCB MISMATCH] 
#  //////////Expected 
#  	Inputs: rst = 1 | CsrOp = csrrw | Rs = t4 | Traps = StoreAddressMisalignedOrHyperVisorTimerInterrupt | mret = 0 | PC = 294 | Addr = 28 |CsrAccess = 0 | CsrIn = bbc9ba8b | TI = 0 | EI = 1 | SI = 0 | CsrIdx = mstatus 
#             Outputs: CsrOutPC = 0 | CsrOut = b | TrapIsSet = 1 | RoundingMode = DYN 
#  //////////Actual 
#  	Inputs: rst = 1 | CsrOp = system | Rs = s9 | Traps = NoTraps | mret = 1 | PC = 3dc | Addr = 210 |CsrAccess = 0 | CsrIn = c6fb56b0 | TI = 0 | EI = 0 | SI = 0 | CsrIdx = mscratch 
#             Outputs: CsrOutPC = 0 | CsrOut = 0 | TrapIsSet = 1 | RoundingMode = DYN
# UVM_INFO ../../Verification/CSR/csr_item_pkg.sv(108) @ 7655: reporter@@mon_item [CsrOut Mismatch] Expected: 0 Actual: b
# UVM_ERROR ../../Verification/CSR/csr_scoreboard_pkg.sv(53) @ 7655: uvm_test_top.env.scoreboard [SCB MISMATCH] 
#  //////////Expected 
#  	Inputs: rst = 1 | CsrOp = system | Rs = s9 | Traps = NoTraps | mret = 1 | PC = 3dc | Addr = 210 |CsrAccess = 0 | CsrIn = c6fb56b0 | TI = 0 | EI = 0 | SI = 0 | CsrIdx = mscratch 
#             Outputs: CsrOutPC = 294 | CsrOut = b | TrapIsSet = 0 | RoundingMode = DYN 
#  //////////Actual 
#  	Inputs: rst = 1 | CsrOp = csrrc | Rs = zero | Traps = StoreAddressFaultOrMachineTimerInterrupt | mret = 0 | PC = 337 | Addr = 85 |CsrAccess = 0 | CsrIn = 7d55ed63 | TI = 0 | EI = 0 | SI = 0 | CsrIdx = misa 
#             Outputs: CsrOutPC = 294 | CsrOut = 0 | TrapIsSet = 0 | RoundingMode = DYN
# UVM_INFO ../../Verification/CSR/csr_item_pkg.sv(108) @ 7665: reporter@@mon_item [CsrOut Mismatch] Expected: 0 Actual: b
# UVM_ERROR ../../Verification/CSR/csr_scoreboard_pkg.sv(53) @ 7665: uvm_test_top.env.scoreboard [SCB MISMATCH] 
#  //////////Expected 
#  	Inputs: rst = 1 | CsrOp = csrrc | Rs = zero | Traps = StoreAddressFaultOrMachineTimerInterrupt | mret = 0 | PC = 337 | Addr = 85 |CsrAccess = 0 | CsrIn = 7d55ed63 | TI = 0 | EI = 0 | SI = 0 | CsrIdx = misa 
#             Outputs: CsrOutPC = 0 | CsrOut = b | TrapIsSet = 1 | RoundingMode = DYN 
#  //////////Actual 
#  	Inputs: rst = 1 | CsrOp = csrrci | Rs = gp | Traps = LoadAddressMisalignedOrUserSoftwareInterrupt | mret = 0 | PC = 3fb | Addr = ce |CsrAccess = 0 | CsrIn = 72047184 | TI = 0 | EI = 0 | SI = 0 | CsrIdx = mcause 
#             Outputs: CsrOutPC = 0 | CsrOut = 0 | TrapIsSet = 1 | RoundingMode = DYN
# UVM_INFO ../../Verification/CSR/csr_item_pkg.sv(108) @ 7675: reporter@@mon_item [CsrOut Mismatch] Expected: 0 Actual: b
# UVM_ERROR ../../Verification/CSR/csr_scoreboard_pkg.sv(53) @ 7675: uvm_test_top.env.scoreboard [SCB MISMATCH] 
#  //////////Expected 
#  	Inputs: rst = 1 | CsrOp = csrrci | Rs = gp | Traps = LoadAddressMisalignedOrUserSoftwareInterrupt | mret = 0 | PC = 3fb | Addr = ce |CsrAccess = 0 | CsrIn = 72047184 | TI = 0 | EI = 0 | SI = 0 | CsrIdx = mcause 
#             Outputs: CsrOutPC = 0 | CsrOut = b | TrapIsSet = 1 | RoundingMode = DYN 
#  //////////Actual 
#  	Inputs: rst = 1 | CsrOp = csrrc | Rs = t4 | Traps = NoTraps | mret = 1 | PC = 2d9 | Addr = bb |CsrAccess = 0 | CsrIn = 22746426 | TI = 0 | EI = 0 | SI = 0 | CsrIdx = mhartid 
#             Outputs: CsrOutPC = 0 | CsrOut = 0 | TrapIsSet = 1 | RoundingMode = DYN
# UVM_INFO ../../Verification/CSR/csr_item_pkg.sv(108) @ 7685: reporter@@mon_item [CsrOut Mismatch] Expected: 0 Actual: b
# UVM_ERROR ../../Verification/CSR/csr_scoreboard_pkg.sv(53) @ 7685: uvm_test_top.env.scoreboard [SCB MISMATCH] 
#  //////////Expected 
#  	Inputs: rst = 1 | CsrOp = csrrc | Rs = t4 | Traps = NoTraps | mret = 1 | PC = 2d9 | Addr = bb |CsrAccess = 0 | CsrIn = 22746426 | TI = 0 | EI = 0 | SI = 0 | CsrIdx = mhartid 
#             Outputs: CsrOutPC = 3f8 | CsrOut = b | TrapIsSet = 0 | RoundingMode = DYN 
#  //////////Actual 
#  	Inputs: rst = 1 | CsrOp = csrrw | Rs = t0 | Traps = NoTraps | mret = 1 | PC = 64 | Addr = dd |CsrAccess = 0 | CsrIn = 1e816652 | TI = 0 | EI = 0 | SI = 0 | CsrIdx = mip 
#             Outputs: CsrOutPC = 3f8 | CsrOut = 0 | TrapIsSet = 0 | RoundingMode = DYN
# UVM_INFO ../../Verification/CSR/csr_item_pkg.sv(108) @ 7695: reporter@@mon_item [CsrOut Mismatch] Expected: 0 Actual: b
# UVM_ERROR ../../Verification/CSR/csr_scoreboard_pkg.sv(53) @ 7695: uvm_test_top.env.scoreboard [SCB MISMATCH] 
#  //////////Expected 
#  	Inputs: rst = 1 | CsrOp = csrrw | Rs = t0 | Traps = NoTraps | mret = 1 | PC = 64 | Addr = dd |CsrAccess = 0 | CsrIn = 1e816652 | TI = 0 | EI = 0 | SI = 0 | CsrIdx = mip 
#             Outputs: CsrOutPC = 3f8 | CsrOut = b | TrapIsSet = 0 | RoundingMode = DYN 
#  //////////Actual 
#  	Inputs: rst = 1 | CsrOp = csrrwi | Rs = s10 | Traps = StoreAddressFaultOrMachineTimerInterrupt | mret = 0 | PC = 31d | Addr = 358 |CsrAccess = 0 | CsrIn = 21b28203 | TI = 0 | EI = 0 | SI = 0 | CsrIdx = mepc 
#             Outputs: CsrOutPC = 3f8 | CsrOut = 0 | TrapIsSet = 0 | RoundingMode = DYN
# UVM_INFO ../../Verification/CSR/csr_item_pkg.sv(108) @ 7705: reporter@@mon_item [CsrOut Mismatch] Expected: 0 Actual: b
# UVM_ERROR ../../Verification/CSR/csr_scoreboard_pkg.sv(53) @ 7705: uvm_test_top.env.scoreboard [SCB MISMATCH] 
#  //////////Expected 
#  	Inputs: rst = 1 | CsrOp = csrrwi | Rs = s10 | Traps = StoreAddressFaultOrMachineTimerInterrupt | mret = 0 | PC = 31d | Addr = 358 |CsrAccess = 0 | CsrIn = 21b28203 | TI = 0 | EI = 0 | SI = 0 | CsrIdx = mepc 
#             Outputs: CsrOutPC = 0 | CsrOut = b | TrapIsSet = 1 | RoundingMode = DYN 
#  //////////Actual 
#  	Inputs: rst = 1 | CsrOp = csrrsi | Rs = a3 | Traps = NoTraps | mret = 0 | PC = 159 | Addr = a8 |CsrAccess = 1 | CsrIn = 7c27e99a | TI = 1 | EI = 0 | SI = 0 | CsrIdx = fcsr 
#             Outputs: CsrOutPC = 0 | CsrOut = 0 | TrapIsSet = 1 | RoundingMode = DYN
# UVM_INFO ../../Verification/CSR/csr_item_pkg.sv(108) @ 8805: reporter@@mon_item [CsrOut Mismatch] Expected: 0 Actual: 4328369e
# UVM_ERROR ../../Verification/CSR/csr_scoreboard_pkg.sv(53) @ 8805: uvm_test_top.env.scoreboard [SCB MISMATCH] 
#  //////////Expected 
#  	Inputs: rst = 1 | CsrOp = csrrw | Rs = a3 | Traps = NoTraps | mret = 0 | PC = 256 | Addr = a7 |CsrAccess = 1 | CsrIn = b65450d | TI = 0 | EI = 0 | SI = 0 | CsrIdx = mcycle 
#             Outputs: CsrOutPC = 0 | CsrOut = 4328369e | TrapIsSet = 0 | RoundingMode = RNE 
#  //////////Actual 
#  	Inputs: rst = 1 | CsrOp = csrrci | Rs = s5 | Traps = StoreAddressFaultOrMachineTimerInterrupt | mret = 0 | PC = a3 | Addr = 12 |CsrAccess = 0 | CsrIn = 5942a286 | TI = 0 | EI = 0 | SI = 0 | CsrIdx = mcause 
#             Outputs: CsrOutPC = 0 | CsrOut = 0 | TrapIsSet = 0 | RoundingMode = RNE
# UVM_INFO ../../Verification/CSR/csr_item_pkg.sv(108) @ 8815: reporter@@mon_item [CsrOut Mismatch] Expected: 0 Actual: 4328369e
# UVM_ERROR ../../Verification/CSR/csr_scoreboard_pkg.sv(53) @ 8815: uvm_test_top.env.scoreboard [SCB MISMATCH] 
#  //////////Expected 
#  	Inputs: rst = 1 | CsrOp = csrrci | Rs = s5 | Traps = StoreAddressFaultOrMachineTimerInterrupt | mret = 0 | PC = a3 | Addr = 12 |CsrAccess = 0 | CsrIn = 5942a286 | TI = 0 | EI = 0 | SI = 0 | CsrIdx = mcause 
#             Outputs: CsrOutPC = 0 | CsrOut = 4328369e | TrapIsSet = 1 | RoundingMode = RNE 
#  //////////Actual 
#  	Inputs: rst = 1 | CsrOp = csrrsi | Rs = tp | Traps = LoadAddressFaultOrSupervisorTimerInterrupt | mret = 0 | PC = 12a | Addr = 81 |CsrAccess = 0 | CsrIn = f67d41c0 | TI = 0 | EI = 0 | SI = 0 | CsrIdx = fcsr 
#             Outputs: CsrOutPC = 0 | CsrOut = 0 | TrapIsSet = 1 | RoundingMode = RNE
# UVM_INFO ../../Verification/CSR/csr_item_pkg.sv(108) @ 8825: reporter@@mon_item [CsrOut Mismatch] Expected: 0 Actual: 4328369e
# UVM_ERROR ../../Verification/CSR/csr_scoreboard_pkg.sv(53) @ 8825: uvm_test_top.env.scoreboard [SCB MISMATCH] 
#  //////////Expected 
#  	Inputs: rst = 1 | CsrOp = csrrsi | Rs = tp | Traps = LoadAddressFaultOrSupervisorTimerInterrupt | mret = 0 | PC = 12a | Addr = 81 |CsrAccess = 0 | CsrIn = f67d41c0 | TI = 0 | EI = 0 | SI = 0 | CsrIdx = fcsr 
#             Outputs: CsrOutPC = 0 | CsrOut = 4328369e | TrapIsSet = 1 | RoundingMode = RNE 
#  //////////Actual 
#  	Inputs: rst = 1 | CsrOp = csrrci | Rs = ra | Traps = NoTraps | mret = 0 | PC = 1da | Addr = 212 |CsrAccess = 1 | CsrIn = 24aa6348 | TI = 0 | EI = 0 | SI = 0 | CsrIdx = mcycle 
#             Outputs: CsrOutPC = 0 | CsrOut = 0 | TrapIsSet = 1 | RoundingMode = RNE
# UVM_INFO ../../Verification/CSR/csr_item_pkg.sv(108) @ 8835: reporter@@mon_item [CsrOut Mismatch] Expected: 0 Actual: b65450d
# UVM_ERROR ../../Verification/CSR/csr_scoreboard_pkg.sv(53) @ 8835: uvm_test_top.env.scoreboard [SCB MISMATCH] 
#  //////////Expected 
#  	Inputs: rst = 1 | CsrOp = csrrci | Rs = ra | Traps = NoTraps | mret = 0 | PC = 1da | Addr = 212 |CsrAccess = 1 | CsrIn = 24aa6348 | TI = 0 | EI = 0 | SI = 0 | CsrIdx = mcycle 
#             Outputs: CsrOutPC = 0 | CsrOut = b65450d | TrapIsSet = 0 | RoundingMode = RNE 
#  //////////Actual 
#  	Inputs: rst = 1 | CsrOp = csrrc | Rs = a7 | Traps = LoadAddressFaultOrSupervisorTimerInterrupt | mret = 0 | PC = 7d | Addr = 16c |CsrAccess = 0 | CsrIn = d09be6e2 | TI = 0 | EI = 0 | SI = 0 | CsrIdx = mscratch 
#             Outputs: CsrOutPC = 0 | CsrOut = 0 | TrapIsSet = 0 | RoundingMode = RNE
# UVM_INFO ../../Verification/CSR/csr_item_pkg.sv(108) @ 8845: reporter@@mon_item [CsrOut Mismatch] Expected: 0 Actual: b65450d
# UVM_ERROR ../../Verification/CSR/csr_scoreboard_pkg.sv(53) @ 8845: uvm_test_top.env.scoreboard [SCB MISMATCH] 
#  //////////Expected 
#  	Inputs: rst = 1 | CsrOp = csrrc | Rs = a7 | Traps = LoadAddressFaultOrSupervisorTimerInterrupt | mret = 0 | PC = 7d | Addr = 16c |CsrAccess = 0 | CsrIn = d09be6e2 | TI = 0 | EI = 0 | SI = 0 | CsrIdx = mscratch 
#             Outputs: CsrOutPC = 0 | CsrOut = b65450d | TrapIsSet = 1 | RoundingMode = RNE 
#  //////////Actual 
#  	Inputs: rst = 1 | CsrOp = csrrsi | Rs = zero | Traps = NoTraps | mret = 1 | PC = 1bf | Addr = 47 |CsrAccess = 0 | CsrIn = f9a00d48 | TI = 0 | EI = 0 | SI = 0 | CsrIdx = mcause 
#             Outputs: CsrOutPC = 0 | CsrOut = 0 | TrapIsSet = 1 | RoundingMode = RNE
# UVM_INFO ../../Verification/CSR/csr_item_pkg.sv(108) @ 8855: reporter@@mon_item [CsrOut Mismatch] Expected: 0 Actual: b65450d
# UVM_ERROR ../../Verification/CSR/csr_scoreboard_pkg.sv(53) @ 8855: uvm_test_top.env.scoreboard [SCB MISMATCH] 
#  //////////Expected 
#  	Inputs: rst = 1 | CsrOp = csrrsi | Rs = zero | Traps = NoTraps | mret = 1 | PC = 1bf | Addr = 47 |CsrAccess = 0 | CsrIn = f9a00d48 | TI = 0 | EI = 0 | SI = 0 | CsrIdx = mcause 
#             Outputs: CsrOutPC = 7c | CsrOut = b65450d | TrapIsSet = 0 | RoundingMode = RNE 
#  //////////Actual 
#  	Inputs: rst = 1 | CsrOp = csrrsi | Rs = a6 | Traps = StoreAddressMisalignedOrHyperVisorTimerInterrupt | mret = 0 | PC = 37b | Addr = 2e1 |CsrAccess = 0 | CsrIn = 770e0319 | TI = 0 | EI = 0 | SI = 0 | CsrIdx = mbadaddr 
#             Outputs: CsrOutPC = 7c | CsrOut = 0 | TrapIsSet = 0 | RoundingMode = RNE
# UVM_INFO ../../Verification/CSR/csr_item_pkg.sv(108) @ 8865: reporter@@mon_item [CsrOut Mismatch] Expected: 0 Actual: b65450d
# UVM_ERROR ../../Verification/CSR/csr_scoreboard_pkg.sv(53) @ 8865: uvm_test_top.env.scoreboard [SCB MISMATCH] 
#  //////////Expected 
#  	Inputs: rst = 1 | CsrOp = csrrsi | Rs = a6 | Traps = StoreAddressMisalignedOrHyperVisorTimerInterrupt | mret = 0 | PC = 37b | Addr = 2e1 |CsrAccess = 0 | CsrIn = 770e0319 | TI = 0 | EI = 0 | SI = 0 | CsrIdx = mbadaddr 
#             Outputs: CsrOutPC = 0 | CsrOut = b65450d | TrapIsSet = 1 | RoundingMode = RNE 
#  //////////Actual 
#  	Inputs: rst = 1 | CsrOp = system | Rs = tp | Traps = InstructionAccessFaultOrSupervisorSoftwareInterrupt | mret = 0 | PC = 368 | Addr = 9a |CsrAccess = 0 | CsrIn = 86ebb013 | TI = 0 | EI = 1 | SI = 0 | CsrIdx = mbadaddr 
#             Outputs: CsrOutPC = 0 | CsrOut = 0 | TrapIsSet = 1 | RoundingMode = RNE
# UVM_INFO ../../Verification/CSR/csr_item_pkg.sv(108) @ 8875: reporter@@mon_item [CsrOut Mismatch] Expected: 0 Actual: b65450d
# UVM_ERROR ../../Verification/CSR/csr_scoreboard_pkg.sv(53) @ 8875: uvm_test_top.env.scoreboard [SCB MISMATCH] 
#  //////////Expected 
#  	Inputs: rst = 1 | CsrOp = system | Rs = tp | Traps = InstructionAccessFaultOrSupervisorSoftwareInterrupt | mret = 0 | PC = 368 | Addr = 9a |CsrAccess = 0 | CsrIn = 86ebb013 | TI = 0 | EI = 1 | SI = 0 | CsrIdx = mbadaddr 
#             Outputs: CsrOutPC = 0 | CsrOut = b65450d | TrapIsSet = 1 | RoundingMode = RNE 
#  //////////Actual 
#  	Inputs: rst = 1 | CsrOp = csrrci | Rs = s11 | Traps = NoTraps | mret = 0 | PC = 2b2 | Addr = 19f |CsrAccess = 1 | CsrIn = 6a43f70c | TI = 0 | EI = 0 | SI = 0 | CsrIdx = mbadaddr 
#             Outputs: CsrOutPC = 0 | CsrOut = 0 | TrapIsSet = 1 | RoundingMode = RNE
# UVM_INFO ../../Verification/CSR/csr_item_pkg.sv(108) @ 9925: reporter@@mon_item [CsrOut Mismatch] Expected: 0 Actual: cafcc91b
# UVM_ERROR ../../Verification/CSR/csr_scoreboard_pkg.sv(53) @ 9925: uvm_test_top.env.scoreboard [SCB MISMATCH] 
#  //////////Expected 
#  	Inputs: rst = 1 | CsrOp = csrrsi | Rs = t0 | Traps = NoTraps | mret = 0 | PC = 3b4 | Addr = 1c2 |CsrAccess = 1 | CsrIn = 8f736b00 | TI = 0 | EI = 1 | SI = 0 | CsrIdx = mcycle 
#             Outputs: CsrOutPC = 0 | CsrOut = cafcc91b | TrapIsSet = 0 | RoundingMode = RDN 
#  //////////Actual 
#  	Inputs: rst = 1 | CsrOp = csrrsi | Rs = t3 | Traps = NoTraps | mret = 0 | PC = 146 | Addr = 3cc |CsrAccess = 1 | CsrIn = 3fc3c931 | TI = 0 | EI = 0 | SI = 0 | CsrIdx = fcsr 
#             Outputs: CsrOutPC = 0 | CsrOut = 0 | TrapIsSet = 0 | RoundingMode = RDN
# UVM_INFO ../../Verification/CSR/csr_item_pkg.sv(108) @ 12665: reporter@@mon_item [CsrOut Mismatch] Expected: 0 Actual: 6
# UVM_ERROR ../../Verification/CSR/csr_scoreboard_pkg.sv(53) @ 12665: uvm_test_top.env.scoreboard [SCB MISMATCH] 
#  //////////Expected 
#  	Inputs: rst = 1 | CsrOp = csrrci | Rs = s8 | Traps = NoTraps | mret = 0 | PC = 3cc | Addr = 109 |CsrAccess = 1 | CsrIn = f3e02e43 | TI = 0 | EI = 0 | SI = 1 | CsrIdx = mcycle 
#             Outputs: CsrOutPC = 0 | CsrOut = 6 | TrapIsSet = 0 | RoundingMode = RNE 
#  //////////Actual 
#  	Inputs: rst = 1 | CsrOp = csrrci | Rs = a5 | Traps = NoTraps | mret = 1 | PC = d8 | Addr = 2b5 |CsrAccess = 0 | CsrIn = 8a352e72 | TI = 0 | EI = 0 | SI = 0 | CsrIdx = mscratch 
#             Outputs: CsrOutPC = 0 | CsrOut = 0 | TrapIsSet = 0 | RoundingMode = RNE
# UVM_INFO ../../Verification/CSR/csr_item_pkg.sv(108) @ 12675: reporter@@mon_item [CsrOut Mismatch] Expected: 0 Actual: 6
# UVM_ERROR ../../Verification/CSR/csr_scoreboard_pkg.sv(53) @ 12675: uvm_test_top.env.scoreboard [SCB MISMATCH] 
#  //////////Expected 
#  	Inputs: rst = 1 | CsrOp = csrrci | Rs = a5 | Traps = NoTraps | mret = 1 | PC = d8 | Addr = 2b5 |CsrAccess = 0 | CsrIn = 8a352e72 | TI = 0 | EI = 0 | SI = 0 | CsrIdx = mscratch 
#             Outputs: CsrOutPC = 1b4 | CsrOut = 6 | TrapIsSet = 0 | RoundingMode = RNE 
#  //////////Actual 
#  	Inputs: rst = 1 | CsrOp = csrrsi | Rs = s9 | Traps = NoTraps | mret = 1 | PC = 23c | Addr = 1be |CsrAccess = 0 | CsrIn = 20ba80e3 | TI = 1 | EI = 1 | SI = 0 | CsrIdx = medeleg 
#             Outputs: CsrOutPC = 1b4 | CsrOut = 0 | TrapIsSet = 0 | RoundingMode = RNE
# UVM_INFO ../../Verification/CSR/csr_item_pkg.sv(108) @ 12685: reporter@@mon_item [CsrOut Mismatch] Expected: 0 Actual: 6
# UVM_ERROR ../../Verification/CSR/csr_scoreboard_pkg.sv(53) @ 12685: uvm_test_top.env.scoreboard [SCB MISMATCH] 
#  //////////Expected 
#  	Inputs: rst = 1 | CsrOp = csrrsi | Rs = s9 | Traps = NoTraps | mret = 1 | PC = 23c | Addr = 1be |CsrAccess = 0 | CsrIn = 20ba80e3 | TI = 1 | EI = 1 | SI = 0 | CsrIdx = medeleg 
#             Outputs: CsrOutPC = 1b4 | CsrOut = 6 | TrapIsSet = 0 | RoundingMode = RNE 
#  //////////Actual 
#  	Inputs: rst = 1 | CsrOp = csrrw | Rs = s0_fp | Traps = NoTraps | mret = 0 | PC = 2b4 | Addr = 2d3 |CsrAccess = 1 | CsrIn = 83d8f7e9 | TI = 0 | EI = 0 | SI = 0 | CsrIdx = fflags 
#             Outputs: CsrOutPC = 1b4 | CsrOut = 0 | TrapIsSet = 0 | RoundingMode = RNE
# UVM_INFO ../../Verification/CSR/csr_item_pkg.sv(108) @ 12955: reporter@@mon_item [CsrOut Mismatch] Expected: 0 Actual: 6
# UVM_ERROR ../../Verification/CSR/csr_scoreboard_pkg.sv(53) @ 12955: uvm_test_top.env.scoreboard [SCB MISMATCH] 
#  //////////Expected 
#  	Inputs: rst = 1 | CsrOp = csrrci | Rs = t4 | Traps = NoTraps | mret = 0 | PC = d1 | Addr = 1ca |CsrAccess = 1 | CsrIn = 61b0f317 | TI = 0 | EI = 0 | SI = 0 | CsrIdx = mcycle 
#             Outputs: CsrOutPC = 0 | CsrOut = 6 | TrapIsSet = 0 | RoundingMode = RNE 
#  //////////Actual 
#  	Inputs: rst = 1 | CsrOp = csrrsi | Rs = a0 | Traps = LoadAddressFaultOrSupervisorTimerInterrupt | mret = 0 | PC = 1be | Addr = ba |CsrAccess = 0 | CsrIn = 4c983061 | TI = 0 | EI = 1 | SI = 0 | CsrIdx = mie 
#             Outputs: CsrOutPC = 0 | CsrOut = 0 | TrapIsSet = 0 | RoundingMode = RNE
# UVM_INFO ../../Verification/CSR/csr_item_pkg.sv(108) @ 12965: reporter@@mon_item [CsrOut Mismatch] Expected: 0 Actual: 6
# UVM_ERROR ../../Verification/CSR/csr_scoreboard_pkg.sv(53) @ 12965: uvm_test_top.env.scoreboard [SCB MISMATCH] 
#  //////////Expected 
#  	Inputs: rst = 1 | CsrOp = csrrsi | Rs = a0 | Traps = LoadAddressFaultOrSupervisorTimerInterrupt | mret = 0 | PC = 1be | Addr = ba |CsrAccess = 0 | CsrIn = 4c983061 | TI = 0 | EI = 1 | SI = 0 | CsrIdx = mie 
#             Outputs: CsrOutPC = 0 | CsrOut = 6 | TrapIsSet = 1 | RoundingMode = RNE 
#  //////////Actual 
#  	Inputs: rst = 1 | CsrOp = csrrw | Rs = s11 | Traps = NoTraps | mret = 0 | PC = 385 | Addr = 17a |CsrAccess = 1 | CsrIn = f7704703 | TI = 0 | EI = 1 | SI = 0 | CsrIdx = frm 
#             Outputs: CsrOutPC = 0 | CsrOut = 0 | TrapIsSet = 1 | RoundingMode = RNE
# UVM_INFO ../../Verification/CSR/csr_item_pkg.sv(108) @ 13195: reporter@@mon_item [CsrOut Mismatch] Expected: 0 Actual: 2
# UVM_ERROR ../../Verification/CSR/csr_scoreboard_pkg.sv(53) @ 13195: uvm_test_top.env.scoreboard [SCB MISMATCH] 
#  //////////Expected 
#  	Inputs: rst = 1 | CsrOp = csrrw | Rs = s1 | Traps = NoTraps | mret = 0 | PC = 27b | Addr = 1a9 |CsrAccess = 1 | CsrIn = edbf6b75 | TI = 0 | EI = 0 | SI = 0 | CsrIdx = mcycle 
#             Outputs: CsrOutPC = 0 | CsrOut = 2 | TrapIsSet = 0 | RoundingMode = RUP 
#  //////////Actual 
#  	Inputs: rst = 1 | CsrOp = csrrw | Rs = a1 | Traps = NoTraps | mret = 1 | PC = 276 | Addr = 269 |CsrAccess = 0 | CsrIn = d6ca1806 | TI = 0 | EI = 0 | SI = 0 | CsrIdx = mcycle 
#             Outputs: CsrOutPC = 0 | CsrOut = 0 | TrapIsSet = 0 | RoundingMode = RUP
# 
# --- UVM Report Summary ---
# 
# Quit count reached!
# Quit count :   100 of   100
# ** Report counts by severity
# UVM_INFO :  105
# UVM_WARNING :   40
# UVM_ERROR :  100
# UVM_FATAL :    0
# ** Report counts by id
# [CSR_DBG]    40
# [CsrOut Mismatch]   100
# [MAXQUITSET]     1
# [Questa UVM]     2
# [RNTST]     1
# [SCB MISMATCH]   100
# [UVMTOP]     1
# ** Note: $finish    : /opt/questasim/questasim/linux/../verilog_src/uvm-1.1d/src/base/uvm_report_object.svh(292)
#    Time: 13195 ns  Iteration: 4  Region: /uvm_pkg::uvm_task_phase::execute
# End time: 22:15:20 on Jun 05,2026, Elapsed time: 0:00:05
# Errors: 0, Warnings: 0
