Reading pref.tcl

# 2021.2_1

# do ../do/sim_csr.do
# Compiling shared packages...
# QuestaSim vlog 2021.2_1 Compiler 2021.05 May 15 2021
# -- Compiling package shared_pkg
# 
# Top level modules:
# 	--none--
# QuestaSim vlog 2021.2_1 Compiler 2021.05 May 15 2021
# QuestaSim vlog 2021.2_1 Compiler 2021.05 May 15 2021
# -- Compiling package AXI_Assertions_sv_unit
# -- Importing package shared_pkg
# -- Compiling module AXI_Assertions
# 
# Top level modules:
# 	AXI_Assertions
# QuestaSim vlog 2021.2_1 Compiler 2021.05 May 15 2021
# -- Compiling package axi_interface_sv_unit
# -- Importing package shared_pkg
# -- Compiling interface axi_interface
# 
# Top level modules:
# 	--none--
# Compiling design modules - Pipeline stages...
# QuestaSim vlog 2021.2_1 Compiler 2021.05 May 15 2021
# -- Compiling package fetch_stage_sv_unit
# -- Importing package shared_pkg
# -- Compiling module fetch_stage
# 
# Top level modules:
# 	fetch_stage
# QuestaSim vlog 2021.2_1 Compiler 2021.05 May 15 2021
# -- Compiling package decode_stage_sv_unit
# -- Importing package shared_pkg
# -- Compiling module decode_stage
# 
# Top level modules:
# 	decode_stage
# QuestaSim vlog 2021.2_1 Compiler 2021.05 May 15 2021
# -- Compiling package execute_stage_sv_unit
# -- Importing package shared_pkg
# -- Compiling module execute_stage
# 
# Top level modules:
# 	execute_stage
# QuestaSim vlog 2021.2_1 Compiler 2021.05 May 15 2021
# -- Compiling package memory_stage_sv_unit
# -- Importing package shared_pkg
# -- Compiling module memory_stage
# 
# Top level modules:
# 	memory_stage
# QuestaSim vlog 2021.2_1 Compiler 2021.05 May 15 2021
# -- Compiling package wb_stage_sv_unit
# -- Importing package shared_pkg
# -- Compiling module wb_stage
# 
# Top level modules:
# 	wb_stage
# Compiling control units...
# QuestaSim vlog 2021.2_1 Compiler 2021.05 May 15 2021
# -- Compiling package risc_control_unit_sv_unit
# -- Importing package shared_pkg
# -- Compiling module risc_control_unit
# 
# Top level modules:
# 	risc_control_unit
# QuestaSim vlog 2021.2_1 Compiler 2021.05 May 15 2021
# -- Compiling package opcode_decoder_sv_unit
# -- Importing package shared_pkg
# -- Compiling module opcode_decoder
# 
# Top level modules:
# 	opcode_decoder
# QuestaSim vlog 2021.2_1 Compiler 2021.05 May 15 2021
# -- Compiling package alu_decoder_sv_unit
# -- Importing package shared_pkg
# -- Compiling module alu_decoder
# 
# Top level modules:
# 	alu_decoder
# QuestaSim vlog 2021.2_1 Compiler 2021.05 May 15 2021
# -- Compiling package fpu_decoder_sv_unit
# -- Importing package shared_pkg
# -- Compiling module fpu_decoder
# 
# Top level modules:
# 	fpu_decoder
# Compiling ALU components...
# QuestaSim vlog 2021.2_1 Compiler 2021.05 May 15 2021
# -- Compiling package risc_alu_sv_unit
# -- Importing package shared_pkg
# -- Compiling module risc_alu
# 
# Top level modules:
# 	risc_alu
# QuestaSim vlog 2021.2_1 Compiler 2021.05 May 15 2021
# -- Compiling package wallace_tree_sv_unit
# -- Importing package shared_pkg
# -- Compiling module wallace_tree
# 
# Top level modules:
# 	wallace_tree
# QuestaSim vlog 2021.2_1 Compiler 2021.05 May 15 2021
# -- Compiling module non_restoring_divider
# 
# Top level modules:
# 	non_restoring_divider
# QuestaSim vlog 2021.2_1 Compiler 2021.05 May 15 2021
# -- Compiling module lzc_wr
# -- Compiling module lzc
# ** Warning: ../../Design/lzc_wr.sv(134): (vlog-2583) [SVCHK] - Extra checking for conflicts with always_comb and always_latch variables is done at vopt time.
# ** Warning: ../../Design/lzc_wr.sv(140): (vlog-2583) [SVCHK] - Extra checking for conflicts with always_comb and always_latch variables is done at vopt time.
# 
# Top level modules:
# 	lzc_wr
# Compiling register files...
# QuestaSim vlog 2021.2_1 Compiler 2021.05 May 15 2021
# -- Compiling package risc_reg_file_sv_unit
# -- Importing package shared_pkg
# -- Compiling module risc_reg_file
# 
# Top level modules:
# 	risc_reg_file
# QuestaSim vlog 2021.2_1 Compiler 2021.05 May 15 2021
# -- Compiling package risc_mem_sv_unit
# -- Importing package shared_pkg
# -- Compiling module risc_mem
# 
# Top level modules:
# 	risc_mem
# QuestaSim vlog 2021.2_1 Compiler 2021.05 May 15 2021
# -- Compiling package fp_reg_file_sv_unit
# -- Importing package shared_pkg
# -- Compiling module fp_reg_file
# 
# Top level modules:
# 	fp_reg_file
# Compiling memory modules...
# QuestaSim vlog 2021.2_1 Compiler 2021.05 May 15 2021
# -- Compiling package risc_instruction_memory_sv_unit
# -- Importing package shared_pkg
# -- Compiling module risc_instruction_memory
# 
# Top level modules:
# 	risc_instruction_memory
# QuestaSim vlog 2021.2_1 Compiler 2021.05 May 15 2021
# -- Compiling package risc_data_memory_sv_unit
# -- Importing package shared_pkg
# -- Compiling module risc_data_memory
# 
# Top level modules:
# 	risc_data_memory
# QuestaSim vlog 2021.2_1 Compiler 2021.05 May 15 2021
# -- Compiling package cache_sv_unit
# -- Importing package shared_pkg
# -- Compiling module cache
# ** Warning: ../../Design/cache.sv(225): (vlog-2583) [SVCHK] - Extra checking for conflicts with always_comb and always_latch variables is done at vopt time.
# ** Warning: ../../Design/cache.sv(229): (vlog-2583) [SVCHK] - Extra checking for conflicts with always_comb and always_latch variables is done at vopt time.
# ** Warning: ../../Design/cache.sv(233): (vlog-2583) [SVCHK] - Extra checking for conflicts with always_comb and always_latch variables is done at vopt time.
# ** Warning: ../../Design/cache.sv(238): (vlog-2583) [SVCHK] - Extra checking for conflicts with always_comb and always_latch variables is done at vopt time.
# ** Warning: ../../Design/cache.sv(246): (vlog-2583) [SVCHK] - Extra checking for conflicts with always_comb and always_latch variables is done at vopt time.
# ** Warning: ../../Design/cache.sv(250): (vlog-2583) [SVCHK] - Extra checking for conflicts with always_comb and always_latch variables is done at vopt time.
# ** Warning: ../../Design/cache.sv(254): (vlog-2583) [SVCHK] - Extra checking for conflicts with always_comb and always_latch variables is done at vopt time.
# ** Warning: ../../Design/cache.sv(258): (vlog-2583) [SVCHK] - Extra checking for conflicts with always_comb and always_latch variables is done at vopt time.
# ** Warning: ../../Design/cache.sv(270): (vlog-2583) [SVCHK] - Extra checking for conflicts with always_comb and always_latch variables is done at vopt time.
# ** Warning: ../../Design/cache.sv(274): (vlog-2583) [SVCHK] - Extra checking for conflicts with always_comb and always_latch variables is done at vopt time.
# ** Warning: ../../Design/cache.sv(278): (vlog-2583) [SVCHK] - Extra checking for conflicts with always_comb and always_latch variables is done at vopt time.
# ** Warning: ../../Design/cache.sv(283): (vlog-2583) [SVCHK] - Extra checking for conflicts with always_comb and always_latch variables is done at vopt time.
# ** Warning: ../../Design/cache.sv(289): (vlog-2583) [SVCHK] - Extra checking for conflicts with always_comb and always_latch variables is done at vopt time.
# ** Warning: ../../Design/cache.sv(290): (vlog-2583) [SVCHK] - Extra checking for conflicts with always_comb and always_latch variables is done at vopt time.
# ** Warning: ../../Design/cache.sv(290): (vlog-2583) [SVCHK] - Extra checking for conflicts with always_comb and always_latch variables is done at vopt time.
# ** Warning: ../../Design/cache.sv(296): (vlog-2583) [SVCHK] - Extra checking for conflicts with always_comb and always_latch variables is done at vopt time.
# ** Warning: ../../Design/cache.sv(300): (vlog-2583) [SVCHK] - Extra checking for conflicts with always_comb and always_latch variables is done at vopt time.
# ** Warning: ../../Design/cache.sv(305): (vlog-2583) [SVCHK] - Extra checking for conflicts with always_comb and always_latch variables is done at vopt time.
# ** Warning: ../../Design/cache.sv(338): (vlog-2583) [SVCHK] - Extra checking for conflicts with always_comb and always_latch variables is done at vopt time.
# ** Warning: ../../Design/cache.sv(339): (vlog-2583) [SVCHK] - Extra checking for conflicts with always_comb and always_latch variables is done at vopt time.
# ** Warning: ../../Design/cache.sv(339): (vlog-2583) [SVCHK] - Extra checking for conflicts with always_comb and always_latch variables is done at vopt time.
# ** Warning: ../../Design/cache.sv(342): (vlog-2583) [SVCHK] - Extra checking for conflicts with always_comb and always_latch variables is done at vopt time.
# ** Warning: ../../Design/cache.sv(468): (vlog-2583) [SVCHK] - Extra checking for conflicts with always_comb and always_latch variables is done at vopt time.
# ** Warning: ../../Design/cache.sv(469): (vlog-2583) [SVCHK] - Extra checking for conflicts with always_comb and always_latch variables is done at vopt time.
# ** Warning: ../../Design/cache.sv(470): (vlog-2583) [SVCHK] - Extra checking for conflicts with always_comb and always_latch variables is done at vopt time.
# ** Warning: ../../Design/cache.sv(471): (vlog-2583) [SVCHK] - Extra checking for conflicts with always_comb and always_latch variables is done at vopt time.
# ** Warning: ../../Design/cache.sv(472): (vlog-2583) [SVCHK] - Extra checking for conflicts with always_comb and always_latch variables is done at vopt time.
# ** Warning: ../../Design/cache.sv(473): (vlog-2583) [SVCHK] - Extra checking for conflicts with always_comb and always_latch variables is done at vopt time.
# ** Warning: ../../Design/cache.sv(474): (vlog-2583) [SVCHK] - Extra checking for conflicts with always_comb and always_latch variables is done at vopt time.
# ** Warning: ../../Design/cache.sv(475): (vlog-2583) [SVCHK] - Extra checking for conflicts with always_comb and always_latch variables is done at vopt time.
# ** Warning: ../../Design/cache.sv(476): (vlog-2583) [SVCHK] - Extra checking for conflicts with always_comb and always_latch variables is done at vopt time.
# ** Warning: ../../Design/cache.sv(477): (vlog-2583) [SVCHK] - Extra checking for conflicts with always_comb and always_latch variables is done at vopt time.
# ** Warning: ../../Design/cache.sv(478): (vlog-2583) [SVCHK] - Extra checking for conflicts with always_comb and always_latch variables is done at vopt time.
# ** Warning: ../../Design/cache.sv(479): (vlog-2583) [SVCHK] - Extra checking for conflicts with always_comb and always_latch variables is done at vopt time.
# ** Warning: ../../Design/cache.sv(480): (vlog-2583) [SVCHK] - Extra checking for conflicts with always_comb and always_latch variables is done at vopt time.
# ** Warning: ../../Design/cache.sv(481): (vlog-2583) [SVCHK] - Extra checking for conflicts with always_comb and always_latch variables is done at vopt time.
# ** Warning: ../../Design/cache.sv(482): (vlog-2583) [SVCHK] - Extra checking for conflicts with always_comb and always_latch variables is done at vopt time.
# ** Warning: ../../Design/cache.sv(483): (vlog-2583) [SVCHK] - Extra checking for conflicts with always_comb and always_latch variables is done at vopt time.
# ** Warning: ../../Design/cache.sv(484): (vlog-2583) [SVCHK] - Extra checking for conflicts with always_comb and always_latch variables is done at vopt time.
# ** Warning: ../../Design/cache.sv(485): (vlog-2583) [SVCHK] - Extra checking for conflicts with always_comb and always_latch variables is done at vopt time.
# ** Warning: ../../Design/cache.sv(486): (vlog-2583) [SVCHK] - Extra checking for conflicts with always_comb and always_latch variables is done at vopt time.
# ** Warning: ../../Design/cache.sv(487): (vlog-2583) [SVCHK] - Extra checking for conflicts with always_comb and always_latch variables is done at vopt time.
# ** Warning: ../../Design/cache.sv(488): (vlog-2583) [SVCHK] - Extra checking for conflicts with always_comb and always_latch variables is done at vopt time.
# ** Warning: ../../Design/cache.sv(489): (vlog-2583) [SVCHK] - Extra checking for conflicts with always_comb and always_latch variables is done at vopt time.
# ** Warning: ../../Design/cache.sv(490): (vlog-2583) [SVCHK] - Extra checking for conflicts with always_comb and always_latch variables is done at vopt time.
# ** Warning: ../../Design/cache.sv(497): (vlog-2583) [SVCHK] - Extra checking for conflicts with always_comb and always_latch variables is done at vopt time.
# ** Warning: ../../Design/cache.sv(498): (vlog-2583) [SVCHK] - Extra checking for conflicts with always_comb and always_latch variables is done at vopt time.
# ** Warning: ../../Design/cache.sv(499): (vlog-2583) [SVCHK] - Extra checking for conflicts with always_comb and always_latch variables is done at vopt time.
# ** Warning: ../../Design/cache.sv(500): (vlog-2583) [SVCHK] - Extra checking for conflicts with always_comb and always_latch variables is done at vopt time.
# ** Warning: ../../Design/cache.sv(501): (vlog-2583) [SVCHK] - Extra checking for conflicts with always_comb and always_latch variables is done at vopt time.
# ** Warning: ../../Design/cache.sv(502): (vlog-2583) [SVCHK] - Extra checking for conflicts with always_comb and always_latch variables is done at vopt time.
# ** Warning: ../../Design/cache.sv(503): (vlog-2583) [SVCHK] - Extra checking for conflicts with always_comb and always_latch variables is done at vopt time.
# ** Warning: ../../Design/cache.sv(504): (vlog-2583) [SVCHK] - Extra checking for conflicts with always_comb and always_latch variables is done at vopt time.
# ** Warning: ../../Design/cache.sv(505): (vlog-2583) [SVCHK] - Extra checking for conflicts with always_comb and always_latch variables is done at vopt time.
# ** Warning: ../../Design/cache.sv(506): (vlog-2583) [SVCHK] - Extra checking for conflicts with always_comb and always_latch variables is done at vopt time.
# ** Warning: ../../Design/cache.sv(507): (vlog-2583) [SVCHK] - Extra checking for conflicts with always_comb and always_latch variables is done at vopt time.
# ** Warning: ../../Design/cache.sv(508): (vlog-2583) [SVCHK] - Extra checking for conflicts with always_comb and always_latch variables is done at vopt time.
# ** Warning: ../../Design/cache.sv(509): (vlog-2583) [SVCHK] - Extra checking for conflicts with always_comb and always_latch variables is done at vopt time.
# ** Warning: ../../Design/cache.sv(510): (vlog-2583) [SVCHK] - Extra checking for conflicts with always_comb and always_latch variables is done at vopt time.
# ** Warning: ../../Design/cache.sv(511): (vlog-2583) [SVCHK] - Extra checking for conflicts with always_comb and always_latch variables is done at vopt time.
# ** Warning: ../../Design/cache.sv(512): (vlog-2583) [SVCHK] - Extra checking for conflicts with always_comb and always_latch variables is done at vopt time.
# ** Warning: ../../Design/cache.sv(513): (vlog-2583) [SVCHK] - Extra checking for conflicts with always_comb and always_latch variables is done at vopt time.
# ** Warning: ../../Design/cache.sv(514): (vlog-2583) [SVCHK] - Extra checking for conflicts with always_comb and always_latch variables is done at vopt time.
# ** Warning: ../../Design/cache.sv(515): (vlog-2583) [SVCHK] - Extra checking for conflicts with always_comb and always_latch variables is done at vopt time.
# ** Warning: ../../Design/cache.sv(519): (vlog-2583) [SVCHK] - Extra checking for conflicts with always_comb and always_latch variables is done at vopt time.
# ** Warning: ../../Design/cache.sv(520): (vlog-2583) [SVCHK] - Extra checking for conflicts with always_comb and always_latch variables is done at vopt time.
# ** Warning: ../../Design/cache.sv(521): (vlog-2583) [SVCHK] - Extra checking for conflicts with always_comb and always_latch variables is done at vopt time.
# ** Warning: ../../Design/cache.sv(522): (vlog-2583) [SVCHK] - Extra checking for conflicts with always_comb and always_latch variables is done at vopt time.
# ** Warning: ../../Design/cache.sv(523): (vlog-2583) [SVCHK] - Extra checking for conflicts with always_comb and always_latch variables is done at vopt time.
# ** Warning: ../../Design/cache.sv(524): (vlog-2583) [SVCHK] - Extra checking for conflicts with always_comb and always_latch variables is done at vopt time.
# ** Warning: ../../Design/cache.sv(525): (vlog-2583) [SVCHK] - Extra checking for conflicts with always_comb and always_latch variables is done at vopt time.
# ** Warning: ../../Design/cache.sv(526): (vlog-2583) [SVCHK] - Extra checking for conflicts with always_comb and always_latch variables is done at vopt time.
# ** Warning: ../../Design/cache.sv(527): (vlog-2583) [SVCHK] - Extra checking for conflicts with always_comb and always_latch variables is done at vopt time.
# ** Warning: ../../Design/cache.sv(528): (vlog-2583) [SVCHK] - Extra checking for conflicts with always_comb and always_latch variables is done at vopt time.
# ** Warning: ../../Design/cache.sv(529): (vlog-2583) [SVCHK] - Extra checking for conflicts with always_comb and always_latch variables is done at vopt time.
# ** Warning: ../../Design/cache.sv(530): (vlog-2583) [SVCHK] - Extra checking for conflicts with always_comb and always_latch variables is done at vopt time.
# ** Warning: ../../Design/cache.sv(531): (vlog-2583) [SVCHK] - Extra checking for conflicts with always_comb and always_latch variables is done at vopt time.
# ** Warning: ../../Design/cache.sv(532): (vlog-2583) [SVCHK] - Extra checking for conflicts with always_comb and always_latch variables is done at vopt time.
# ** Warning: ../../Design/cache.sv(533): (vlog-2583) [SVCHK] - Extra checking for conflicts with always_comb and always_latch variables is done at vopt time.
# ** Warning: ../../Design/cache.sv(534): (vlog-2583) [SVCHK] - Extra checking for conflicts with always_comb and always_latch variables is done at vopt time.
# ** Warning: ../../Design/cache.sv(535): (vlog-2583) [SVCHK] - Extra checking for conflicts with always_comb and always_latch variables is done at vopt time.
# ** Warning: ../../Design/cache.sv(536): (vlog-2583) [SVCHK] - Extra checking for conflicts with always_comb and always_latch variables is done at vopt time.
# ** Warning: ../../Design/cache.sv(537): (vlog-2583) [SVCHK] - Extra checking for conflicts with always_comb and always_latch variables is done at vopt time.
# ** Warning: ../../Design/cache.sv(538): (vlog-2583) [SVCHK] - Extra checking for conflicts with always_comb and always_latch variables is done at vopt time.
# ** Warning: ../../Design/cache.sv(545): (vlog-2583) [SVCHK] - Extra checking for conflicts with always_comb and always_latch variables is done at vopt time.
# ** Warning: ../../Design/cache.sv(546): (vlog-2583) [SVCHK] - Extra checking for conflicts with always_comb and always_latch variables is done at vopt time.
# ** Warning: ../../Design/cache.sv(547): (vlog-2583) [SVCHK] - Extra checking for conflicts with always_comb and always_latch variables is done at vopt time.
# ** Warning: ../../Design/cache.sv(548): (vlog-2583) [SVCHK] - Extra checking for conflicts with always_comb and always_latch variables is done at vopt time.
# ** Warning: ../../Design/cache.sv(549): (vlog-2583) [SVCHK] - Extra checking for conflicts with always_comb and always_latch variables is done at vopt time.
# ** Warning: ../../Design/cache.sv(550): (vlog-2583) [SVCHK] - Extra checking for conflicts with always_comb and always_latch variables is done at vopt time.
# ** Warning: ../../Design/cache.sv(551): (vlog-2583) [SVCHK] - Extra checking for conflicts with always_comb and always_latch variables is done at vopt time.
# ** Warning: ../../Design/cache.sv(552): (vlog-2583) [SVCHK] - Extra checking for conflicts with always_comb and always_latch variables is done at vopt time.
# ** Warning: ../../Design/cache.sv(553): (vlog-2583) [SVCHK] - Extra checking for conflicts with always_comb and always_latch variables is done at vopt time.
# ** Warning: ../../Design/cache.sv(554): (vlog-2583) [SVCHK] - Extra checking for conflicts with always_comb and always_latch variables is done at vopt time.
# ** Warning: ../../Design/cache.sv(566): (vlog-2583) [SVCHK] - Extra checking for conflicts with always_comb and always_latch variables is done at vopt time.
# ** Warning: ../../Design/cache.sv(570): (vlog-2583) [SVCHK] - Extra checking for conflicts with always_comb and always_latch variables is done at vopt time.
# ** Warning: ../../Design/cache.sv(574): (vlog-2583) [SVCHK] - Extra checking for conflicts with always_comb and always_latch variables is done at vopt time.
# ** Warning: ../../Design/cache.sv(578): (vlog-2583) [SVCHK] - Extra checking for conflicts with always_comb and always_latch variables is done at vopt time.
# ** Warning: ../../Design/cache.sv(580): (vlog-2583) [SVCHK] - Extra checking for conflicts with always_comb and always_latch variables is done at vopt time.
# ** Warning: ../../Design/cache.sv(585): (vlog-2583) [SVCHK] - Extra checking for conflicts with always_comb and always_latch variables is done at vopt time.
# ** Warning: ../../Design/cache.sv(586): (vlog-2583) [SVCHK] - Extra checking for conflicts with always_comb and always_latch variables is done at vopt time.
# ** Warning: ../../Design/cache.sv(588): (vlog-2583) [SVCHK] - Extra checking for conflicts with always_comb and always_latch variables is done at vopt time.
# ** Warning: ../../Design/cache.sv(589): (vlog-2583) [SVCHK] - Extra checking for conflicts with always_comb and always_latch variables is done at vopt time.
# ** Warning: ../../Design/cache.sv(599): (vlog-2583) [SVCHK] - Extra checking for conflicts with always_comb and always_latch variables is done at vopt time.
# ** Warning: ../../Design/cache.sv(603): (vlog-2583) [SVCHK] - Extra checking for conflicts with always_comb and always_latch variables is done at vopt time.
# ** Warning: ../../Design/cache.sv(607): (vlog-2583) [SVCHK] - Extra checking for conflicts with always_comb and always_latch variables is done at vopt time.
# ** Warning: ../../Design/cache.sv(611): (vlog-2583) [SVCHK] - Extra checking for conflicts with always_comb and always_latch variables is done at vopt time.
# ** Warning: ../../Design/cache.sv(613): (vlog-2583) [SVCHK] - Extra checking for conflicts with always_comb and always_latch variables is done at vopt time.
# ** Warning: ../../Design/cache.sv(619): (vlog-2583) [SVCHK] - Extra checking for conflicts with always_comb and always_latch variables is done at vopt time.
# ** Warning: ../../Design/cache.sv(620): (vlog-2583) [SVCHK] - Extra checking for conflicts with always_comb and always_latch variables is done at vopt time.
# ** Warning: ../../Design/cache.sv(622): (vlog-2583) [SVCHK] - Extra checking for conflicts with always_comb and always_latch variables is done at vopt time.
# ** Warning: ../../Design/cache.sv(623): (vlog-2583) [SVCHK] - Extra checking for conflicts with always_comb and always_latch variables is done at vopt time.
# ** Warning: ../../Design/cache.sv(624): (vlog-2583) [SVCHK] - Extra checking for conflicts with always_comb and always_latch variables is done at vopt time.
# ** Warning: ../../Design/cache.sv(625): (vlog-2583) [SVCHK] - Extra checking for conflicts with always_comb and always_latch variables is done at vopt time.
# ** Warning: ../../Design/cache.sv(626): (vlog-2583) [SVCHK] - Extra checking for conflicts with always_comb and always_latch variables is done at vopt time.
# ** Warning: ../../Design/cache.sv(627): (vlog-2583) [SVCHK] - Extra checking for conflicts with always_comb and always_latch variables is done at vopt time.
# ** Warning: ../../Design/cache.sv(628): (vlog-2583) [SVCHK] - Extra checking for conflicts with always_comb and always_latch variables is done at vopt time.
# ** Warning: ../../Design/cache.sv(629): (vlog-2583) [SVCHK] - Extra checking for conflicts with always_comb and always_latch variables is done at vopt time.
# ** Warning: ../../Design/cache.sv(632): (vlog-2583) [SVCHK] - Extra checking for conflicts with always_comb and always_latch variables is done at vopt time.
# ** Warning: ../../Design/cache.sv(662): (vlog-2583) [SVCHK] - Extra checking for conflicts with always_comb and always_latch variables is done at vopt time.
# ** Warning: ../../Design/cache.sv(663): (vlog-2583) [SVCHK] - Extra checking for conflicts with always_comb and always_latch variables is done at vopt time.
# ** Warning: ../../Design/cache.sv(664): (vlog-2583) [SVCHK] - Extra checking for conflicts with always_comb and always_latch variables is done at vopt time.
# ** Warning: ../../Design/cache.sv(665): (vlog-2583) [SVCHK] - Extra checking for conflicts with always_comb and always_latch variables is done at vopt time.
# ** Warning: ../../Design/cache.sv(666): (vlog-2583) [SVCHK] - Extra checking for conflicts with always_comb and always_latch variables is done at vopt time.
# ** Warning: ../../Design/cache.sv(667): (vlog-2583) [SVCHK] - Extra checking for conflicts with always_comb and always_latch variables is done at vopt time.
# ** Warning: ../../Design/cache.sv(668): (vlog-2583) [SVCHK] - Extra checking for conflicts with always_comb and always_latch variables is done at vopt time.
# ** Warning: ../../Design/cache.sv(669): (vlog-2583) [SVCHK] - Extra checking for conflicts with always_comb and always_latch variables is done at vopt time.
# ** Warning: ../../Design/cache.sv(670): (vlog-2583) [SVCHK] - Extra checking for conflicts with always_comb and always_latch variables is done at vopt time.
# ** Warning: ../../Design/cache.sv(671): (vlog-2583) [SVCHK] - Extra checking for conflicts with always_comb and always_latch variables is done at vopt time.
# ** Warning: ../../Design/cache.sv(672): (vlog-2583) [SVCHK] - Extra checking for conflicts with always_comb and always_latch variables is done at vopt time.
# ** Warning: ../../Design/cache.sv(673): (vlog-2583) [SVCHK] - Extra checking for conflicts with always_comb and always_latch variables is done at vopt time.
# ** Warning: ../../Design/cache.sv(674): (vlog-2583) [SVCHK] - Extra checking for conflicts with always_comb and always_latch variables is done at vopt time.
# ** Warning: ../../Design/cache.sv(675): (vlog-2583) [SVCHK] - Extra checking for conflicts with always_comb and always_latch variables is done at vopt time.
# ** Warning: ../../Design/cache.sv(676): (vlog-2583) [SVCHK] - Extra checking for conflicts with always_comb and always_latch variables is done at vopt time.
# ** Warning: ../../Design/cache.sv(677): (vlog-2583) [SVCHK] - Extra checking for conflicts with always_comb and always_latch variables is done at vopt time.
# ** Warning: ../../Design/cache.sv(678): (vlog-2583) [SVCHK] - Extra checking for conflicts with always_comb and always_latch variables is done at vopt time.
# ** Warning: ../../Design/cache.sv(679): (vlog-2583) [SVCHK] - Extra checking for conflicts with always_comb and always_latch variables is done at vopt time.
# ** Warning: ../../Design/cache.sv(680): (vlog-2583) [SVCHK] - Extra checking for conflicts with always_comb and always_latch variables is done at vopt time.
# ** Warning: ../../Design/cache.sv(681): (vlog-2583) [SVCHK] - Extra checking for conflicts with always_comb and always_latch variables is done at vopt time.
# ** Warning: ../../Design/cache.sv(682): (vlog-2583) [SVCHK] - Extra checking for conflicts with always_comb and always_latch variables is done at vopt time.
# ** Warning: ../../Design/cache.sv(683): (vlog-2583) [SVCHK] - Extra checking for conflicts with always_comb and always_latch variables is done at vopt time.
# ** Warning: ../../Design/cache.sv(684): (vlog-2583) [SVCHK] - Extra checking for conflicts with always_comb and always_latch variables is done at vopt time.
# ** Warning: ../../Design/cache.sv(685): (vlog-2583) [SVCHK] - Extra checking for conflicts with always_comb and always_latch variables is done at vopt time.
# ** Warning: ../../Design/cache.sv(690): (vlog-2583) [SVCHK] - Extra checking for conflicts with always_comb and always_latch variables is done at vopt time.
# ** Warning: ../../Design/cache.sv(697): (vlog-2583) [SVCHK] - Extra checking for conflicts with always_comb and always_latch variables is done at vopt time.
# ** Warning: ../../Design/cache.sv(698): (vlog-2583) [SVCHK] - Extra checking for conflicts with always_comb and always_latch variables is done at vopt time.
# ** Warning: ../../Design/cache.sv(699): (vlog-2583) [SVCHK] - Extra checking for conflicts with always_comb and always_latch variables is done at vopt time.
# ** Warning: ../../Design/cache.sv(700): (vlog-2583) [SVCHK] - Extra checking for conflicts with always_comb and always_latch variables is done at vopt time.
# ** Warning: ../../Design/cache.sv(701): (vlog-2583) [SVCHK] - Extra checking for conflicts with always_comb and always_latch variables is done at vopt time.
# ** Warning: ../../Design/cache.sv(702): (vlog-2583) [SVCHK] - Extra checking for conflicts with always_comb and always_latch variables is done at vopt time.
# ** Warning: ../../Design/cache.sv(703): (vlog-2583) [SVCHK] - Extra checking for conflicts with always_comb and always_latch variables is done at vopt time.
# ** Warning: ../../Design/cache.sv(704): (vlog-2583) [SVCHK] - Extra checking for conflicts with always_comb and always_latch variables is done at vopt time.
# ** Warning: ../../Design/cache.sv(705): (vlog-2583) [SVCHK] - Extra checking for conflicts with always_comb and always_latch variables is done at vopt time.
# ** Warning: ../../Design/cache.sv(709): (vlog-2583) [SVCHK] - Extra checking for conflicts with always_comb and always_latch variables is done at vopt time.
# ** Warning: ../../Design/cache.sv(710): (vlog-2583) [SVCHK] - Extra checking for conflicts with always_comb and always_latch variables is done at vopt time.
# ** Warning: ../../Design/cache.sv(711): (vlog-2583) [SVCHK] - Extra checking for conflicts with always_comb and always_latch variables is done at vopt time.
# ** Warning: ../../Design/cache.sv(712): (vlog-2583) [SVCHK] - Extra checking for conflicts with always_comb and always_latch variables is done at vopt time.
# ** Warning: ../../Design/cache.sv(713): (vlog-2583) [SVCHK] - Extra checking for conflicts with always_comb and always_latch variables is done at vopt time.
# ** Warning: ../../Design/cache.sv(714): (vlog-2583) [SVCHK] - Extra checking for conflicts with always_comb and always_latch variables is done at vopt time.
# ** Warning: ../../Design/cache.sv(715): (vlog-2583) [SVCHK] - Extra checking for conflicts with always_comb and always_latch variables is done at vopt time.
# ** Warning: ../../Design/cache.sv(716): (vlog-2583) [SVCHK] - Extra checking for conflicts with always_comb and always_latch variables is done at vopt time.
# ** Warning: ../../Design/cache.sv(724): (vlog-2583) [SVCHK] - Extra checking for conflicts with always_comb and always_latch variables is done at vopt time.
# ** Warning: ../../Design/cache.sv(725): (vlog-2583) [SVCHK] - Extra checking for conflicts with always_comb and always_latch variables is done at vopt time.
# ** Warning: ../../Design/cache.sv(726): (vlog-2583) [SVCHK] - Extra checking for conflicts with always_comb and always_latch variables is done at vopt time.
# ** Warning: ../../Design/cache.sv(729): (vlog-2583) [SVCHK] - Extra checking for conflicts with always_comb and always_latch variables is done at vopt time.
# ** Warning: ../../Design/cache.sv(730): (vlog-2583) [SVCHK] - Extra checking for conflicts with always_comb and always_latch variables is done at vopt time.
# ** Warning: ../../Design/cache.sv(731): (vlog-2583) [SVCHK] - Extra checking for conflicts with always_comb and always_latch variables is done at vopt time.
# ** Warning: ../../Design/cache.sv(732): (vlog-2583) [SVCHK] - Extra checking for conflicts with always_comb and always_latch variables is done at vopt time.
# ** Warning: ../../Design/cache.sv(733): (vlog-2583) [SVCHK] - Extra checking for conflicts with always_comb and always_latch variables is done at vopt time.
# ** Warning: ../../Design/cache.sv(734): (vlog-2583) [SVCHK] - Extra checking for conflicts with always_comb and always_latch variables is done at vopt time.
# ** Warning: ../../Design/cache.sv(738): (vlog-2583) [SVCHK] - Extra checking for conflicts with always_comb and always_latch variables is done at vopt time.
# ** Warning: ../../Design/cache.sv(739): (vlog-2583) [SVCHK] - Extra checking for conflicts with always_comb and always_latch variables is done at vopt time.
# ** Warning: ../../Design/cache.sv(740): (vlog-2583) [SVCHK] - Extra checking for conflicts with always_comb and always_latch variables is done at vopt time.
# ** Warning: ../../Design/cache.sv(741): (vlog-2583) [SVCHK] - Extra checking for conflicts with always_comb and always_latch variables is done at vopt time.
# ** Warning: ../../Design/cache.sv(742): (vlog-2583) [SVCHK] - Extra checking for conflicts with always_comb and always_latch variables is done at vopt time.
# ** Warning: ../../Design/cache.sv(743): (vlog-2583) [SVCHK] - Extra checking for conflicts with always_comb and always_latch variables is done at vopt time.
# ** Warning: ../../Design/cache.sv(744): (vlog-2583) [SVCHK] - Extra checking for conflicts with always_comb and always_latch variables is done at vopt time.
# ** Warning: ../../Design/cache.sv(745): (vlog-2583) [SVCHK] - Extra checking for conflicts with always_comb and always_latch variables is done at vopt time.
# ** Warning: ../../Design/cache.sv(751): (vlog-2583) [SVCHK] - Extra checking for conflicts with always_comb and always_latch variables is done at vopt time.
# ** Warning: ../../Design/cache.sv(752): (vlog-2583) [SVCHK] - Extra checking for conflicts with always_comb and always_latch variables is done at vopt time.
# ** Warning: ../../Design/cache.sv(753): (vlog-2583) [SVCHK] - Extra checking for conflicts with always_comb and always_latch variables is done at vopt time.
# ** Warning: ../../Design/cache.sv(754): (vlog-2583) [SVCHK] - Extra checking for conflicts with always_comb and always_latch variables is done at vopt time.
# ** Warning: ../../Design/cache.sv(755): (vlog-2583) [SVCHK] - Extra checking for conflicts with always_comb and always_latch variables is done at vopt time.
# ** Warning: ../../Design/cache.sv(756): (vlog-2583) [SVCHK] - Extra checking for conflicts with always_comb and always_latch variables is done at vopt time.
# ** Warning: ../../Design/cache.sv(757): (vlog-2583) [SVCHK] - Extra checking for conflicts with always_comb and always_latch variables is done at vopt time.
# ** Warning: ../../Design/cache.sv(759): (vlog-2583) [SVCHK] - Extra checking for conflicts with always_comb and always_latch variables is done at vopt time.
# ** Warning: ../../Design/cache.sv(760): (vlog-2583) [SVCHK] - Extra checking for conflicts with always_comb and always_latch variables is done at vopt time.
# ** Warning: ../../Design/cache.sv(761): (vlog-2583) [SVCHK] - Extra checking for conflicts with always_comb and always_latch variables is done at vopt time.
# ** Warning: ../../Design/cache.sv(762): (vlog-2583) [SVCHK] - Extra checking for conflicts with always_comb and always_latch variables is done at vopt time.
# ** Warning: ../../Design/cache.sv(763): (vlog-2583) [SVCHK] - Extra checking for conflicts with always_comb and always_latch variables is done at vopt time.
# ** Warning: ../../Design/cache.sv(764): (vlog-2583) [SVCHK] - Extra checking for conflicts with always_comb and always_latch variables is done at vopt time.
# ** Warning: ../../Design/cache.sv(765): (vlog-2583) [SVCHK] - Extra checking for conflicts with always_comb and always_latch variables is done at vopt time.
# ** Warning: ../../Design/cache.sv(766): (vlog-2583) [SVCHK] - Extra checking for conflicts with always_comb and always_latch variables is done at vopt time.
# ** Warning: ../../Design/cache.sv(767): (vlog-2583) [SVCHK] - Extra checking for conflicts with always_comb and always_latch variables is done at vopt time.
# ** Warning: ../../Design/cache.sv(769): (vlog-2583) [SVCHK] - Extra checking for conflicts with always_comb and always_latch variables is done at vopt time.
# ** Warning: ../../Design/cache.sv(770): (vlog-2583) [SVCHK] - Extra checking for conflicts with always_comb and always_latch variables is done at vopt time.
# ** Warning: ../../Design/cache.sv(773): (vlog-2583) [SVCHK] - Extra checking for conflicts with always_comb and always_latch variables is done at vopt time.
# ** Warning: ../../Design/cache.sv(774): (vlog-2583) [SVCHK] - Extra checking for conflicts with always_comb and always_latch variables is done at vopt time.
# ** Warning: ../../Design/cache.sv(778): (vlog-2583) [SVCHK] - Extra checking for conflicts with always_comb and always_latch variables is done at vopt time.
# ** Warning: ../../Design/cache.sv(779): (vlog-2583) [SVCHK] - Extra checking for conflicts with always_comb and always_latch variables is done at vopt time.
# ** Warning: ../../Design/cache.sv(788): (vlog-2583) [SVCHK] - Extra checking for conflicts with always_comb and always_latch variables is done at vopt time.
# ** Warning: ../../Design/cache.sv(789): (vlog-2583) [SVCHK] - Extra checking for conflicts with always_comb and always_latch variables is done at vopt time.
# ** Warning: ../../Design/cache.sv(790): (vlog-2583) [SVCHK] - Extra checking for conflicts with always_comb and always_latch variables is done at vopt time.
# ** Warning: ../../Design/cache.sv(791): (vlog-2583) [SVCHK] - Extra checking for conflicts with always_comb and always_latch variables is done at vopt time.
# ** Warning: ../../Design/cache.sv(792): (vlog-2583) [SVCHK] - Extra checking for conflicts with always_comb and always_latch variables is done at vopt time.
# ** Warning: ../../Design/cache.sv(793): (vlog-2583) [SVCHK] - Extra checking for conflicts with always_comb and always_latch variables is done at vopt time.
# ** Warning: ../../Design/cache.sv(794): (vlog-2583) [SVCHK] - Extra checking for conflicts with always_comb and always_latch variables is done at vopt time.
# ** Warning: ../../Design/cache.sv(795): (vlog-2583) [SVCHK] - Extra checking for conflicts with always_comb and always_latch variables is done at vopt time.
# ** Warning: ../../Design/cache.sv(799): (vlog-2583) [SVCHK] - Extra checking for conflicts with always_comb and always_latch variables is done at vopt time.
# ** Warning: ../../Design/cache.sv(800): (vlog-2583) [SVCHK] - Extra checking for conflicts with always_comb and always_latch variables is done at vopt time.
# ** Warning: ../../Design/cache.sv(801): (vlog-2583) [SVCHK] - Extra checking for conflicts with always_comb and always_latch variables is done at vopt time.
# ** Warning: ../../Design/cache.sv(802): (vlog-2583) [SVCHK] - Extra checking for conflicts with always_comb and always_latch variables is done at vopt time.
# ** Warning: ../../Design/cache.sv(803): (vlog-2583) [SVCHK] - Extra checking for conflicts with always_comb and always_latch variables is done at vopt time.
# ** Warning: ../../Design/cache.sv(804): (vlog-2583) [SVCHK] - Extra checking for conflicts with always_comb and always_latch variables is done at vopt time.
# ** Warning: ../../Design/cache.sv(805): (vlog-2583) [SVCHK] - Extra checking for conflicts with always_comb and always_latch variables is done at vopt time.
# ** Warning: ../../Design/cache.sv(806): (vlog-2583) [SVCHK] - Extra checking for conflicts with always_comb and always_latch variables is done at vopt time.
# ** Warning: ../../Design/cache.sv(807): (vlog-2583) [SVCHK] - Extra checking for conflicts with always_comb and always_latch variables is done at vopt time.
# ** Warning: ../../Design/cache.sv(814): (vlog-2583) [SVCHK] - Extra checking for conflicts with always_comb and always_latch variables is done at vopt time.
# ** Warning: ../../Design/cache.sv(815): (vlog-2583) [SVCHK] - Extra checking for conflicts with always_comb and always_latch variables is done at vopt time.
# ** Warning: ../../Design/cache.sv(816): (vlog-2583) [SVCHK] - Extra checking for conflicts with always_comb and always_latch variables is done at vopt time.
# ** Warning: ../../Design/cache.sv(819): (vlog-2583) [SVCHK] - Extra checking for conflicts with always_comb and always_latch variables is done at vopt time.
# ** Warning: ../../Design/cache.sv(820): (vlog-2583) [SVCHK] - Extra checking for conflicts with always_comb and always_latch variables is done at vopt time.
# ** Warning: ../../Design/cache.sv(821): (vlog-2583) [SVCHK] - Extra checking for conflicts with always_comb and always_latch variables is done at vopt time.
# ** Warning: ../../Design/cache.sv(822): (vlog-2583) [SVCHK] - Extra checking for conflicts with always_comb and always_latch variables is done at vopt time.
# ** Warning: ../../Design/cache.sv(823): (vlog-2583) [SVCHK] - Extra checking for conflicts with always_comb and always_latch variables is done at vopt time.
# ** Warning: ../../Design/cache.sv(827): (vlog-2583) [SVCHK] - Extra checking for conflicts with always_comb and always_latch variables is done at vopt time.
# ** Warning: ../../Design/cache.sv(828): (vlog-2583) [SVCHK] - Extra checking for conflicts with always_comb and always_latch variables is done at vopt time.
# ** Warning: ../../Design/cache.sv(829): (vlog-2583) [SVCHK] - Extra checking for conflicts with always_comb and always_latch variables is done at vopt time.
# ** Warning: ../../Design/cache.sv(830): (vlog-2583) [SVCHK] - Extra checking for conflicts with always_comb and always_latch variables is done at vopt time.
# ** Warning: ../../Design/cache.sv(831): (vlog-2583) [SVCHK] - Extra checking for conflicts with always_comb and always_latch variables is done at vopt time.
# ** Warning: ../../Design/cache.sv(832): (vlog-2583) [SVCHK] - Extra checking for conflicts with always_comb and always_latch variables is done at vopt time.
# ** Warning: ../../Design/cache.sv(833): (vlog-2583) [SVCHK] - Extra checking for conflicts with always_comb and always_latch variables is done at vopt time.
# ** Warning: ../../Design/cache.sv(834): (vlog-2583) [SVCHK] - Extra checking for conflicts with always_comb and always_latch variables is done at vopt time.
# ** Warning: ../../Design/cache.sv(835): (vlog-2583) [SVCHK] - Extra checking for conflicts with always_comb and always_latch variables is done at vopt time.
# ** Warning: ../../Design/cache.sv(845): (vlog-2583) [SVCHK] - Extra checking for conflicts with always_comb and always_latch variables is done at vopt time.
# ** Warning: ../../Design/cache.sv(846): (vlog-2583) [SVCHK] - Extra checking for conflicts with always_comb and always_latch variables is done at vopt time.
# ** Warning: ../../Design/cache.sv(847): (vlog-2583) [SVCHK] - Extra checking for conflicts with always_comb and always_latch variables is done at vopt time.
# ** Warning: ../../Design/cache.sv(848): (vlog-2583) [SVCHK] - Extra checking for conflicts with always_comb and always_latch variables is done at vopt time.
# ** Warning: ../../Design/cache.sv(849): (vlog-2583) [SVCHK] - Extra checking for conflicts with always_comb and always_latch variables is done at vopt time.
# ** Warning: ../../Design/cache.sv(850): (vlog-2583) [SVCHK] - Extra checking for conflicts with always_comb and always_latch variables is done at vopt time.
# ** Warning: ../../Design/cache.sv(851): (vlog-2583) [SVCHK] - Extra checking for conflicts with always_comb and always_latch variables is done at vopt time.
# ** Warning: ../../Design/cache.sv(852): (vlog-2583) [SVCHK] - Extra checking for conflicts with always_comb and always_latch variables is done at vopt time.
# ** Warning: ../../Design/cache.sv(853): (vlog-2583) [SVCHK] - Extra checking for conflicts with always_comb and always_latch variables is done at vopt time.
# ** Warning: ../../Design/cache.sv(854): (vlog-2583) [SVCHK] - Extra checking for conflicts with always_comb and always_latch variables is done at vopt time.
# ** Warning: ../../Design/cache.sv(857): (vlog-2583) [SVCHK] - Extra checking for conflicts with always_comb and always_latch variables is done at vopt time.
# ** Warning: ../../Design/cache.sv(861): (vlog-2583) [SVCHK] - Extra checking for conflicts with always_comb and always_latch variables is done at vopt time.
# ** Warning: ../../Design/cache.sv(872): (vlog-2583) [SVCHK] - Extra checking for conflicts with always_comb and always_latch variables is done at vopt time.
# ** Warning: ../../Design/cache.sv(873): (vlog-2583) [SVCHK] - Extra checking for conflicts with always_comb and always_latch variables is done at vopt time.
# ** Warning: ../../Design/cache.sv(874): (vlog-2583) [SVCHK] - Extra checking for conflicts with always_comb and always_latch variables is done at vopt time.
# ** Warning: ../../Design/cache.sv(875): (vlog-2583) [SVCHK] - Extra checking for conflicts with always_comb and always_latch variables is done at vopt time.
# ** Warning: ../../Design/cache.sv(876): (vlog-2583) [SVCHK] - Extra checking for conflicts with always_comb and always_latch variables is done at vopt time.
# ** Warning: ../../Design/cache.sv(880): (vlog-2583) [SVCHK] - Extra checking for conflicts with always_comb and always_latch variables is done at vopt time.
# ** Warning: ../../Design/cache.sv(881): (vlog-2583) [SVCHK] - Extra checking for conflicts with always_comb and always_latch variables is done at vopt time.
# ** Warning: ../../Design/cache.sv(882): (vlog-2583) [SVCHK] - Extra checking for conflicts with always_comb and always_latch variables is done at vopt time.
# ** Warning: ../../Design/cache.sv(883): (vlog-2583) [SVCHK] - Extra checking for conflicts with always_comb and always_latch variables is done at vopt time.
# ** Warning: ../../Design/cache.sv(886): (vlog-2583) [SVCHK] - Extra checking for conflicts with always_comb and always_latch variables is done at vopt time.
# ** Warning: ../../Design/cache.sv(890): (vlog-2583) [SVCHK] - Extra checking for conflicts with always_comb and always_latch variables is done at vopt time.
# ** Warning: ../../Design/cache.sv(898): (vlog-2583) [SVCHK] - Extra checking for conflicts with always_comb and always_latch variables is done at vopt time.
# ** Warning: ../../Design/cache.sv(901): (vlog-2583) [SVCHK] - Extra checking for conflicts with always_comb and always_latch variables is done at vopt time.
# ** Warning: ../../Design/cache.sv(902): (vlog-2583) [SVCHK] - Extra checking for conflicts with always_comb and always_latch variables is done at vopt time.
# ** Warning: ../../Design/cache.sv(905): (vlog-2583) [SVCHK] - Extra checking for conflicts with always_comb and always_latch variables is done at vopt time.
# ** Warning: ../../Design/cache.sv(906): (vlog-2583) [SVCHK] - Extra checking for conflicts with always_comb and always_latch variables is done at vopt time.
# ** Warning: ../../Design/cache.sv(907): (vlog-2583) [SVCHK] - Extra checking for conflicts with always_comb and always_latch variables is done at vopt time.
# ** Warning: ../../Design/cache.sv(908): (vlog-2583) [SVCHK] - Extra checking for conflicts with always_comb and always_latch variables is done at vopt time.
# ** Warning: ../../Design/cache.sv(909): (vlog-2583) [SVCHK] - Extra checking for conflicts with always_comb and always_latch variables is done at vopt time.
# ** Warning: ../../Design/cache.sv(910): (vlog-2583) [SVCHK] - Extra checking for conflicts with always_comb and always_latch variables is done at vopt time.
# ** Warning: ../../Design/cache.sv(911): (vlog-2583) [SVCHK] - Extra checking for conflicts with always_comb and always_latch variables is done at vopt time.
# ** Warning: ../../Design/cache.sv(912): (vlog-2583) [SVCHK] - Extra checking for conflicts with always_comb and always_latch variables is done at vopt time.
# ** Warning: ../../Design/cache.sv(913): (vlog-2583) [SVCHK] - Extra checking for conflicts with always_comb and always_latch variables is done at vopt time.
# ** Warning: ../../Design/cache.sv(916): (vlog-2583) [SVCHK] - Extra checking for conflicts with always_comb and always_latch variables is done at vopt time.
# ** Warning: ../../Design/cache.sv(920): (vlog-2583) [SVCHK] - Extra checking for conflicts with always_comb and always_latch variables is done at vopt time.
# ** Warning: ../../Design/cache.sv(926): (vlog-2583) [SVCHK] - Extra checking for conflicts with always_comb and always_latch variables is done at vopt time.
# ** Warning: ../../Design/cache.sv(927): (vlog-2583) [SVCHK] - Extra checking for conflicts with always_comb and always_latch variables is done at vopt time.
# ** Warning: ../../Design/cache.sv(936): (vlog-2583) [SVCHK] - Extra checking for conflicts with always_comb and always_latch variables is done at vopt time.
# ** Warning: ../../Design/cache.sv(937): (vlog-2583) [SVCHK] - Extra checking for conflicts with always_comb and always_latch variables is done at vopt time.
# ** Warning: ../../Design/cache.sv(938): (vlog-2583) [SVCHK] - Extra checking for conflicts with always_comb and always_latch variables is done at vopt time.
# ** Warning: ../../Design/cache.sv(939): (vlog-2583) [SVCHK] - Extra checking for conflicts with always_comb and always_latch variables is done at vopt time.
# ** Warning: ../../Design/cache.sv(940): (vlog-2583) [SVCHK] - Extra checking for conflicts with always_comb and always_latch variables is done at vopt time.
# ** Warning: ../../Design/cache.sv(941): (vlog-2583) [SVCHK] - Extra checking for conflicts with always_comb and always_latch variables is done at vopt time.
# ** Warning: ../../Design/cache.sv(942): (vlog-2583) [SVCHK] - Extra checking for conflicts with always_comb and always_latch variables is done at vopt time.
# ** Warning: ../../Design/cache.sv(943): (vlog-2583) [SVCHK] - Extra checking for conflicts with always_comb and always_latch variables is done at vopt time.
# ** Warning: ../../Design/cache.sv(944): (vlog-2583) [SVCHK] - Extra checking for conflicts with always_comb and always_latch variables is done at vopt time.
# ** Warning: ../../Design/cache.sv(945): (vlog-2583) [SVCHK] - Extra checking for conflicts with always_comb and always_latch variables is done at vopt time.
# ** Warning: ../../Design/cache.sv(946): (vlog-2583) [SVCHK] - Extra checking for conflicts with always_comb and always_latch variables is done at vopt time.
# ** Warning: ../../Design/cache.sv(958): (vlog-2583) [SVCHK] - Extra checking for conflicts with always_comb and always_latch variables is done at vopt time.
# ** Warning: ../../Design/cache.sv(962): (vlog-2583) [SVCHK] - Extra checking for conflicts with always_comb and always_latch variables is done at vopt time.
# ** Warning: ../../Design/cache.sv(967): (vlog-2583) [SVCHK] - Extra checking for conflicts with always_comb and always_latch variables is done at vopt time.
# ** Warning: ../../Design/cache.sv(971): (vlog-2583) [SVCHK] - Extra checking for conflicts with always_comb and always_latch variables is done at vopt time.
# ** Warning: ../../Design/cache.sv(973): (vlog-2583) [SVCHK] - Extra checking for conflicts with always_comb and always_latch variables is done at vopt time.
# ** Warning: ../../Design/cache.sv(980): (vlog-2583) [SVCHK] - Extra checking for conflicts with always_comb and always_latch variables is done at vopt time.
# ** Warning: ../../Design/cache.sv(981): (vlog-2583) [SVCHK] - Extra checking for conflicts with always_comb and always_latch variables is done at vopt time.
# ** Warning: ../../Design/cache.sv(985): (vlog-2583) [SVCHK] - Extra checking for conflicts with always_comb and always_latch variables is done at vopt time.
# ** Warning: ../../Design/cache.sv(987): (vlog-2583) [SVCHK] - Extra checking for conflicts with always_comb and always_latch variables is done at vopt time.
# ** Warning: ../../Design/cache.sv(988): (vlog-2583) [SVCHK] - Extra checking for conflicts with always_comb and always_latch variables is done at vopt time.
# ** Warning: ../../Design/cache.sv(990): (vlog-2583) [SVCHK] - Extra checking for conflicts with always_comb and always_latch variables is done at vopt time.
# ** Warning: ../../Design/cache.sv(991): (vlog-2583) [SVCHK] - Extra checking for conflicts with always_comb and always_latch variables is done at vopt time.
# ** Warning: ../../Design/cache.sv(1001): (vlog-2583) [SVCHK] - Extra checking for conflicts with always_comb and always_latch variables is done at vopt time.
# ** Warning: ../../Design/cache.sv(1005): (vlog-2583) [SVCHK] - Extra checking for conflicts with always_comb and always_latch variables is done at vopt time.
# ** Warning: ../../Design/cache.sv(1010): (vlog-2583) [SVCHK] - Extra checking for conflicts with always_comb and always_latch variables is done at vopt time.
# ** Warning: ../../Design/cache.sv(1014): (vlog-2583) [SVCHK] - Extra checking for conflicts with always_comb and always_latch variables is done at vopt time.
# ** Warning: ../../Design/cache.sv(1016): (vlog-2583) [SVCHK] - Extra checking for conflicts with always_comb and always_latch variables is done at vopt time.
# ** Warning: ../../Design/cache.sv(1024): (vlog-2583) [SVCHK] - Extra checking for conflicts with always_comb and always_latch variables is done at vopt time.
# ** Warning: ../../Design/cache.sv(1025): (vlog-2583) [SVCHK] - Extra checking for conflicts with always_comb and always_latch variables is done at vopt time.
# ** Warning: ../../Design/cache.sv(1029): (vlog-2583) [SVCHK] - Extra checking for conflicts with always_comb and always_latch variables is done at vopt time.
# ** Warning: ../../Design/cache.sv(1031): (vlog-2583) [SVCHK] - Extra checking for conflicts with always_comb and always_latch variables is done at vopt time.
# ** Warning: ../../Design/cache.sv(1032): (vlog-2583) [SVCHK] - Extra checking for conflicts with always_comb and always_latch variables is done at vopt time.
# ** Warning: ../../Design/cache.sv(1034): (vlog-2583) [SVCHK] - Extra checking for conflicts with always_comb and always_latch variables is done at vopt time.
# ** Warning: ../../Design/cache.sv(1035): (vlog-2583) [SVCHK] - Extra checking for conflicts with always_comb and always_latch variables is done at vopt time.
# ** Warning: ../../Design/cache.sv(1036): (vlog-2583) [SVCHK] - Extra checking for conflicts with always_comb and always_latch variables is done at vopt time.
# ** Warning: ../../Design/cache.sv(1037): (vlog-2583) [SVCHK] - Extra checking for conflicts with always_comb and always_latch variables is done at vopt time.
# ** Warning: ../../Design/cache.sv(1038): (vlog-2583) [SVCHK] - Extra checking for conflicts with always_comb and always_latch variables is done at vopt time.
# ** Warning: ../../Design/cache.sv(1039): (vlog-2583) [SVCHK] - Extra checking for conflicts with always_comb and always_latch variables is done at vopt time.
# ** Warning: ../../Design/cache.sv(1040): (vlog-2583) [SVCHK] - Extra checking for conflicts with always_comb and always_latch variables is done at vopt time.
# ** Warning: ../../Design/cache.sv(1041): (vlog-2583) [SVCHK] - Extra checking for conflicts with always_comb and always_latch variables is done at vopt time.
# ** Warning: ../../Design/cache.sv(1044): (vlog-2583) [SVCHK] - Extra checking for conflicts with always_comb and always_latch variables is done at vopt time.
# 
# Top level modules:
# 	cache
# Compiling CSR modules...
# QuestaSim vlog 2021.2_1 Compiler 2021.05 May 15 2021
# -- Compiling package csr_file_sv_unit
# -- Importing package shared_pkg
# -- Compiling module csr_file
# 
# Top level modules:
# 	csr_file
# Compiling FPU modules...
# QuestaSim vlog 2021.2_1 Compiler 2021.05 May 15 2021
# -- Compiling package risc_fpu_sv_unit
# -- Importing package shared_pkg
# -- Compiling module risc_fpu
# 
# Top level modules:
# 	risc_fpu
# QuestaSim vlog 2021.2_1 Compiler 2021.05 May 15 2021
# -- Compiling package flp_add_sub_sv_unit
# -- Importing package shared_pkg
# -- Compiling module flp_add_sub
# 
# Top level modules:
# 	flp_add_sub
# QuestaSim vlog 2021.2_1 Compiler 2021.05 May 15 2021
# -- Compiling package flp_mul_sv_unit
# -- Importing package shared_pkg
# -- Compiling module flp_mul
# -- Compiling module booth_multiplier_seq
# 
# Top level modules:
# 	flp_mul
# QuestaSim vlog 2021.2_1 Compiler 2021.05 May 15 2021
# -- Compiling package flp_div_sv_unit
# -- Importing package shared_pkg
# -- Compiling module flp_div
# -- Compiling module non_restoring_divider_seq
# 
# Top level modules:
# 	flp_div
# QuestaSim vlog 2021.2_1 Compiler 2021.05 May 15 2021
# -- Compiling package flp_sqrt_sv_unit
# -- Importing package shared_pkg
# -- Compiling module flp_sqrt
# 
# Top level modules:
# 	flp_sqrt
# Compiling multiplexers and utilities...
# QuestaSim vlog 2021.2_1 Compiler 2021.05 May 15 2021
# -- Compiling module risc_mux2
# 
# Top level modules:
# 	risc_mux2
# QuestaSim vlog 2021.2_1 Compiler 2021.05 May 15 2021
# -- Compiling module risc_mux3
# 
# Top level modules:
# 	risc_mux3
# QuestaSim vlog 2021.2_1 Compiler 2021.05 May 15 2021
# -- Compiling module risc_mux4
# 
# Top level modules:
# 	risc_mux4
# QuestaSim vlog 2021.2_1 Compiler 2021.05 May 15 2021
# -- Compiling module pc_adder
# 
# Top level modules:
# 	pc_adder
# Compiling hazard unit...
# QuestaSim vlog 2021.2_1 Compiler 2021.05 May 15 2021
# -- Compiling package hazard_unit_sv_unit
# -- Importing package shared_pkg
# -- Compiling module hazard_unit
# 
# Top level modules:
# 	hazard_unit
# Compiling top-level processor...
# QuestaSim vlog 2021.2_1 Compiler 2021.05 May 15 2021
# -- Compiling package riscv_processor_sv_unit
# -- Importing package shared_pkg
# -- Compiling module riscv_processor
# 
# Top level modules:
# 	riscv_processor
# Compiling Fetch verification...
# QuestaSim vlog 2021.2_1 Compiler 2021.05 May 15 2021
# -- Compiling package fetch_item_pkg
# -- Importing package mtiUvm.uvm_pkg (uvm-1.1d Built-in)
# ** Note: (vlog-2286) ../../Verification/Fetch/fetch_item_pkg.sv(9): Using implicit +incdir+/opt/questasim/questasim/uvm-1.1d/../verilog_src/uvm-1.1d/src from import uvm_pkg
# -- Importing package shared_pkg
# ** Warning: ../../Verification/Fetch/fetch_item_pkg.sv(55): (vlog-2643) Unterminated string literal continues onto next line.
# 
# Top level modules:
# 	--none--
# QuestaSim vlog 2021.2_1 Compiler 2021.05 May 15 2021
# -- Compiling package fetch_config_pkg
# -- Importing package mtiUvm.uvm_pkg (uvm-1.1d Built-in)
# ** Note: (vlog-2286) ../../Verification/Fetch/fetch_config_pkg.sv(9): Using implicit +incdir+/opt/questasim/questasim/uvm-1.1d/../verilog_src/uvm-1.1d/src from import uvm_pkg
# 
# Top level modules:
# 	--none--
# QuestaSim vlog 2021.2_1 Compiler 2021.05 May 15 2021
# -- Compiling package fetch_driver_pkg
# -- Importing package mtiUvm.uvm_pkg (uvm-1.1d Built-in)
# ** Note: (vlog-2286) ../../Verification/Fetch/fetch_driver_pkg.sv(9): Using implicit +incdir+/opt/questasim/questasim/uvm-1.1d/../verilog_src/uvm-1.1d/src from import uvm_pkg
# -- Importing package fetch_item_pkg
# -- Importing package shared_pkg
# 
# Top level modules:
# 	--none--
# QuestaSim vlog 2021.2_1 Compiler 2021.05 May 15 2021
# -- Compiling package fetch_monitor_pkg
# -- Importing package mtiUvm.uvm_pkg (uvm-1.1d Built-in)
# ** Note: (vlog-2286) ../../Verification/Fetch/fetch_monitor_pkg.sv(9): Using implicit +incdir+/opt/questasim/questasim/uvm-1.1d/../verilog_src/uvm-1.1d/src from import uvm_pkg
# -- Importing package fetch_item_pkg
# -- Importing package shared_pkg
# 
# Top level modules:
# 	--none--
# QuestaSim vlog 2021.2_1 Compiler 2021.05 May 15 2021
# -- Compiling package fetch_seq_pkg
# -- Importing package mtiUvm.uvm_pkg (uvm-1.1d Built-in)
# ** Note: (vlog-2286) ../../Verification/Fetch/fetch_seq_pkg.sv(9): Using implicit +incdir+/opt/questasim/questasim/uvm-1.1d/../verilog_src/uvm-1.1d/src from import uvm_pkg
# -- Importing package shared_pkg
# -- Importing package fetch_item_pkg
# 
# Top level modules:
# 	--none--
# QuestaSim vlog 2021.2_1 Compiler 2021.05 May 15 2021
# -- Compiling package fetch_agent_pkg
# -- Importing package mtiUvm.uvm_pkg (uvm-1.1d Built-in)
# ** Note: (vlog-2286) ../../Verification/Fetch/fetch_agent_pkg.sv(9): Using implicit +incdir+/opt/questasim/questasim/uvm-1.1d/../verilog_src/uvm-1.1d/src from import uvm_pkg
# -- Importing package fetch_driver_pkg
# -- Importing package fetch_item_pkg
# -- Importing package shared_pkg
# -- Importing package fetch_monitor_pkg
# -- Importing package fetch_config_pkg
# 
# Top level modules:
# 	--none--
# QuestaSim vlog 2021.2_1 Compiler 2021.05 May 15 2021
# -- Compiling package fetch_scoreboard_pkg
# -- Importing package mtiUvm.uvm_pkg (uvm-1.1d Built-in)
# ** Note: (vlog-2286) ../../Verification/Fetch/fetch_scoreboard_pkg.sv(17): Using implicit +incdir+/opt/questasim/questasim/uvm-1.1d/../verilog_src/uvm-1.1d/src from import uvm_pkg
# -- Importing package shared_pkg
# -- Importing package fetch_item_pkg
# 
# Top level modules:
# 	--none--
# QuestaSim vlog 2021.2_1 Compiler 2021.05 May 15 2021
# -- Compiling package fetch_subscriber_pkg
# -- Importing package mtiUvm.uvm_pkg (uvm-1.1d Built-in)
# ** Note: (vlog-2286) ../../Verification/Fetch/fetch_subscriber_pkg.sv(9): Using implicit +incdir+/opt/questasim/questasim/uvm-1.1d/../verilog_src/uvm-1.1d/src from import uvm_pkg
# -- Importing package fetch_item_pkg
# -- Importing package shared_pkg
# 
# Top level modules:
# 	--none--
# QuestaSim vlog 2021.2_1 Compiler 2021.05 May 15 2021
# -- Compiling package fetch_predictor_pkg
# -- Importing package mtiUvm.uvm_pkg (uvm-1.1d Built-in)
# ** Note: (vlog-2286) ../../Verification/Fetch/fetch_predictor_pkg.sv(22): Using implicit +incdir+/opt/questasim/questasim/uvm-1.1d/../verilog_src/uvm-1.1d/src from import uvm_pkg
# -- Importing package shared_pkg
# -- Importing package fetch_item_pkg
# 
# Top level modules:
# 	--none--
# QuestaSim vlog 2021.2_1 Compiler 2021.05 May 15 2021
# -- Compiling package fetch_env_pkg
# -- Importing package mtiUvm.uvm_pkg (uvm-1.1d Built-in)
# ** Note: (vlog-2286) ../../Verification/Fetch/fetch_env_pkg.sv(10): Using implicit +incdir+/opt/questasim/questasim/uvm-1.1d/../verilog_src/uvm-1.1d/src from import uvm_pkg
# -- Importing package fetch_agent_pkg
# -- Importing package fetch_driver_pkg
# -- Importing package fetch_item_pkg
# -- Importing package shared_pkg
# -- Importing package fetch_monitor_pkg
# -- Importing package fetch_config_pkg
# -- Importing package fetch_scoreboard_pkg
# -- Importing package fetch_subscriber_pkg
# -- Importing package fetch_predictor_pkg
# 
# Top level modules:
# 	--none--
# QuestaSim vlog 2021.2_1 Compiler 2021.05 May 15 2021
# -- Compiling package fetch_test_pkg
# -- Importing package mtiUvm.uvm_pkg (uvm-1.1d Built-in)
# ** Note: (vlog-2286) ../../Verification/Fetch/fetch_test_pkg.sv(8): Using implicit +incdir+/opt/questasim/questasim/uvm-1.1d/../verilog_src/uvm-1.1d/src from import uvm_pkg
# -- Importing package fetch_env_pkg
# -- Importing package fetch_agent_pkg
# -- Importing package fetch_driver_pkg
# -- Importing package fetch_item_pkg
# -- Importing package shared_pkg
# -- Importing package fetch_monitor_pkg
# -- Importing package fetch_config_pkg
# -- Importing package fetch_scoreboard_pkg
# -- Importing package fetch_subscriber_pkg
# -- Importing package fetch_predictor_pkg
# -- Importing package fetch_seq_pkg
# 
# Top level modules:
# 	--none--
# QuestaSim vlog 2021.2_1 Compiler 2021.05 May 15 2021
# -- Compiling package fetch_interface_sv_unit
# -- Importing package shared_pkg
# -- Importing package fetch_item_pkg
# -- Importing package mtiUvm.uvm_pkg (uvm-1.1d Built-in)
# -- Compiling interface fetch_interface
# 
# Top level modules:
# 	--none--
# QuestaSim vlog 2021.2_1 Compiler 2021.05 May 15 2021
# -- Compiling module fetch_top
# -- Importing package mtiUvm.uvm_pkg (uvm-1.1d Built-in)
# ** Note: (vlog-2286) ../../Verification/Fetch/fetch_top.sv(9): Using implicit +incdir+/opt/questasim/questasim/uvm-1.1d/../verilog_src/uvm-1.1d/src from import uvm_pkg
# -- Importing package shared_pkg
# -- Importing package fetch_test_pkg
# -- Importing package fetch_env_pkg
# -- Importing package fetch_agent_pkg
# -- Importing package fetch_driver_pkg
# -- Importing package fetch_item_pkg
# -- Importing package fetch_monitor_pkg
# -- Importing package fetch_config_pkg
# -- Importing package fetch_scoreboard_pkg
# -- Importing package fetch_subscriber_pkg
# -- Importing package fetch_predictor_pkg
# -- Importing package fetch_seq_pkg
# 
# Top level modules:
# 	fetch_top
# Compiling Decode verification...
# QuestaSim vlog 2021.2_1 Compiler 2021.05 May 15 2021
# -- Compiling package decode_item_pkg
# -- Importing package mtiUvm.uvm_pkg (uvm-1.1d Built-in)
# ** Note: (vlog-2286) ../../Verification/Decode/decode_item_pkg.sv(9): Using implicit +incdir+/opt/questasim/questasim/uvm-1.1d/../verilog_src/uvm-1.1d/src from import uvm_pkg
# -- Importing package shared_pkg
# ** Warning: ../../Verification/Decode/decode_item_pkg.sv(211): (vlog-2643) Unterminated string literal continues onto next line.
# 
# Top level modules:
# 	--none--
# QuestaSim vlog 2021.2_1 Compiler 2021.05 May 15 2021
# -- Compiling package decode_config_pkg
# -- Importing package mtiUvm.uvm_pkg (uvm-1.1d Built-in)
# ** Note: (vlog-2286) ../../Verification/Decode/decode_config_pkg.sv(4): Using implicit +incdir+/opt/questasim/questasim/uvm-1.1d/../verilog_src/uvm-1.1d/src from import uvm_pkg
# 
# Top level modules:
# 	--none--
# QuestaSim vlog 2021.2_1 Compiler 2021.05 May 15 2021
# -- Compiling package decode_driver_pkg
# -- Importing package mtiUvm.uvm_pkg (uvm-1.1d Built-in)
# ** Note: (vlog-2286) ../../Verification/Decode/decode_driver_pkg.sv(4): Using implicit +incdir+/opt/questasim/questasim/uvm-1.1d/../verilog_src/uvm-1.1d/src from import uvm_pkg
# -- Importing package decode_item_pkg
# -- Importing package shared_pkg
# 
# Top level modules:
# 	--none--
# QuestaSim vlog 2021.2_1 Compiler 2021.05 May 15 2021
# -- Compiling package decode_monitor_pkg
# -- Importing package mtiUvm.uvm_pkg (uvm-1.1d Built-in)
# ** Note: (vlog-2286) ../../Verification/Decode/decode_monitor_pkg.sv(4): Using implicit +incdir+/opt/questasim/questasim/uvm-1.1d/../verilog_src/uvm-1.1d/src from import uvm_pkg
# -- Importing package decode_item_pkg
# -- Importing package shared_pkg
# 
# Top level modules:
# 	--none--
# QuestaSim vlog 2021.2_1 Compiler 2021.05 May 15 2021
# -- Compiling package decode_seq_pkg
# -- Importing package mtiUvm.uvm_pkg (uvm-1.1d Built-in)
# ** Note: (vlog-2286) ../../Verification/Decode/decode_seq_pkg.sv(4): Using implicit +incdir+/opt/questasim/questasim/uvm-1.1d/../verilog_src/uvm-1.1d/src from import uvm_pkg
# -- Importing package shared_pkg
# -- Importing package decode_item_pkg
# 
# Top level modules:
# 	--none--
# QuestaSim vlog 2021.2_1 Compiler 2021.05 May 15 2021
# -- Compiling package decode_agent_pkg
# -- Importing package mtiUvm.uvm_pkg (uvm-1.1d Built-in)
# ** Note: (vlog-2286) ../../Verification/Decode/decode_agent_pkg.sv(4): Using implicit +incdir+/opt/questasim/questasim/uvm-1.1d/../verilog_src/uvm-1.1d/src from import uvm_pkg
# -- Importing package decode_driver_pkg
# -- Importing package decode_item_pkg
# -- Importing package shared_pkg
# -- Importing package decode_monitor_pkg
# -- Importing package decode_config_pkg
# 
# Top level modules:
# 	--none--
# QuestaSim vlog 2021.2_1 Compiler 2021.05 May 15 2021
# -- Compiling package decode_scoreboard_pkg
# -- Importing package mtiUvm.uvm_pkg (uvm-1.1d Built-in)
# ** Note: (vlog-2286) ../../Verification/Decode/decode_scoreboard_pkg.sv(11): Using implicit +incdir+/opt/questasim/questasim/uvm-1.1d/../verilog_src/uvm-1.1d/src from import uvm_pkg
# -- Importing package shared_pkg
# -- Importing package decode_item_pkg
# 
# Top level modules:
# 	--none--
# QuestaSim vlog 2021.2_1 Compiler 2021.05 May 15 2021
# -- Compiling package decode_subscriber_pkg
# -- Importing package mtiUvm.uvm_pkg (uvm-1.1d Built-in)
# ** Note: (vlog-2286) ../../Verification/Decode/decode_subscriber_pkg.sv(4): Using implicit +incdir+/opt/questasim/questasim/uvm-1.1d/../verilog_src/uvm-1.1d/src from import uvm_pkg
# -- Importing package decode_item_pkg
# -- Importing package shared_pkg
# 
# Top level modules:
# 	--none--
# QuestaSim vlog 2021.2_1 Compiler 2021.05 May 15 2021
# -- Compiling package decode_predictor_pkg
# -- Importing package mtiUvm.uvm_pkg (uvm-1.1d Built-in)
# ** Note: (vlog-2286) ../../Verification/Decode/decode_predictor_pkg.sv(30): Using implicit +incdir+/opt/questasim/questasim/uvm-1.1d/../verilog_src/uvm-1.1d/src from import uvm_pkg
# -- Importing package shared_pkg
# -- Importing package decode_item_pkg
# 
# Top level modules:
# 	--none--
# QuestaSim vlog 2021.2_1 Compiler 2021.05 May 15 2021
# -- Compiling package decode_env_pkg
# -- Importing package mtiUvm.uvm_pkg (uvm-1.1d Built-in)
# ** Note: (vlog-2286) ../../Verification/Decode/decode_env_pkg.sv(10): Using implicit +incdir+/opt/questasim/questasim/uvm-1.1d/../verilog_src/uvm-1.1d/src from import uvm_pkg
# -- Importing package decode_agent_pkg
# -- Importing package decode_driver_pkg
# -- Importing package decode_item_pkg
# -- Importing package shared_pkg
# -- Importing package decode_monitor_pkg
# -- Importing package decode_config_pkg
# -- Importing package decode_scoreboard_pkg
# -- Importing package decode_subscriber_pkg
# -- Importing package decode_predictor_pkg
# 
# Top level modules:
# 	--none--
# QuestaSim vlog 2021.2_1 Compiler 2021.05 May 15 2021
# -- Compiling package decode_test_pkg
# -- Importing package mtiUvm.uvm_pkg (uvm-1.1d Built-in)
# ** Note: (vlog-2286) ../../Verification/Decode/decode_test_pkg.sv(3): Using implicit +incdir+/opt/questasim/questasim/uvm-1.1d/../verilog_src/uvm-1.1d/src from import uvm_pkg
# -- Importing package decode_env_pkg
# -- Importing package decode_agent_pkg
# -- Importing package decode_driver_pkg
# -- Importing package decode_item_pkg
# -- Importing package shared_pkg
# -- Importing package decode_monitor_pkg
# -- Importing package decode_config_pkg
# -- Importing package decode_scoreboard_pkg
# -- Importing package decode_subscriber_pkg
# -- Importing package decode_predictor_pkg
# -- Importing package decode_seq_pkg
# 
# Top level modules:
# 	--none--
# QuestaSim vlog 2021.2_1 Compiler 2021.05 May 15 2021
# -- Compiling package decode_interface_sv_unit
# -- Importing package shared_pkg
# -- Importing package decode_item_pkg
# -- Importing package mtiUvm.uvm_pkg (uvm-1.1d Built-in)
# -- Compiling interface decode_interface
# 
# Top level modules:
# 	--none--
# QuestaSim vlog 2021.2_1 Compiler 2021.05 May 15 2021
# -- Compiling module decode_top
# -- Importing package mtiUvm.uvm_pkg (uvm-1.1d Built-in)
# ** Note: (vlog-2286) ../../Verification/Decode/decode_top.sv(4): Using implicit +incdir+/opt/questasim/questasim/uvm-1.1d/../verilog_src/uvm-1.1d/src from import uvm_pkg
# -- Importing package shared_pkg
# -- Importing package decode_test_pkg
# -- Importing package decode_env_pkg
# -- Importing package decode_agent_pkg
# -- Importing package decode_driver_pkg
# -- Importing package decode_item_pkg
# -- Importing package decode_monitor_pkg
# -- Importing package decode_config_pkg
# -- Importing package decode_scoreboard_pkg
# -- Importing package decode_subscriber_pkg
# -- Importing package decode_predictor_pkg
# -- Importing package decode_seq_pkg
# 
# Top level modules:
# 	decode_top
# Compiling FPU verification...
# QuestaSim vlog 2021.2_1 Compiler 2021.05 May 15 2021
# -- Compiling package flp_item_pkg
# -- Importing package mtiUvm.uvm_pkg (uvm-1.1d Built-in)
# ** Note: (vlog-2286) ../../Verification/FPU/flp_item_pkg.sv(11): Using implicit +incdir+/opt/questasim/questasim/uvm-1.1d/../verilog_src/uvm-1.1d/src from import uvm_pkg
# -- Importing package shared_pkg
# ** Warning: ../../Verification/FPU/flp_item_pkg.sv(50): (vlog-2643) Unterminated string literal continues onto next line.
# 
# Top level modules:
# 	--none--
# QuestaSim vlog 2021.2_1 Compiler 2021.05 May 15 2021
# -- Compiling package flp_config_pkg
# -- Importing package mtiUvm.uvm_pkg (uvm-1.1d Built-in)
# ** Note: (vlog-2286) ../../Verification/FPU/flp_config_pkg.sv(4): Using implicit +incdir+/opt/questasim/questasim/uvm-1.1d/../verilog_src/uvm-1.1d/src from import uvm_pkg
# 
# Top level modules:
# 	--none--
# QuestaSim vlog 2021.2_1 Compiler 2021.05 May 15 2021
# -- Compiling package flp_driver_pkg
# -- Importing package mtiUvm.uvm_pkg (uvm-1.1d Built-in)
# ** Note: (vlog-2286) ../../Verification/FPU/flp_driver_pkg.sv(4): Using implicit +incdir+/opt/questasim/questasim/uvm-1.1d/../verilog_src/uvm-1.1d/src from import uvm_pkg
# -- Importing package flp_item_pkg
# -- Importing package shared_pkg
# 
# Top level modules:
# 	--none--
# QuestaSim vlog 2021.2_1 Compiler 2021.05 May 15 2021
# -- Compiling package flp_monitor_pkg
# -- Importing package mtiUvm.uvm_pkg (uvm-1.1d Built-in)
# ** Note: (vlog-2286) ../../Verification/FPU/flp_monitor_pkg.sv(4): Using implicit +incdir+/opt/questasim/questasim/uvm-1.1d/../verilog_src/uvm-1.1d/src from import uvm_pkg
# -- Importing package flp_item_pkg
# -- Importing package shared_pkg
# 
# Top level modules:
# 	--none--
# QuestaSim vlog 2021.2_1 Compiler 2021.05 May 15 2021
# -- Compiling package flp_seq_pkg
# -- Importing package mtiUvm.uvm_pkg (uvm-1.1d Built-in)
# ** Note: (vlog-2286) ../../Verification/FPU/flp_seq_pkg.sv(4): Using implicit +incdir+/opt/questasim/questasim/uvm-1.1d/../verilog_src/uvm-1.1d/src from import uvm_pkg
# -- Importing package shared_pkg
# -- Importing package flp_item_pkg
# 
# Top level modules:
# 	--none--
# QuestaSim vlog 2021.2_1 Compiler 2021.05 May 15 2021
# -- Compiling package flp_agent_pkg
# -- Importing package mtiUvm.uvm_pkg (uvm-1.1d Built-in)
# ** Note: (vlog-2286) ../../Verification/FPU/flp_agent_pkg.sv(4): Using implicit +incdir+/opt/questasim/questasim/uvm-1.1d/../verilog_src/uvm-1.1d/src from import uvm_pkg
# -- Importing package flp_driver_pkg
# -- Importing package flp_item_pkg
# -- Importing package shared_pkg
# -- Importing package flp_monitor_pkg
# -- Importing package flp_config_pkg
# 
# Top level modules:
# 	--none--
# QuestaSim vlog 2021.2_1 Compiler 2021.05 May 15 2021
# -- Compiling package flp_scoreboard_pkg
# -- Importing package mtiUvm.uvm_pkg (uvm-1.1d Built-in)
# ** Note: (vlog-2286) ../../Verification/FPU/flp_scoreboard_pkg.sv(15): Using implicit +incdir+/opt/questasim/questasim/uvm-1.1d/../verilog_src/uvm-1.1d/src from import uvm_pkg
# -- Importing package shared_pkg
# -- Importing package flp_item_pkg
# 
# Top level modules:
# 	--none--
# QuestaSim vlog 2021.2_1 Compiler 2021.05 May 15 2021
# -- Compiling package flp_subscriber_pkg
# -- Importing package mtiUvm.uvm_pkg (uvm-1.1d Built-in)
# ** Note: (vlog-2286) ../../Verification/FPU/flp_subscriber_pkg.sv(4): Using implicit +incdir+/opt/questasim/questasim/uvm-1.1d/../verilog_src/uvm-1.1d/src from import uvm_pkg
# -- Importing package flp_item_pkg
# -- Importing package shared_pkg
# 
# Top level modules:
# 	--none--
# QuestaSim vlog 2021.2_1 Compiler 2021.05 May 15 2021
# -- Compiling package flp_predictor_pkg
# -- Importing package mtiUvm.uvm_pkg (uvm-1.1d Built-in)
# ** Note: (vlog-2286) ../../Verification/FPU/flp_predictor_pkg.sv(22): Using implicit +incdir+/opt/questasim/questasim/uvm-1.1d/../verilog_src/uvm-1.1d/src from import uvm_pkg
# -- Importing package shared_pkg
# -- Importing package flp_item_pkg
# 
# Top level modules:
# 	--none--
# QuestaSim vlog 2021.2_1 Compiler 2021.05 May 15 2021
# -- Compiling package flp_env_pkg
# -- Importing package mtiUvm.uvm_pkg (uvm-1.1d Built-in)
# ** Note: (vlog-2286) ../../Verification/FPU/flp_env_pkg.sv(5): Using implicit +incdir+/opt/questasim/questasim/uvm-1.1d/../verilog_src/uvm-1.1d/src from import uvm_pkg
# -- Importing package flp_agent_pkg
# -- Importing package flp_driver_pkg
# -- Importing package flp_item_pkg
# -- Importing package shared_pkg
# -- Importing package flp_monitor_pkg
# -- Importing package flp_config_pkg
# -- Importing package flp_scoreboard_pkg
# -- Importing package flp_subscriber_pkg
# -- Importing package flp_predictor_pkg
# 
# Top level modules:
# 	--none--
# QuestaSim vlog 2021.2_1 Compiler 2021.05 May 15 2021
# -- Compiling package flp_test_pkg
# -- Importing package mtiUvm.uvm_pkg (uvm-1.1d Built-in)
# ** Note: (vlog-2286) ../../Verification/FPU/flp_test_pkg.sv(3): Using implicit +incdir+/opt/questasim/questasim/uvm-1.1d/../verilog_src/uvm-1.1d/src from import uvm_pkg
# -- Importing package flp_env_pkg
# -- Importing package flp_agent_pkg
# -- Importing package flp_driver_pkg
# -- Importing package flp_item_pkg
# -- Importing package shared_pkg
# -- Importing package flp_monitor_pkg
# -- Importing package flp_config_pkg
# -- Importing package flp_scoreboard_pkg
# -- Importing package flp_subscriber_pkg
# -- Importing package flp_predictor_pkg
# -- Importing package flp_seq_pkg
# 
# Top level modules:
# 	--none--
# QuestaSim vlog 2021.2_1 Compiler 2021.05 May 15 2021
# -- Compiling package flp_interface_sv_unit
# -- Importing package shared_pkg
# -- Importing package flp_item_pkg
# -- Importing package mtiUvm.uvm_pkg (uvm-1.1d Built-in)
# -- Compiling interface flp_interface
# 
# Top level modules:
# 	--none--
# QuestaSim vlog 2021.2_1 Compiler 2021.05 May 15 2021
# -- Compiling module flp_top
# -- Importing package mtiUvm.uvm_pkg (uvm-1.1d Built-in)
# ** Note: (vlog-2286) ../../Verification/FPU/flp_top.sv(9): Using implicit +incdir+/opt/questasim/questasim/uvm-1.1d/../verilog_src/uvm-1.1d/src from import uvm_pkg
# -- Importing package flp_test_pkg
# -- Importing package flp_env_pkg
# -- Importing package flp_agent_pkg
# -- Importing package flp_driver_pkg
# -- Importing package flp_item_pkg
# -- Importing package shared_pkg
# -- Importing package flp_monitor_pkg
# -- Importing package flp_config_pkg
# -- Importing package flp_scoreboard_pkg
# -- Importing package flp_subscriber_pkg
# -- Importing package flp_predictor_pkg
# -- Importing package flp_seq_pkg
# 
# Top level modules:
# 	flp_top
# Compiling CSR verification...
# QuestaSim vlog 2021.2_1 Compiler 2021.05 May 15 2021
# -- Compiling package csr_item_pkg
# -- Importing package mtiUvm.uvm_pkg (uvm-1.1d Built-in)
# ** Note: (vlog-2286) ../../Verification/CSR/csr_item_pkg.sv(9): Using implicit +incdir+/opt/questasim/questasim/uvm-1.1d/../verilog_src/uvm-1.1d/src from import uvm_pkg
# -- Importing package shared_pkg
# ** Warning: ../../Verification/CSR/csr_item_pkg.sv(81): (vlog-2643) Unterminated string literal continues onto next line.
# 
# Top level modules:
# 	--none--
# QuestaSim vlog 2021.2_1 Compiler 2021.05 May 15 2021
# -- Compiling package csr_config_pkg
# -- Importing package mtiUvm.uvm_pkg (uvm-1.1d Built-in)
# ** Note: (vlog-2286) ../../Verification/CSR/csr_config_pkg.sv(4): Using implicit +incdir+/opt/questasim/questasim/uvm-1.1d/../verilog_src/uvm-1.1d/src from import uvm_pkg
# 
# Top level modules:
# 	--none--
# QuestaSim vlog 2021.2_1 Compiler 2021.05 May 15 2021
# -- Compiling package csr_driver_pkg
# -- Importing package mtiUvm.uvm_pkg (uvm-1.1d Built-in)
# ** Note: (vlog-2286) ../../Verification/CSR/csr_driver_pkg.sv(4): Using implicit +incdir+/opt/questasim/questasim/uvm-1.1d/../verilog_src/uvm-1.1d/src from import uvm_pkg
# -- Importing package csr_item_pkg
# -- Importing package shared_pkg
# 
# Top level modules:
# 	--none--
# QuestaSim vlog 2021.2_1 Compiler 2021.05 May 15 2021
# -- Compiling package csr_monitor_pkg
# -- Importing package mtiUvm.uvm_pkg (uvm-1.1d Built-in)
# ** Note: (vlog-2286) ../../Verification/CSR/csr_monitor_pkg.sv(4): Using implicit +incdir+/opt/questasim/questasim/uvm-1.1d/../verilog_src/uvm-1.1d/src from import uvm_pkg
# -- Importing package csr_item_pkg
# -- Importing package shared_pkg
# 
# Top level modules:
# 	--none--
# QuestaSim vlog 2021.2_1 Compiler 2021.05 May 15 2021
# -- Compiling package csr_seq_pkg
# -- Importing package mtiUvm.uvm_pkg (uvm-1.1d Built-in)
# ** Note: (vlog-2286) ../../Verification/CSR/csr_seq_pkg.sv(4): Using implicit +incdir+/opt/questasim/questasim/uvm-1.1d/../verilog_src/uvm-1.1d/src from import uvm_pkg
# -- Importing package shared_pkg
# -- Importing package csr_item_pkg
# 
# Top level modules:
# 	--none--
# QuestaSim vlog 2021.2_1 Compiler 2021.05 May 15 2021
# -- Compiling package csr_agent_pkg
# -- Importing package mtiUvm.uvm_pkg (uvm-1.1d Built-in)
# ** Note: (vlog-2286) ../../Verification/CSR/csr_agent_pkg.sv(4): Using implicit +incdir+/opt/questasim/questasim/uvm-1.1d/../verilog_src/uvm-1.1d/src from import uvm_pkg
# -- Importing package csr_driver_pkg
# -- Importing package csr_item_pkg
# -- Importing package shared_pkg
# -- Importing package csr_monitor_pkg
# -- Importing package csr_config_pkg
# 
# Top level modules:
# 	--none--
# QuestaSim vlog 2021.2_1 Compiler 2021.05 May 15 2021
# -- Compiling package csr_scoreboard_pkg
# -- Importing package mtiUvm.uvm_pkg (uvm-1.1d Built-in)
# ** Note: (vlog-2286) ../../Verification/CSR/csr_scoreboard_pkg.sv(10): Using implicit +incdir+/opt/questasim/questasim/uvm-1.1d/../verilog_src/uvm-1.1d/src from import uvm_pkg
# -- Importing package shared_pkg
# -- Importing package csr_item_pkg
# 
# Top level modules:
# 	--none--
# QuestaSim vlog 2021.2_1 Compiler 2021.05 May 15 2021
# -- Compiling package csr_subscriber_pkg
# -- Importing package mtiUvm.uvm_pkg (uvm-1.1d Built-in)
# ** Note: (vlog-2286) ../../Verification/CSR/csr_subscriber_pkg.sv(4): Using implicit +incdir+/opt/questasim/questasim/uvm-1.1d/../verilog_src/uvm-1.1d/src from import uvm_pkg
# -- Importing package csr_item_pkg
# -- Importing package shared_pkg
# 
# Top level modules:
# 	--none--
# QuestaSim vlog 2021.2_1 Compiler 2021.05 May 15 2021
# -- Compiling package csr_predictor_pkg
# -- Importing package mtiUvm.uvm_pkg (uvm-1.1d Built-in)
# ** Note: (vlog-2286) ../../Verification/CSR/csr_predictor_pkg.sv(15): Using implicit +incdir+/opt/questasim/questasim/uvm-1.1d/../verilog_src/uvm-1.1d/src from import uvm_pkg
# -- Importing package shared_pkg
# -- Importing package csr_item_pkg
# 
# Top level modules:
# 	--none--
# QuestaSim vlog 2021.2_1 Compiler 2021.05 May 15 2021
# -- Compiling package csr_env_pkg
# -- Importing package mtiUvm.uvm_pkg (uvm-1.1d Built-in)
# ** Note: (vlog-2286) ../../Verification/CSR/csr_env_pkg.sv(4): Using implicit +incdir+/opt/questasim/questasim/uvm-1.1d/../verilog_src/uvm-1.1d/src from import uvm_pkg
# -- Importing package csr_agent_pkg
# -- Importing package csr_driver_pkg
# -- Importing package csr_item_pkg
# -- Importing package shared_pkg
# -- Importing package csr_monitor_pkg
# -- Importing package csr_config_pkg
# -- Importing package csr_scoreboard_pkg
# -- Importing package csr_subscriber_pkg
# -- Importing package csr_predictor_pkg
# 
# Top level modules:
# 	--none--
# QuestaSim vlog 2021.2_1 Compiler 2021.05 May 15 2021
# -- Compiling package csr_test_pkg
# -- Importing package mtiUvm.uvm_pkg (uvm-1.1d Built-in)
# ** Note: (vlog-2286) ../../Verification/CSR/csr_test_pkg.sv(3): Using implicit +incdir+/opt/questasim/questasim/uvm-1.1d/../verilog_src/uvm-1.1d/src from import uvm_pkg
# -- Importing package csr_env_pkg
# -- Importing package csr_agent_pkg
# -- Importing package csr_driver_pkg
# -- Importing package csr_item_pkg
# -- Importing package shared_pkg
# -- Importing package csr_monitor_pkg
# -- Importing package csr_config_pkg
# -- Importing package csr_scoreboard_pkg
# -- Importing package csr_subscriber_pkg
# -- Importing package csr_predictor_pkg
# -- Importing package csr_seq_pkg
# 
# Top level modules:
# 	--none--
# QuestaSim vlog 2021.2_1 Compiler 2021.05 May 15 2021
# -- Compiling package csr_interface_sv_unit
# -- Importing package shared_pkg
# -- Importing package csr_item_pkg
# -- Importing package mtiUvm.uvm_pkg (uvm-1.1d Built-in)
# -- Compiling interface csr_interface
# 
# Top level modules:
# 	--none--
# QuestaSim vlog 2021.2_1 Compiler 2021.05 May 15 2021
# -- Compiling module csr_top
# -- Importing package mtiUvm.uvm_pkg (uvm-1.1d Built-in)
# ** Note: (vlog-2286) ../../Verification/CSR/csr_top.sv(9): Using implicit +incdir+/opt/questasim/questasim/uvm-1.1d/../verilog_src/uvm-1.1d/src from import uvm_pkg
# -- Importing package csr_test_pkg
# -- Importing package csr_env_pkg
# -- Importing package csr_agent_pkg
# -- Importing package csr_driver_pkg
# -- Importing package csr_item_pkg
# -- Importing package shared_pkg
# -- Importing package csr_monitor_pkg
# -- Importing package csr_config_pkg
# -- Importing package csr_scoreboard_pkg
# -- Importing package csr_subscriber_pkg
# -- Importing package csr_predictor_pkg
# -- Importing package csr_seq_pkg
# 
# Top level modules:
# 	csr_top
# Compiling Execute verification...
# QuestaSim vlog 2021.2_1 Compiler 2021.05 May 15 2021
# -- Compiling package execute_item_pkg
# -- Importing package mtiUvm.uvm_pkg (uvm-1.1d Built-in)
# ** Note: (vlog-2286) ../../Verification/Execute/execute_item_pkg.sv(9): Using implicit +incdir+/opt/questasim/questasim/uvm-1.1d/../verilog_src/uvm-1.1d/src from import uvm_pkg
# -- Importing package shared_pkg
# ** Warning: ../../Verification/Execute/execute_item_pkg.sv(177): (vlog-2643) Unterminated string literal continues onto next line.
# 
# Top level modules:
# 	--none--
# QuestaSim vlog 2021.2_1 Compiler 2021.05 May 15 2021
# -- Compiling package execute_config_pkg
# -- Importing package mtiUvm.uvm_pkg (uvm-1.1d Built-in)
# ** Note: (vlog-2286) ../../Verification/Execute/execute_config_pkg.sv(4): Using implicit +incdir+/opt/questasim/questasim/uvm-1.1d/../verilog_src/uvm-1.1d/src from import uvm_pkg
# 
# Top level modules:
# 	--none--
# QuestaSim vlog 2021.2_1 Compiler 2021.05 May 15 2021
# -- Compiling package execute_driver_pkg
# -- Importing package mtiUvm.uvm_pkg (uvm-1.1d Built-in)
# ** Note: (vlog-2286) ../../Verification/Execute/execute_driver_pkg.sv(4): Using implicit +incdir+/opt/questasim/questasim/uvm-1.1d/../verilog_src/uvm-1.1d/src from import uvm_pkg
# -- Importing package execute_item_pkg
# -- Importing package shared_pkg
# 
# Top level modules:
# 	--none--
# QuestaSim vlog 2021.2_1 Compiler 2021.05 May 15 2021
# -- Compiling package execute_monitor_pkg
# -- Importing package mtiUvm.uvm_pkg (uvm-1.1d Built-in)
# ** Note: (vlog-2286) ../../Verification/Execute/execute_monitor_pkg.sv(4): Using implicit +incdir+/opt/questasim/questasim/uvm-1.1d/../verilog_src/uvm-1.1d/src from import uvm_pkg
# -- Importing package execute_item_pkg
# -- Importing package shared_pkg
# 
# Top level modules:
# 	--none--
# QuestaSim vlog 2021.2_1 Compiler 2021.05 May 15 2021
# -- Compiling package execute_seq_pkg
# -- Importing package mtiUvm.uvm_pkg (uvm-1.1d Built-in)
# ** Note: (vlog-2286) ../../Verification/Execute/execute_seq_pkg.sv(4): Using implicit +incdir+/opt/questasim/questasim/uvm-1.1d/../verilog_src/uvm-1.1d/src from import uvm_pkg
# -- Importing package shared_pkg
# -- Importing package execute_item_pkg
# 
# Top level modules:
# 	--none--
# QuestaSim vlog 2021.2_1 Compiler 2021.05 May 15 2021
# -- Compiling package execute_agent_pkg
# -- Importing package mtiUvm.uvm_pkg (uvm-1.1d Built-in)
# ** Note: (vlog-2286) ../../Verification/Execute/execute_agent_pkg.sv(4): Using implicit +incdir+/opt/questasim/questasim/uvm-1.1d/../verilog_src/uvm-1.1d/src from import uvm_pkg
# -- Importing package execute_driver_pkg
# -- Importing package execute_item_pkg
# -- Importing package shared_pkg
# -- Importing package execute_monitor_pkg
# -- Importing package execute_config_pkg
# 
# Top level modules:
# 	--none--
# QuestaSim vlog 2021.2_1 Compiler 2021.05 May 15 2021
# -- Compiling package execute_scoreboard_pkg
# -- Importing package mtiUvm.uvm_pkg (uvm-1.1d Built-in)
# ** Note: (vlog-2286) ../../Verification/Execute/execute_scoreboard_pkg.sv(10): Using implicit +incdir+/opt/questasim/questasim/uvm-1.1d/../verilog_src/uvm-1.1d/src from import uvm_pkg
# -- Importing package shared_pkg
# -- Importing package execute_item_pkg
# 
# Top level modules:
# 	--none--
# QuestaSim vlog 2021.2_1 Compiler 2021.05 May 15 2021
# -- Compiling package execute_subscriber_pkg
# -- Importing package mtiUvm.uvm_pkg (uvm-1.1d Built-in)
# ** Note: (vlog-2286) ../../Verification/Execute/execute_subscriber_pkg.sv(4): Using implicit +incdir+/opt/questasim/questasim/uvm-1.1d/../verilog_src/uvm-1.1d/src from import uvm_pkg
# -- Importing package execute_item_pkg
# -- Importing package shared_pkg
# 
# Top level modules:
# 	--none--
# QuestaSim vlog 2021.2_1 Compiler 2021.05 May 15 2021
# -- Compiling package execute_predictor_pkg
# -- Importing package mtiUvm.uvm_pkg (uvm-1.1d Built-in)
# ** Note: (vlog-2286) ../../Verification/Execute/execute_predictor_pkg.sv(29): Using implicit +incdir+/opt/questasim/questasim/uvm-1.1d/../verilog_src/uvm-1.1d/src from import uvm_pkg
# -- Importing package shared_pkg
# -- Importing package execute_item_pkg
# 
# Top level modules:
# 	--none--
# QuestaSim vlog 2021.2_1 Compiler 2021.05 May 15 2021
# -- Compiling package execute_env_pkg
# -- Importing package mtiUvm.uvm_pkg (uvm-1.1d Built-in)
# ** Note: (vlog-2286) ../../Verification/Execute/execute_env_pkg.sv(5): Using implicit +incdir+/opt/questasim/questasim/uvm-1.1d/../verilog_src/uvm-1.1d/src from import uvm_pkg
# -- Importing package execute_agent_pkg
# -- Importing package execute_driver_pkg
# -- Importing package execute_item_pkg
# -- Importing package shared_pkg
# -- Importing package execute_monitor_pkg
# -- Importing package execute_config_pkg
# -- Importing package execute_scoreboard_pkg
# -- Importing package execute_subscriber_pkg
# -- Importing package execute_predictor_pkg
# -- Importing package flp_env_pkg
# -- Importing package flp_agent_pkg
# -- Importing package flp_driver_pkg
# -- Importing package flp_item_pkg
# -- Importing package flp_monitor_pkg
# -- Importing package flp_config_pkg
# -- Importing package flp_scoreboard_pkg
# -- Importing package flp_subscriber_pkg
# -- Importing package flp_predictor_pkg
# -- Importing package csr_env_pkg
# -- Importing package csr_agent_pkg
# -- Importing package csr_driver_pkg
# -- Importing package csr_item_pkg
# -- Importing package csr_monitor_pkg
# -- Importing package csr_config_pkg
# -- Importing package csr_scoreboard_pkg
# -- Importing package csr_subscriber_pkg
# -- Importing package csr_predictor_pkg
# 
# Top level modules:
# 	--none--
# QuestaSim vlog 2021.2_1 Compiler 2021.05 May 15 2021
# -- Compiling package execute_test_pkg
# -- Importing package mtiUvm.uvm_pkg (uvm-1.1d Built-in)
# ** Note: (vlog-2286) ../../Verification/Execute/execute_test_pkg.sv(3): Using implicit +incdir+/opt/questasim/questasim/uvm-1.1d/../verilog_src/uvm-1.1d/src from import uvm_pkg
# -- Importing package execute_env_pkg
# -- Importing package execute_agent_pkg
# -- Importing package execute_driver_pkg
# -- Importing package execute_item_pkg
# -- Importing package shared_pkg
# -- Importing package execute_monitor_pkg
# -- Importing package execute_config_pkg
# -- Importing package execute_scoreboard_pkg
# -- Importing package execute_subscriber_pkg
# -- Importing package execute_predictor_pkg
# -- Importing package flp_env_pkg
# -- Importing package flp_agent_pkg
# -- Importing package flp_driver_pkg
# -- Importing package flp_item_pkg
# -- Importing package flp_monitor_pkg
# -- Importing package flp_config_pkg
# -- Importing package flp_scoreboard_pkg
# -- Importing package flp_subscriber_pkg
# -- Importing package flp_predictor_pkg
# -- Importing package csr_env_pkg
# -- Importing package csr_agent_pkg
# -- Importing package csr_driver_pkg
# -- Importing package csr_item_pkg
# -- Importing package csr_monitor_pkg
# -- Importing package csr_config_pkg
# -- Importing package csr_scoreboard_pkg
# -- Importing package csr_subscriber_pkg
# -- Importing package csr_predictor_pkg
# -- Importing package execute_seq_pkg
# 
# Top level modules:
# 	--none--
# QuestaSim vlog 2021.2_1 Compiler 2021.05 May 15 2021
# -- Compiling package execute_interface_sv_unit
# -- Importing package shared_pkg
# -- Importing package execute_item_pkg
# -- Importing package mtiUvm.uvm_pkg (uvm-1.1d Built-in)
# -- Compiling interface execute_interface
# 
# Top level modules:
# 	--none--
# QuestaSim vlog 2021.2_1 Compiler 2021.05 May 15 2021
# -- Compiling module execute_top
# -- Importing package mtiUvm.uvm_pkg (uvm-1.1d Built-in)
# ** Note: (vlog-2286) ../../Verification/Execute/execute_top.sv(9): Using implicit +incdir+/opt/questasim/questasim/uvm-1.1d/../verilog_src/uvm-1.1d/src from import uvm_pkg
# -- Importing package execute_test_pkg
# -- Importing package execute_env_pkg
# -- Importing package execute_agent_pkg
# -- Importing package execute_driver_pkg
# -- Importing package execute_item_pkg
# -- Importing package shared_pkg
# -- Importing package execute_monitor_pkg
# -- Importing package execute_config_pkg
# -- Importing package execute_scoreboard_pkg
# -- Importing package execute_subscriber_pkg
# -- Importing package execute_predictor_pkg
# -- Importing package flp_env_pkg
# -- Importing package flp_agent_pkg
# -- Importing package flp_driver_pkg
# -- Importing package flp_item_pkg
# -- Importing package flp_monitor_pkg
# -- Importing package flp_config_pkg
# -- Importing package flp_scoreboard_pkg
# -- Importing package flp_subscriber_pkg
# -- Importing package flp_predictor_pkg
# -- Importing package csr_env_pkg
# -- Importing package csr_agent_pkg
# -- Importing package csr_driver_pkg
# -- Importing package csr_item_pkg
# -- Importing package csr_monitor_pkg
# -- Importing package csr_config_pkg
# -- Importing package csr_scoreboard_pkg
# -- Importing package csr_subscriber_pkg
# -- Importing package csr_predictor_pkg
# -- Importing package execute_seq_pkg
# 
# Top level modules:
# 	execute_top
# Compiling Memory verification...
# QuestaSim vlog 2021.2_1 Compiler 2021.05 May 15 2021
# -- Compiling package mem_item_pkg
# -- Importing package mtiUvm.uvm_pkg (uvm-1.1d Built-in)
# ** Note: (vlog-2286) ../../Verification/Memory/mem_item_pkg.sv(9): Using implicit +incdir+/opt/questasim/questasim/uvm-1.1d/../verilog_src/uvm-1.1d/src from import uvm_pkg
# -- Importing package shared_pkg
# ** Warning: ../../Verification/Memory/mem_item_pkg.sv(92): (vlog-2643) Unterminated string literal continues onto next line.
# 
# Top level modules:
# 	--none--
# QuestaSim vlog 2021.2_1 Compiler 2021.05 May 15 2021
# -- Compiling package mem_config_pkg
# -- Importing package mtiUvm.uvm_pkg (uvm-1.1d Built-in)
# ** Note: (vlog-2286) ../../Verification/Memory/mem_config_pkg.sv(4): Using implicit +incdir+/opt/questasim/questasim/uvm-1.1d/../verilog_src/uvm-1.1d/src from import uvm_pkg
# 
# Top level modules:
# 	--none--
# QuestaSim vlog 2021.2_1 Compiler 2021.05 May 15 2021
# -- Compiling package mem_driver_pkg
# -- Importing package mtiUvm.uvm_pkg (uvm-1.1d Built-in)
# ** Note: (vlog-2286) ../../Verification/Memory/mem_driver_pkg.sv(4): Using implicit +incdir+/opt/questasim/questasim/uvm-1.1d/../verilog_src/uvm-1.1d/src from import uvm_pkg
# -- Importing package mem_item_pkg
# -- Importing package shared_pkg
# 
# Top level modules:
# 	--none--
# QuestaSim vlog 2021.2_1 Compiler 2021.05 May 15 2021
# -- Compiling package mem_monitor_pkg
# -- Importing package mtiUvm.uvm_pkg (uvm-1.1d Built-in)
# ** Note: (vlog-2286) ../../Verification/Memory/mem_monitor_pkg.sv(4): Using implicit +incdir+/opt/questasim/questasim/uvm-1.1d/../verilog_src/uvm-1.1d/src from import uvm_pkg
# -- Importing package mem_item_pkg
# -- Importing package shared_pkg
# 
# Top level modules:
# 	--none--
# QuestaSim vlog 2021.2_1 Compiler 2021.05 May 15 2021
# -- Compiling package mem_seq_pkg
# -- Importing package mtiUvm.uvm_pkg (uvm-1.1d Built-in)
# ** Note: (vlog-2286) ../../Verification/Memory/mem_seq_pkg.sv(4): Using implicit +incdir+/opt/questasim/questasim/uvm-1.1d/../verilog_src/uvm-1.1d/src from import uvm_pkg
# -- Importing package shared_pkg
# -- Importing package mem_item_pkg
# 
# Top level modules:
# 	--none--
# QuestaSim vlog 2021.2_1 Compiler 2021.05 May 15 2021
# -- Compiling package mem_agent_pkg
# -- Importing package mtiUvm.uvm_pkg (uvm-1.1d Built-in)
# ** Note: (vlog-2286) ../../Verification/Memory/mem_agent_pkg.sv(4): Using implicit +incdir+/opt/questasim/questasim/uvm-1.1d/../verilog_src/uvm-1.1d/src from import uvm_pkg
# -- Importing package mem_driver_pkg
# -- Importing package mem_item_pkg
# -- Importing package shared_pkg
# -- Importing package mem_monitor_pkg
# -- Importing package mem_config_pkg
# 
# Top level modules:
# 	--none--
# QuestaSim vlog 2021.2_1 Compiler 2021.05 May 15 2021
# -- Compiling package mem_scoreboard_pkg
# -- Importing package mtiUvm.uvm_pkg (uvm-1.1d Built-in)
# ** Note: (vlog-2286) ../../Verification/Memory/mem_scoreboard_pkg.sv(20): Using implicit +incdir+/opt/questasim/questasim/uvm-1.1d/../verilog_src/uvm-1.1d/src from import uvm_pkg
# -- Importing package shared_pkg
# -- Importing package mem_item_pkg
# 
# Top level modules:
# 	--none--
# QuestaSim vlog 2021.2_1 Compiler 2021.05 May 15 2021
# -- Compiling package mem_subscriber_pkg
# -- Importing package mtiUvm.uvm_pkg (uvm-1.1d Built-in)
# ** Note: (vlog-2286) ../../Verification/Memory/mem_subscriber_pkg.sv(4): Using implicit +incdir+/opt/questasim/questasim/uvm-1.1d/../verilog_src/uvm-1.1d/src from import uvm_pkg
# -- Importing package mem_item_pkg
# -- Importing package shared_pkg
# 
# Top level modules:
# 	--none--
# QuestaSim vlog 2021.2_1 Compiler 2021.05 May 15 2021
# -- Compiling package mem_predictor_pkg
# -- Importing package mtiUvm.uvm_pkg (uvm-1.1d Built-in)
# ** Note: (vlog-2286) ../../Verification/Memory/mem_predictor_pkg.sv(31): Using implicit +incdir+/opt/questasim/questasim/uvm-1.1d/../verilog_src/uvm-1.1d/src from import uvm_pkg
# -- Importing package shared_pkg
# -- Importing package mem_item_pkg
# 
# Top level modules:
# 	--none--
# QuestaSim vlog 2021.2_1 Compiler 2021.05 May 15 2021
# -- Compiling package mem_env_pkg
# -- Importing package mtiUvm.uvm_pkg (uvm-1.1d Built-in)
# ** Note: (vlog-2286) ../../Verification/Memory/mem_env_pkg.sv(5): Using implicit +incdir+/opt/questasim/questasim/uvm-1.1d/../verilog_src/uvm-1.1d/src from import uvm_pkg
# -- Importing package mem_agent_pkg
# -- Importing package mem_driver_pkg
# -- Importing package mem_item_pkg
# -- Importing package shared_pkg
# -- Importing package mem_monitor_pkg
# -- Importing package mem_config_pkg
# -- Importing package mem_scoreboard_pkg
# -- Importing package mem_subscriber_pkg
# -- Importing package mem_predictor_pkg
# 
# Top level modules:
# 	--none--
# QuestaSim vlog 2021.2_1 Compiler 2021.05 May 15 2021
# -- Compiling package mem_test_pkg
# -- Importing package mtiUvm.uvm_pkg (uvm-1.1d Built-in)
# ** Note: (vlog-2286) ../../Verification/Memory/mem_test_pkg.sv(3): Using implicit +incdir+/opt/questasim/questasim/uvm-1.1d/../verilog_src/uvm-1.1d/src from import uvm_pkg
# -- Importing package mem_env_pkg
# -- Importing package mem_agent_pkg
# -- Importing package mem_driver_pkg
# -- Importing package mem_item_pkg
# -- Importing package shared_pkg
# -- Importing package mem_monitor_pkg
# -- Importing package mem_config_pkg
# -- Importing package mem_scoreboard_pkg
# -- Importing package mem_subscriber_pkg
# -- Importing package mem_predictor_pkg
# -- Importing package mem_seq_pkg
# 
# Top level modules:
# 	--none--
# QuestaSim vlog 2021.2_1 Compiler 2021.05 May 15 2021
# -- Compiling package mem_interface_sv_unit
# -- Importing package shared_pkg
# -- Importing package mem_item_pkg
# -- Importing package mtiUvm.uvm_pkg (uvm-1.1d Built-in)
# -- Compiling interface mem_interface
# 
# Top level modules:
# 	--none--
# QuestaSim vlog 2021.2_1 Compiler 2021.05 May 15 2021
# -- Compiling module mem_top
# -- Importing package mtiUvm.uvm_pkg (uvm-1.1d Built-in)
# ** Note: (vlog-2286) ../../Verification/Memory/mem_top.sv(18): Using implicit +incdir+/opt/questasim/questasim/uvm-1.1d/../verilog_src/uvm-1.1d/src from import uvm_pkg
# -- Importing package shared_pkg
# -- Importing package mem_test_pkg
# -- Importing package mem_env_pkg
# -- Importing package mem_agent_pkg
# -- Importing package mem_driver_pkg
# -- Importing package mem_item_pkg
# -- Importing package mem_monitor_pkg
# -- Importing package mem_config_pkg
# -- Importing package mem_scoreboard_pkg
# -- Importing package mem_subscriber_pkg
# -- Importing package mem_predictor_pkg
# -- Importing package mem_seq_pkg
# 
# Top level modules:
# 	mem_top
# Compiling WriteBack verification...
# QuestaSim vlog 2021.2_1 Compiler 2021.05 May 15 2021
# -- Compiling package writeback_item_pkg
# -- Importing package mtiUvm.uvm_pkg (uvm-1.1d Built-in)
# ** Note: (vlog-2286) ../../Verification/WriteBack/writeback_item_pkg.sv(9): Using implicit +incdir+/opt/questasim/questasim/uvm-1.1d/../verilog_src/uvm-1.1d/src from import uvm_pkg
# -- Importing package shared_pkg
# ** Warning: ../../Verification/WriteBack/writeback_item_pkg.sv(50): (vlog-2643) Unterminated string literal continues onto next line.
# 
# Top level modules:
# 	--none--
# QuestaSim vlog 2021.2_1 Compiler 2021.05 May 15 2021
# -- Compiling package writeback_config_pkg
# -- Importing package mtiUvm.uvm_pkg (uvm-1.1d Built-in)
# ** Note: (vlog-2286) ../../Verification/WriteBack/writeback_config_pkg.sv(4): Using implicit +incdir+/opt/questasim/questasim/uvm-1.1d/../verilog_src/uvm-1.1d/src from import uvm_pkg
# 
# Top level modules:
# 	--none--
# QuestaSim vlog 2021.2_1 Compiler 2021.05 May 15 2021
# -- Compiling package writeback_driver_pkg
# -- Importing package mtiUvm.uvm_pkg (uvm-1.1d Built-in)
# ** Note: (vlog-2286) ../../Verification/WriteBack/writeback_driver_pkg.sv(4): Using implicit +incdir+/opt/questasim/questasim/uvm-1.1d/../verilog_src/uvm-1.1d/src from import uvm_pkg
# -- Importing package writeback_item_pkg
# -- Importing package shared_pkg
# 
# Top level modules:
# 	--none--
# QuestaSim vlog 2021.2_1 Compiler 2021.05 May 15 2021
# -- Compiling package writeback_monitor_pkg
# -- Importing package mtiUvm.uvm_pkg (uvm-1.1d Built-in)
# ** Note: (vlog-2286) ../../Verification/WriteBack/writeback_monitor_pkg.sv(4): Using implicit +incdir+/opt/questasim/questasim/uvm-1.1d/../verilog_src/uvm-1.1d/src from import uvm_pkg
# -- Importing package writeback_item_pkg
# -- Importing package shared_pkg
# 
# Top level modules:
# 	--none--
# QuestaSim vlog 2021.2_1 Compiler 2021.05 May 15 2021
# -- Compiling package writeback_seq_pkg
# -- Importing package mtiUvm.uvm_pkg (uvm-1.1d Built-in)
# ** Note: (vlog-2286) ../../Verification/WriteBack/writeback_seq_pkg.sv(4): Using implicit +incdir+/opt/questasim/questasim/uvm-1.1d/../verilog_src/uvm-1.1d/src from import uvm_pkg
# -- Importing package shared_pkg
# -- Importing package writeback_item_pkg
# 
# Top level modules:
# 	--none--
# QuestaSim vlog 2021.2_1 Compiler 2021.05 May 15 2021
# -- Compiling package writeback_agent_pkg
# -- Importing package mtiUvm.uvm_pkg (uvm-1.1d Built-in)
# ** Note: (vlog-2286) ../../Verification/WriteBack/writeback_agent_pkg.sv(4): Using implicit +incdir+/opt/questasim/questasim/uvm-1.1d/../verilog_src/uvm-1.1d/src from import uvm_pkg
# -- Importing package writeback_driver_pkg
# -- Importing package writeback_item_pkg
# -- Importing package shared_pkg
# -- Importing package writeback_monitor_pkg
# -- Importing package writeback_config_pkg
# 
# Top level modules:
# 	--none--
# QuestaSim vlog 2021.2_1 Compiler 2021.05 May 15 2021
# -- Compiling package writeback_scoreboard_pkg
# -- Importing package mtiUvm.uvm_pkg (uvm-1.1d Built-in)
# ** Note: (vlog-2286) ../../Verification/WriteBack/writeback_scoreboard_pkg.sv(17): Using implicit +incdir+/opt/questasim/questasim/uvm-1.1d/../verilog_src/uvm-1.1d/src from import uvm_pkg
# -- Importing package shared_pkg
# -- Importing package writeback_item_pkg
# 
# Top level modules:
# 	--none--
# QuestaSim vlog 2021.2_1 Compiler 2021.05 May 15 2021
# -- Compiling package writeback_subscriber_pkg
# -- Importing package mtiUvm.uvm_pkg (uvm-1.1d Built-in)
# ** Note: (vlog-2286) ../../Verification/WriteBack/writeback_subscriber_pkg.sv(4): Using implicit +incdir+/opt/questasim/questasim/uvm-1.1d/../verilog_src/uvm-1.1d/src from import uvm_pkg
# -- Importing package writeback_item_pkg
# -- Importing package shared_pkg
# 
# Top level modules:
# 	--none--
# QuestaSim vlog 2021.2_1 Compiler 2021.05 May 15 2021
# -- Compiling package writeback_predictor_pkg
# -- Importing package mtiUvm.uvm_pkg (uvm-1.1d Built-in)
# ** Note: (vlog-2286) ../../Verification/WriteBack/writeback_predictor_pkg.sv(25): Using implicit +incdir+/opt/questasim/questasim/uvm-1.1d/../verilog_src/uvm-1.1d/src from import uvm_pkg
# -- Importing package shared_pkg
# -- Importing package writeback_item_pkg
# 
# Top level modules:
# 	--none--
# QuestaSim vlog 2021.2_1 Compiler 2021.05 May 15 2021
# -- Compiling package writeback_env_pkg
# -- Importing package mtiUvm.uvm_pkg (uvm-1.1d Built-in)
# ** Note: (vlog-2286) ../../Verification/WriteBack/writeback_env_pkg.sv(10): Using implicit +incdir+/opt/questasim/questasim/uvm-1.1d/../verilog_src/uvm-1.1d/src from import uvm_pkg
# -- Importing package writeback_agent_pkg
# -- Importing package writeback_driver_pkg
# -- Importing package writeback_item_pkg
# -- Importing package shared_pkg
# -- Importing package writeback_monitor_pkg
# -- Importing package writeback_config_pkg
# -- Importing package writeback_scoreboard_pkg
# -- Importing package writeback_subscriber_pkg
# -- Importing package writeback_predictor_pkg
# 
# Top level modules:
# 	--none--
# QuestaSim vlog 2021.2_1 Compiler 2021.05 May 15 2021
# -- Compiling package writeback_test_pkg
# -- Importing package mtiUvm.uvm_pkg (uvm-1.1d Built-in)
# ** Note: (vlog-2286) ../../Verification/WriteBack/writeback_test_pkg.sv(3): Using implicit +incdir+/opt/questasim/questasim/uvm-1.1d/../verilog_src/uvm-1.1d/src from import uvm_pkg
# -- Importing package writeback_env_pkg
# -- Importing package writeback_agent_pkg
# -- Importing package writeback_driver_pkg
# -- Importing package writeback_item_pkg
# -- Importing package shared_pkg
# -- Importing package writeback_monitor_pkg
# -- Importing package writeback_config_pkg
# -- Importing package writeback_scoreboard_pkg
# -- Importing package writeback_subscriber_pkg
# -- Importing package writeback_predictor_pkg
# -- Importing package writeback_seq_pkg
# 
# Top level modules:
# 	--none--
# QuestaSim vlog 2021.2_1 Compiler 2021.05 May 15 2021
# -- Compiling package writeback_interface_sv_unit
# -- Importing package shared_pkg
# -- Importing package writeback_item_pkg
# -- Importing package mtiUvm.uvm_pkg (uvm-1.1d Built-in)
# -- Compiling interface writeback_interface
# 
# Top level modules:
# 	--none--
# QuestaSim vlog 2021.2_1 Compiler 2021.05 May 15 2021
# -- Compiling module writeback_top
# -- Importing package mtiUvm.uvm_pkg (uvm-1.1d Built-in)
# ** Note: (vlog-2286) ../../Verification/WriteBack/writeback_top.sv(9): Using implicit +incdir+/opt/questasim/questasim/uvm-1.1d/../verilog_src/uvm-1.1d/src from import uvm_pkg
# -- Importing package shared_pkg
# -- Importing package writeback_test_pkg
# -- Importing package writeback_env_pkg
# -- Importing package writeback_agent_pkg
# -- Importing package writeback_driver_pkg
# -- Importing package writeback_item_pkg
# -- Importing package writeback_monitor_pkg
# -- Importing package writeback_config_pkg
# -- Importing package writeback_scoreboard_pkg
# -- Importing package writeback_subscriber_pkg
# -- Importing package writeback_predictor_pkg
# -- Importing package writeback_seq_pkg
# 
# Top level modules:
# 	writeback_top
# Compiling Hazard verification...
# QuestaSim vlog 2021.2_1 Compiler 2021.05 May 15 2021
# -- Compiling package hazard_item_pkg
# -- Importing package mtiUvm.uvm_pkg (uvm-1.1d Built-in)
# ** Note: (vlog-2286) ../../Verification/Hazard/hazard_item_pkg.sv(9): Using implicit +incdir+/opt/questasim/questasim/uvm-1.1d/../verilog_src/uvm-1.1d/src from import uvm_pkg
# -- Importing package shared_pkg
# ** Warning: ../../Verification/Hazard/hazard_item_pkg.sv(69): (vlog-2643) Unterminated string literal continues onto next line.
# 
# Top level modules:
# 	--none--
# QuestaSim vlog 2021.2_1 Compiler 2021.05 May 15 2021
# -- Compiling package hazard_config_pkg
# -- Importing package mtiUvm.uvm_pkg (uvm-1.1d Built-in)
# ** Note: (vlog-2286) ../../Verification/Hazard/hazard_config_pkg.sv(4): Using implicit +incdir+/opt/questasim/questasim/uvm-1.1d/../verilog_src/uvm-1.1d/src from import uvm_pkg
# 
# Top level modules:
# 	--none--
# QuestaSim vlog 2021.2_1 Compiler 2021.05 May 15 2021
# -- Compiling package hazard_driver_pkg
# -- Importing package mtiUvm.uvm_pkg (uvm-1.1d Built-in)
# ** Note: (vlog-2286) ../../Verification/Hazard/hazard_driver_pkg.sv(4): Using implicit +incdir+/opt/questasim/questasim/uvm-1.1d/../verilog_src/uvm-1.1d/src from import uvm_pkg
# -- Importing package hazard_item_pkg
# -- Importing package shared_pkg
# 
# Top level modules:
# 	--none--
# QuestaSim vlog 2021.2_1 Compiler 2021.05 May 15 2021
# -- Compiling package hazard_monitor_pkg
# -- Importing package mtiUvm.uvm_pkg (uvm-1.1d Built-in)
# ** Note: (vlog-2286) ../../Verification/Hazard/hazard_monitor_pkg.sv(4): Using implicit +incdir+/opt/questasim/questasim/uvm-1.1d/../verilog_src/uvm-1.1d/src from import uvm_pkg
# -- Importing package hazard_item_pkg
# -- Importing package shared_pkg
# 
# Top level modules:
# 	--none--
# QuestaSim vlog 2021.2_1 Compiler 2021.05 May 15 2021
# -- Compiling package hazard_seq_pkg
# -- Importing package mtiUvm.uvm_pkg (uvm-1.1d Built-in)
# ** Note: (vlog-2286) ../../Verification/Hazard/hazard_seq_pkg.sv(4): Using implicit +incdir+/opt/questasim/questasim/uvm-1.1d/../verilog_src/uvm-1.1d/src from import uvm_pkg
# -- Importing package shared_pkg
# -- Importing package hazard_item_pkg
# 
# Top level modules:
# 	--none--
# QuestaSim vlog 2021.2_1 Compiler 2021.05 May 15 2021
# -- Compiling package hazard_agent_pkg
# -- Importing package mtiUvm.uvm_pkg (uvm-1.1d Built-in)
# ** Note: (vlog-2286) ../../Verification/Hazard/hazard_agent_pkg.sv(4): Using implicit +incdir+/opt/questasim/questasim/uvm-1.1d/../verilog_src/uvm-1.1d/src from import uvm_pkg
# -- Importing package hazard_driver_pkg
# -- Importing package hazard_item_pkg
# -- Importing package shared_pkg
# -- Importing package hazard_monitor_pkg
# -- Importing package hazard_config_pkg
# 
# Top level modules:
# 	--none--
# QuestaSim vlog 2021.2_1 Compiler 2021.05 May 15 2021
# -- Compiling package hazard_scoreboard_pkg
# -- Importing package mtiUvm.uvm_pkg (uvm-1.1d Built-in)
# ** Note: (vlog-2286) ../../Verification/Hazard/hazard_scoreboard_pkg.sv(19): Using implicit +incdir+/opt/questasim/questasim/uvm-1.1d/../verilog_src/uvm-1.1d/src from import uvm_pkg
# -- Importing package shared_pkg
# -- Importing package hazard_item_pkg
# 
# Top level modules:
# 	--none--
# QuestaSim vlog 2021.2_1 Compiler 2021.05 May 15 2021
# -- Compiling package hazard_subscriber_pkg
# -- Importing package mtiUvm.uvm_pkg (uvm-1.1d Built-in)
# ** Note: (vlog-2286) ../../Verification/Hazard/hazard_subscriber_pkg.sv(4): Using implicit +incdir+/opt/questasim/questasim/uvm-1.1d/../verilog_src/uvm-1.1d/src from import uvm_pkg
# -- Importing package hazard_item_pkg
# -- Importing package shared_pkg
# 
# Top level modules:
# 	--none--
# QuestaSim vlog 2021.2_1 Compiler 2021.05 May 15 2021
# -- Compiling package hazard_predictor_pkg
# -- Importing package mtiUvm.uvm_pkg (uvm-1.1d Built-in)
# ** Note: (vlog-2286) ../../Verification/Hazard/hazard_predictor_pkg.sv(25): Using implicit +incdir+/opt/questasim/questasim/uvm-1.1d/../verilog_src/uvm-1.1d/src from import uvm_pkg
# -- Importing package shared_pkg
# -- Importing package hazard_item_pkg
# 
# Top level modules:
# 	--none--
# QuestaSim vlog 2021.2_1 Compiler 2021.05 May 15 2021
# -- Compiling package hazard_env_pkg
# -- Importing package mtiUvm.uvm_pkg (uvm-1.1d Built-in)
# ** Note: (vlog-2286) ../../Verification/Hazard/hazard_env_pkg.sv(5): Using implicit +incdir+/opt/questasim/questasim/uvm-1.1d/../verilog_src/uvm-1.1d/src from import uvm_pkg
# -- Importing package hazard_agent_pkg
# -- Importing package hazard_driver_pkg
# -- Importing package hazard_item_pkg
# -- Importing package shared_pkg
# -- Importing package hazard_monitor_pkg
# -- Importing package hazard_config_pkg
# -- Importing package hazard_scoreboard_pkg
# -- Importing package hazard_subscriber_pkg
# -- Importing package hazard_predictor_pkg
# 
# Top level modules:
# 	--none--
# QuestaSim vlog 2021.2_1 Compiler 2021.05 May 15 2021
# -- Compiling package hazard_test_pkg
# -- Importing package mtiUvm.uvm_pkg (uvm-1.1d Built-in)
# ** Note: (vlog-2286) ../../Verification/Hazard/hazard_test_pkg.sv(3): Using implicit +incdir+/opt/questasim/questasim/uvm-1.1d/../verilog_src/uvm-1.1d/src from import uvm_pkg
# -- Importing package hazard_env_pkg
# -- Importing package hazard_agent_pkg
# -- Importing package hazard_driver_pkg
# -- Importing package hazard_item_pkg
# -- Importing package shared_pkg
# -- Importing package hazard_monitor_pkg
# -- Importing package hazard_config_pkg
# -- Importing package hazard_scoreboard_pkg
# -- Importing package hazard_subscriber_pkg
# -- Importing package hazard_predictor_pkg
# -- Importing package hazard_seq_pkg
# 
# Top level modules:
# 	--none--
# QuestaSim vlog 2021.2_1 Compiler 2021.05 May 15 2021
# -- Compiling package hazard_interface_sv_unit
# -- Importing package shared_pkg
# -- Importing package hazard_item_pkg
# -- Importing package mtiUvm.uvm_pkg (uvm-1.1d Built-in)
# -- Compiling interface hazard_interface
# 
# Top level modules:
# 	--none--
# QuestaSim vlog 2021.2_1 Compiler 2021.05 May 15 2021
# -- Compiling module hazard_top
# -- Importing package mtiUvm.uvm_pkg (uvm-1.1d Built-in)
# ** Note: (vlog-2286) ../../Verification/Hazard/hazard_top.sv(9): Using implicit +incdir+/opt/questasim/questasim/uvm-1.1d/../verilog_src/uvm-1.1d/src from import uvm_pkg
# -- Importing package shared_pkg
# -- Importing package hazard_test_pkg
# -- Importing package hazard_env_pkg
# -- Importing package hazard_agent_pkg
# -- Importing package hazard_driver_pkg
# -- Importing package hazard_item_pkg
# -- Importing package hazard_monitor_pkg
# -- Importing package hazard_config_pkg
# -- Importing package hazard_scoreboard_pkg
# -- Importing package hazard_subscriber_pkg
# -- Importing package hazard_predictor_pkg
# -- Importing package hazard_seq_pkg
# 
# Top level modules:
# 	hazard_top
# Compiling Risc full processor verification...
# QuestaSim vlog 2021.2_1 Compiler 2021.05 May 15 2021
# ** Note: (vlog-2286) ../../Verification/Risc/csr_wr.sv(2): Using implicit +incdir+/opt/questasim/questasim/uvm-1.1d/../verilog_src/uvm-1.1d/src from import uvm_pkg
# -- Compiling package csr_wr_sv_unit
# -- Importing package mtiUvm.uvm_pkg (uvm-1.1d Built-in)
# -- Importing package shared_pkg
# -- Compiling interface csr_wr
# 
# Top level modules:
# 	--none--
# QuestaSim vlog 2021.2_1 Compiler 2021.05 May 15 2021
# ** Note: (vlog-2286) ../../Verification/Risc/decode_wr.sv(2): Using implicit +incdir+/opt/questasim/questasim/uvm-1.1d/../verilog_src/uvm-1.1d/src from import uvm_pkg
# -- Compiling package decode_wr_sv_unit
# -- Importing package mtiUvm.uvm_pkg (uvm-1.1d Built-in)
# -- Importing package shared_pkg
# -- Compiling interface decode_wr
# 
# Top level modules:
# 	--none--
# QuestaSim vlog 2021.2_1 Compiler 2021.05 May 15 2021
# ** Note: (vlog-2286) ../../Verification/Risc/execute_wr.sv(2): Using implicit +incdir+/opt/questasim/questasim/uvm-1.1d/../verilog_src/uvm-1.1d/src from import uvm_pkg
# -- Compiling package execute_wr_sv_unit
# -- Importing package mtiUvm.uvm_pkg (uvm-1.1d Built-in)
# -- Importing package shared_pkg
# -- Compiling interface execute_wr
# 
# Top level modules:
# 	--none--
# QuestaSim vlog 2021.2_1 Compiler 2021.05 May 15 2021
# ** Note: (vlog-2286) ../../Verification/Risc/fetch_wr.sv(2): Using implicit +incdir+/opt/questasim/questasim/uvm-1.1d/../verilog_src/uvm-1.1d/src from import uvm_pkg
# -- Compiling package fetch_wr_sv_unit
# -- Importing package mtiUvm.uvm_pkg (uvm-1.1d Built-in)
# -- Importing package shared_pkg
# -- Compiling interface fetch_wr
# 
# Top level modules:
# 	--none--
# QuestaSim vlog 2021.2_1 Compiler 2021.05 May 15 2021
# ** Note: (vlog-2286) ../../Verification/Risc/flp_wr.sv(2): Using implicit +incdir+/opt/questasim/questasim/uvm-1.1d/../verilog_src/uvm-1.1d/src from import uvm_pkg
# -- Compiling package flp_wr_sv_unit
# -- Importing package mtiUvm.uvm_pkg (uvm-1.1d Built-in)
# -- Importing package shared_pkg
# -- Compiling interface flp_wr
# 
# Top level modules:
# 	--none--
# QuestaSim vlog 2021.2_1 Compiler 2021.05 May 15 2021
# ** Note: (vlog-2286) ../../Verification/Risc/hazard_wr.sv(2): Using implicit +incdir+/opt/questasim/questasim/uvm-1.1d/../verilog_src/uvm-1.1d/src from import uvm_pkg
# -- Compiling package hazard_wr_sv_unit
# -- Importing package mtiUvm.uvm_pkg (uvm-1.1d Built-in)
# -- Importing package shared_pkg
# -- Compiling interface hazard_wr
# 
# Top level modules:
# 	--none--
# QuestaSim vlog 2021.2_1 Compiler 2021.05 May 15 2021
# ** Note: (vlog-2286) ../../Verification/Risc/memory_wr.sv(2): Using implicit +incdir+/opt/questasim/questasim/uvm-1.1d/../verilog_src/uvm-1.1d/src from import uvm_pkg
# -- Compiling package memory_wr_sv_unit
# -- Importing package mtiUvm.uvm_pkg (uvm-1.1d Built-in)
# -- Importing package shared_pkg
# -- Compiling interface memory_wr
# 
# Top level modules:
# 	--none--
# QuestaSim vlog 2021.2_1 Compiler 2021.05 May 15 2021
# -- Compiling package risc_interface_sv_unit
# -- Importing package shared_pkg
# -- Compiling interface risc_interface
# 
# Top level modules:
# 	--none--
# QuestaSim vlog 2021.2_1 Compiler 2021.05 May 15 2021
# -- Compiling package risc_test_pkg
# -- Importing package mtiUvm.uvm_pkg (uvm-1.1d Built-in)
# ** Note: (vlog-2286) ../../Verification/Risc/risc_test_pkg.sv(4): Using implicit +incdir+/opt/questasim/questasim/uvm-1.1d/../verilog_src/uvm-1.1d/src from import uvm_pkg
# -- Importing package shared_pkg
# -- Importing package fetch_config_pkg
# -- Importing package fetch_env_pkg
# -- Importing package fetch_agent_pkg
# -- Importing package fetch_driver_pkg
# -- Importing package fetch_item_pkg
# -- Importing package fetch_monitor_pkg
# -- Importing package fetch_scoreboard_pkg
# -- Importing package fetch_subscriber_pkg
# -- Importing package fetch_predictor_pkg
# -- Importing package mem_config_pkg
# -- Importing package mem_env_pkg
# -- Importing package mem_agent_pkg
# -- Importing package mem_driver_pkg
# -- Importing package mem_item_pkg
# -- Importing package mem_monitor_pkg
# -- Importing package mem_scoreboard_pkg
# -- Importing package mem_subscriber_pkg
# -- Importing package mem_predictor_pkg
# -- Importing package decode_config_pkg
# -- Importing package decode_env_pkg
# -- Importing package decode_agent_pkg
# -- Importing package decode_driver_pkg
# -- Importing package decode_item_pkg
# -- Importing package decode_monitor_pkg
# -- Importing package decode_scoreboard_pkg
# -- Importing package decode_subscriber_pkg
# -- Importing package decode_predictor_pkg
# -- Importing package execute_config_pkg
# -- Importing package execute_env_pkg
# -- Importing package execute_agent_pkg
# -- Importing package execute_driver_pkg
# -- Importing package execute_item_pkg
# -- Importing package execute_monitor_pkg
# -- Importing package execute_scoreboard_pkg
# -- Importing package execute_subscriber_pkg
# -- Importing package execute_predictor_pkg
# -- Importing package flp_env_pkg
# -- Importing package flp_agent_pkg
# -- Importing package flp_driver_pkg
# -- Importing package flp_item_pkg
# -- Importing package flp_monitor_pkg
# -- Importing package flp_config_pkg
# -- Importing package flp_scoreboard_pkg
# -- Importing package flp_subscriber_pkg
# -- Importing package flp_predictor_pkg
# -- Importing package csr_env_pkg
# -- Importing package csr_agent_pkg
# -- Importing package csr_driver_pkg
# -- Importing package csr_item_pkg
# -- Importing package csr_monitor_pkg
# -- Importing package csr_config_pkg
# -- Importing package csr_scoreboard_pkg
# -- Importing package csr_subscriber_pkg
# -- Importing package csr_predictor_pkg
# -- Importing package writeback_config_pkg
# -- Importing package writeback_env_pkg
# -- Importing package writeback_agent_pkg
# -- Importing package writeback_driver_pkg
# -- Importing package writeback_item_pkg
# -- Importing package writeback_monitor_pkg
# -- Importing package writeback_scoreboard_pkg
# -- Importing package writeback_subscriber_pkg
# -- Importing package writeback_predictor_pkg
# -- Importing package hazard_config_pkg
# -- Importing package hazard_env_pkg
# -- Importing package hazard_agent_pkg
# -- Importing package hazard_driver_pkg
# -- Importing package hazard_item_pkg
# -- Importing package hazard_monitor_pkg
# -- Importing package hazard_scoreboard_pkg
# -- Importing package hazard_subscriber_pkg
# -- Importing package hazard_predictor_pkg
# 
# Top level modules:
# 	--none--
# QuestaSim vlog 2021.2_1 Compiler 2021.05 May 15 2021
# -- Compiling module risc_top
# -- Importing package mtiUvm.uvm_pkg (uvm-1.1d Built-in)
# ** Note: (vlog-2286) ../../Verification/Risc/risc_top.sv(9): Using implicit +incdir+/opt/questasim/questasim/uvm-1.1d/../verilog_src/uvm-1.1d/src from import uvm_pkg
# -- Importing package shared_pkg
# -- Importing package risc_test_pkg
# -- Importing package fetch_config_pkg
# -- Importing package fetch_env_pkg
# -- Importing package fetch_agent_pkg
# -- Importing package fetch_driver_pkg
# -- Importing package fetch_item_pkg
# -- Importing package fetch_monitor_pkg
# -- Importing package fetch_scoreboard_pkg
# -- Importing package fetch_subscriber_pkg
# -- Importing package fetch_predictor_pkg
# -- Importing package mem_config_pkg
# -- Importing package mem_env_pkg
# -- Importing package mem_agent_pkg
# -- Importing package mem_driver_pkg
# -- Importing package mem_item_pkg
# -- Importing package mem_monitor_pkg
# -- Importing package mem_scoreboard_pkg
# -- Importing package mem_subscriber_pkg
# -- Importing package mem_predictor_pkg
# -- Importing package decode_config_pkg
# -- Importing package decode_env_pkg
# -- Importing package decode_agent_pkg
# -- Importing package decode_driver_pkg
# -- Importing package decode_item_pkg
# -- Importing package decode_monitor_pkg
# -- Importing package decode_scoreboard_pkg
# -- Importing package decode_subscriber_pkg
# -- Importing package decode_predictor_pkg
# -- Importing package execute_config_pkg
# -- Importing package execute_env_pkg
# -- Importing package execute_agent_pkg
# -- Importing package execute_driver_pkg
# -- Importing package execute_item_pkg
# -- Importing package execute_monitor_pkg
# -- Importing package execute_scoreboard_pkg
# -- Importing package execute_subscriber_pkg
# -- Importing package execute_predictor_pkg
# -- Importing package flp_env_pkg
# -- Importing package flp_agent_pkg
# -- Importing package flp_driver_pkg
# -- Importing package flp_item_pkg
# -- Importing package flp_monitor_pkg
# -- Importing package flp_config_pkg
# -- Importing package flp_scoreboard_pkg
# -- Importing package flp_subscriber_pkg
# -- Importing package flp_predictor_pkg
# -- Importing package csr_env_pkg
# -- Importing package csr_agent_pkg
# -- Importing package csr_driver_pkg
# -- Importing package csr_item_pkg
# -- Importing package csr_monitor_pkg
# -- Importing package csr_config_pkg
# -- Importing package csr_scoreboard_pkg
# -- Importing package csr_subscriber_pkg
# -- Importing package csr_predictor_pkg
# -- Importing package writeback_config_pkg
# -- Importing package writeback_env_pkg
# -- Importing package writeback_agent_pkg
# -- Importing package writeback_driver_pkg
# -- Importing package writeback_item_pkg
# -- Importing package writeback_monitor_pkg
# -- Importing package writeback_scoreboard_pkg
# -- Importing package writeback_subscriber_pkg
# -- Importing package writeback_predictor_pkg
# -- Importing package hazard_config_pkg
# -- Importing package hazard_env_pkg
# -- Importing package hazard_agent_pkg
# -- Importing package hazard_driver_pkg
# -- Importing package hazard_item_pkg
# -- Importing package hazard_monitor_pkg
# -- Importing package hazard_scoreboard_pkg
# -- Importing package hazard_subscriber_pkg
# -- Importing package hazard_predictor_pkg
# 
# Top level modules:
# 	risc_top
# Compiling complete!
# vsim -voptargs="+acc" csr_top "+cover" "+UVM_VERBOSITY=UVM_MEDIUM" "+UVM_MAX_QUIT_COUNT=100" 
# Start time: 22:18:21 on Jun 05,2026
# ** Note: (vsim-3813) Design is being optimized due to module recompilation...
# //  Questa Sim
# //  Version 2021.2_1 linux May 15 2021
# //
# //  Copyright 1991-2021 Mentor Graphics Corporation
# //  All Rights Reserved.
# //
# //  QuestaSim and its associated documentation contain trade
# //  secrets and commercial or financial information that are the property of
# //  Mentor Graphics Corporation and are privileged, confidential,
# //  and exempt from disclosure under the Freedom of Information Act,
# //  5 U.S.C. Section 552. Furthermore, this information
# //  is prohibited from disclosure under the Trade Secrets Act,
# //  18 U.S.C. Section 1905.
# //
# Loading sv_std.std
# Loading work.csr_interface(fast)
# Loading work.shared_pkg(fast)
# Loading mtiUvm.uvm_pkg(fast)
# Loading work.csr_item_pkg(fast)
# Loading work.csr_seq_pkg(fast)
# Loading work.csr_predictor_pkg(fast)
# Loading work.csr_subscriber_pkg(fast)
# Loading work.csr_scoreboard_pkg(fast)
# Loading work.csr_config_pkg(fast)
# Loading work.csr_monitor_pkg(fast)
# Loading work.csr_driver_pkg(fast)
# Loading work.csr_agent_pkg(fast)
# Loading work.csr_env_pkg(fast)
# Loading work.csr_test_pkg(fast)
# Loading mtiUvm.questa_uvm_pkg(fast)
# Loading work.csr_top(fast)
# Loading work.csr_interface_sv_unit(fast)
# Loading work.csr_interface(fast__2)
# Loading work.csr_file_sv_unit(fast)
# Loading work.csr_file(fast)
# Loading /opt/questasim/questasim/uvm-1.1d/linux/uvm_dpi.so
# Adding signals to waveform...
# 1
# ----------------------------------------------------------------
# UVM-1.1d
# (C) 2007-2013 Mentor Graphics Corporation
# (C) 2007-2013 Cadence Design Systems, Inc.
# (C) 2006-2013 Synopsys, Inc.
# (C) 2011-2013 Cypress Semiconductor Corp.
# ----------------------------------------------------------------
# 
#   ***********       IMPORTANT RELEASE NOTES         ************
# 
#   You are using a version of the UVM library that has been compiled
#   with `UVM_NO_DEPRECATED undefined.
#   See http://www.eda.org/svdb/view.php?id=3313 for more details.
# 
#   You are using a version of the UVM library that has been compiled
#   with `UVM_OBJECT_MUST_HAVE_CONSTRUCTOR undefined.
#   See http://www.eda.org/svdb/view.php?id=3770 for more details.
# 
#       (Specify +UVM_NO_RELNOTES to turn off this notice)
# 
# UVM_INFO verilog_src/questa_uvm_pkg-1.2/src/questa_uvm_pkg.sv(277) @ 0: reporter [Questa UVM] QUESTA_UVM-1.2.3
# UVM_INFO verilog_src/questa_uvm_pkg-1.2/src/questa_uvm_pkg.sv(278) @ 0: reporter [Questa UVM]  questa_uvm::init(+struct)
# UVM_INFO @ 0: reporter [RNTST] Running test csr_test...
# UVM_INFO @ 0: reporter [MAXQUITSET] '+UVM_MAX_QUIT_COUNT=100' provided on the command line is being applied.
# UVM_INFO @ 0: reporter [UVMTOP] UVM testbench topology:
# ------------------------------------------------------------------
# Name                       Type                        Size  Value
# ------------------------------------------------------------------
# uvm_test_top               csr_test                    -     @472 
#   env                      csr_env                     -     @485 
#     agent                  csr_agent                   -     @499 
#       drv                  csr_driver                  -     @545 
#         rsp_port           uvm_analysis_port           -     @560 
#         seq_item_port      uvm_seq_item_pull_port      -     @552 
#       mon                  csr_monitor                 -     @677 
#         mon_port           uvm_analysis_port           -     @684 
#       seq                  uvm_sequencer               -     @568 
#         rsp_export         uvm_analysis_export         -     @575 
#         seq_item_export    uvm_seq_item_pull_imp       -     @669 
#         arbitration_queue  array                       0     -    
#         lock_queue         array                       0     -    
#         num_last_reqs      integral                    32    'd1  
#         num_last_rsps      integral                    32    'd1  
#     predictor              csr_predictor               -     @528 
#       analysis_imp         uvm_analysis_imp            -     @535 
#       exp_port             uvm_analysis_port           -     @701 
#     scoreboard             csr_scoreboard              -     @506 
#       actual_fifo          uvm_tlm_analysis_fifo #(T)  -     @713 
#         analysis_export    uvm_analysis_imp            -     @752 
#         get_ap             uvm_analysis_port           -     @744 
#         get_peek_export    uvm_get_peek_imp            -     @728 
#         put_ap             uvm_analysis_port           -     @736 
#         put_export         uvm_put_imp                 -     @720 
#       expected_fifo        uvm_tlm_analysis_fifo #(T)  -     @760 
#         analysis_export    uvm_analysis_imp            -     @799 
#         get_ap             uvm_analysis_port           -     @791 
#         get_peek_export    uvm_get_peek_imp            -     @775 
#         put_ap             uvm_analysis_port           -     @783 
#         put_export         uvm_put_imp                 -     @767 
#     sub                    csr_subscriber              -     @513 
#       analysis_imp         uvm_analysis_imp            -     @520 
# ------------------------------------------------------------------
# 
# UVM_INFO verilog_src/uvm-1.1d/src/base/uvm_objection.svh(1267) @ 100035: reporter [TEST_DONE] 'run' phase is ready to proceed to the 'extract' phase
# UVM_INFO ../../Verification/CSR/csr_scoreboard_pkg.sv(64) @ 100035: uvm_test_top.env.scoreboard [SCB] CSR Scoreboard report
# UVM_INFO ../../Verification/CSR/csr_scoreboard_pkg.sv(65) @ 100035: uvm_test_top.env.scoreboard [SCB] Physical Success count = 10004
# UVM_INFO ../../Verification/CSR/csr_scoreboard_pkg.sv(66) @ 100035: uvm_test_top.env.scoreboard [SCB] Physical Fail count = 0
# 
# --- UVM Report Summary ---
# 
# Quit count :     0 of   100
# ** Report counts by severity
# UVM_INFO :    9
# UVM_WARNING :    0
# UVM_ERROR :    0
# UVM_FATAL :    0
# ** Report counts by id
# [MAXQUITSET]     1
# [Questa UVM]     2
# [RNTST]     1
# [SCB]     3
# [TEST_DONE]     1
# [UVMTOP]     1
# ** Note: $finish    : /opt/questasim/questasim/linux/../verilog_src/uvm-1.1d/src/base/uvm_root.svh(430)
#    Time: 100035 ns  Iteration: 63  Instance: /csr_top
# End time: 22:18:27 on Jun 05,2026, Elapsed time: 0:00:06
# Errors: 0, Warnings: 0
